passage_id,composer,period,work_id,movement_id,recording_id,score_path,mxl_path,audio_path,midi_path,alignment_path,annotation_path,bar_start,bar_end,score_format,alignment_format,rights_status,segment_type,annotation_type,fully_aligned,eligible_for_clamp,availability_status,composition_id,work_title,score_version_id,performance_id,alignment_id,audio_origin,alignment_granularity,alignment_method,alignment_quality,alignment_confidence,source_record_ids,source_dataset,licenses,render_recording_id,render_work_title,render_source_dataset,render_performance_kind,render_status,render_qc_notes,render_output_audio_path,render_output_bytes,render_output_sha256,render_output_duration_sec,render_output_sample_rate_hz,render_output_channels,render_peak_dbfs,render_rms_dbfs,render_manifest_alignment_id
exp_7c9887afc265,Wolfgang Amadeus Mozart,Classical,wrk_b64b2192e969,wrk_b64b2192e969,rec_016cb50c03d1,sources/ACPAS-dataset/subset_S/Mozart/366_CPM_Sonata_No.8_D_major_KV_311_2/S_1498_CPM.mid,,data/derived/rendered_audio/fluidsynth-2.5.6-musescore-general-0.2-v1/rec_016cb50c03d1.wav,sources/ACPAS-dataset/subset_S/Mozart/366_CPM_Sonata_No.8_D_major_KV_311_2/S_1498_CPM.mid,data/canonical/alignment_events.csv,,1,687,mid,cpc_canonical_beat,licensed_for_research,complete_movement,,true,true,ready,cmp_8ca33d2f8bb1,Sonata No.8 D major KV 311 2,scv_06952db7f06a,prf_2434c4da204e,aln_f6d048738d93,synthetic_rendering,beat,source_provided_beat_annotations,source_exact,1.00,src_045f791aa34c;src_91c3d5afa699;src_98e80603d674;src_9a0d69de593d;src_a80bc86a4c74;src_ba6fa42b8f67;src_f0cdabf88368,cpc-rendered,MIT;derived audio; source MIDI terms apply; SoundFont MIT;mixed,rec_016cb50c03d1,Sonata No.8 D major KV 311 2,acpas,synthetic,complete,pass,data/derived/rendered_audio/fluidsynth-2.5.6-musescore-general-0.2-v1/rec_016cb50c03d1.wav,386449708,919661bcddbc7fd482803d279abf8eca9dbd01756d0d41042d40a8087fd1175d,2012.758667,48000,2,-18.681,-47.386,aln_f6d048738d93
exp_ef601774e74f,Wolfgang Amadeus Mozart,Classical,wrk_2fa6d226fadc,wrk_2fa6d226fadc,rec_0e6b35824f89,sources/ACPAS-dataset/subset_S/Mozart/374_ASAP_Piano_Sonatas_12-1/ASAP_12-1.mid,,data/derived/rendered_audio/fluidsynth-2.5.6-musescore-general-0.2-v1/rec_0e6b35824f89.wav,sources/ACPAS-dataset/subset_S/Mozart/374_ASAP_Piano_Sonatas_12-1/ASAP_12-1.mid,data/canonical/alignment_events.csv,,1,229,mid,cpc_canonical_beat,licensed_for_research,complete_movement,,true,true,ready,cmp_adac7544dea5,Piano Sonatas 12-1,scv_7366396ee839,prf_3b93968ebfc9,aln_9ad25f58046c,synthetic_rendering,beat,source_provided_beat_annotations,source_exact,1.00,src_07c22c5396d6;src_0afebc7f4cff;src_0c94bc9a0e09;src_0d15c86aa340;src_0d5603dbe5e3;src_0fd8d55cd61b;src_15c2c8e7aaaf;src_1abf3c8199ca;src_24f037f265a0;src_2feafe77fb45;src_3161b43d12a2;src_398046b41b1f;src_39bc93a264a3;src_3ef7724dcb93;src_42c5a7472dd4;src_449c619e7b06;src_44c9e83e2d34;src_46036bca0454;src_460e23dafbfc;src_47e3eb9be6ce;src_4d473ef2028b;src_504f51622168;src_5455dc5e0fa6;src_5966c9239ca1;src_59cf516a57bf;src_6517247c666e;src_6795939e6905;src_681be5f7819e;src_6b06642a3a16;src_6d2472e2eb85;src_6d5c740f350c;src_772c8d92b1ac;src_7ad99a4a6282;src_8267604413ee;src_829ca567d246;src_8389b18fede1;src_8afeb6414517;src_8ca285a77009;src_8e75c9965045;src_91f15e348e6d;src_969c75c98765;src_98e80603d674;src_9d2daae1dc76;src_9d66394bc6b2;src_a0235c846619;src_a0ec28194667;src_a18c5fba0ec8;src_a5f6b1f808ce;src_a80bc86a4c74;src_abc1e0a78631;src_ad95a65e4d1d;src_b1d09323c87c;src_b215e701b9ef;src_b8961303feef;src_b9a375b16e03;src_be798d1d6a18;src_c049239c45e6;src_cab548b856fb;src_ce5143c5b12f;src_d17a07d367c8;src_d2adad0aa7f7;src_d44fe079d778;src_d8111c00e6a7;src_e005ca1d8e02;src_e1aeb70d3627;src_e3a1a16defb3;src_e625d38f1681;src_ea16300f0a82;src_ec60949d9db9;src_ecc096c385aa;src_f1007a97618e;src_f2ded2ea8b0d;src_f30c0b1b8b1c;src_f36c44d72230;src_f551b24ef60f;src_f665ed0359ed;src_f9e88dfd3a1f;src_fc48810e4a22;src_fcec570aa9d5;src_ffaea669dcba,cpc-rendered,CC BY-NC-SA 4.0;CC BY-NC-SA 4.0; non-commercial research and education;MIT;derived audio; source MIDI terms apply; SoundFont MIT;mixed,rec_0e6b35824f89,Piano Sonatas 12-1,acpas,synthetic,complete,pass,data/derived/rendered_audio/fluidsynth-2.5.6-musescore-general-0.2-v1/rec_0e6b35824f89.wav,53540396,f4bdcec2f88cce975db606f1e3ce3f6d3bf90131a7c795acec47341964792dbf,278.856000,48000,2,-12.696,-32.817,aln_9ad25f58046c
exp_e2771fe014bd,Wolfgang Amadeus Mozart,Classical,wrk_16208b873f55,wrk_16208b873f55,rec_0ea81f3f9389,sources/asap-dataset/Mozart/Piano_Sonatas/8-1/midi_score.mid,,data/derived/rendered_audio/fluidsynth-2.5.6-musescore-general-0.2-v1/rec_0ea81f3f9389.wav,sources/asap-dataset/Mozart/Piano_Sonatas/8-1/midi_score.mid,data/canonical/alignment_events.csv,,1,133,mid,cpc_canonical_beat,licensed_for_research,complete_movement,,true,true,ready,cmp_fef1cb83d033,Piano Sonatas 8-1,scv_f5ed897586b0,prf_01447811a173,aln_7a1cd8b3cf4c,synthetic_rendering,beat,source_provided_beat_annotations,source_exact,1.00,src_00a034d80378;src_02351c287cce;src_0959f7f0c921;src_0c5b459f3713;src_120b85d303a3;src_12ac25a9c7d0;src_133fdd89d752;src_1495fd782897;src_1736c0a3ec30;src_1bfba426e3b5;src_1f601191f854;src_20272ab6e36a;src_2030b845ba85;src_2309bfc3c6e7;src_266b4a8f2871;src_2801af45cdb9;src_311cc910ec9c;src_35dc9a227b9d;src_37bb36627b0a;src_38b76ad6d621;src_39888cae09c0;src_3bb556ce074c;src_4335e7ba518b;src_455287f24eaa;src_46ea18ccd982;src_479d2731f25a;src_4974f6228fc1;src_4bb84f052046;src_5382eb64bc78;src_55b5558dc332;src_5dc6eea1d153;src_6e4e2af83481;src_70c832462968;src_76d67f0ab033;src_8146ea358c72;src_8636358d19c6;src_901fd94d7cbe;src_93a7d93d653b;src_958e85443ca9;src_98e80603d674;src_a5055e4ad044;src_a52f8efce7e9;src_a80bc86a4c74;src_abdb8cb63de8;src_adaecf4c039d;src_ceafeec6e80b;src_d5ecb237c645;src_d70d4ac7f1d1;src_d9d6678516c9;src_da251a703348;src_ddb68c27212e;src_e64c5f847c93;src_f170e550391c;src_f772fe35a149,cpc-rendered,CC BY-NC-SA 4.0;MIT;derived audio; source MIDI terms apply; SoundFont MIT;mixed,rec_0ea81f3f9389,Piano Sonatas 8-1,asap,expressive,complete,pass,data/derived/rendered_audio/fluidsynth-2.5.6-musescore-general-0.2-v1/rec_0ea81f3f9389.wav,51398956,8b3029b199be8d7bf1d646e9f56a035f860a3ca92b357eb3ebe971284d7c25cf,267.702667,48000,2,-11.099,-30.409,aln_7a1cd8b3cf4c
exp_1827d11a50b2,Wolfgang Amadeus Mozart,Classical,wrk_16208b873f55,wrk_16208b873f55,rec_128c2e36aab8,sources/ACPAS-dataset/subset_S/Mozart/386_ASAP_Piano_Sonatas_8-1/ASAP_8-1.mid,,data/derived/rendered_audio/fluidsynth-2.5.6-musescore-general-0.2-v1/rec_128c2e36aab8.wav,sources/ACPAS-dataset/subset_S/Mozart/386_ASAP_Piano_Sonatas_8-1/ASAP_8-1.mid,data/canonical/alignment_events.csv,,1,133,mid,cpc_canonical_beat,licensed_for_research,complete_movement,,true,true,ready,cmp_fef1cb83d033,Piano Sonatas 8-1,scv_e800c11bc3c7,prf_24f307656f35,aln_2aa73efb93b3,synthetic_rendering,beat,source_provided_beat_annotations,source_exact,1.00,src_00a034d80378;src_02351c287cce;src_0959f7f0c921;src_0c5b459f3713;src_120b85d303a3;src_12ac25a9c7d0;src_133fdd89d752;src_1495fd782897;src_1736c0a3ec30;src_1bfba426e3b5;src_1f601191f854;src_20272ab6e36a;src_2030b845ba85;src_2309bfc3c6e7;src_266b4a8f2871;src_2801af45cdb9;src_311cc910ec9c;src_35dc9a227b9d;src_37bb36627b0a;src_38b76ad6d621;src_39888cae09c0;src_3bb556ce074c;src_4335e7ba518b;src_455287f24eaa;src_46ea18ccd982;src_479d2731f25a;src_4974f6228fc1;src_4bb84f052046;src_5382eb64bc78;src_55b5558dc332;src_5dc6eea1d153;src_6e4e2af83481;src_70c832462968;src_76d67f0ab033;src_8146ea358c72;src_8636358d19c6;src_901fd94d7cbe;src_93a7d93d653b;src_958e85443ca9;src_98e80603d674;src_a5055e4ad044;src_a52f8efce7e9;src_a80bc86a4c74;src_abdb8cb63de8;src_adaecf4c039d;src_ceafeec6e80b;src_d5ecb237c645;src_d70d4ac7f1d1;src_d9d6678516c9;src_da251a703348;src_ddb68c27212e;src_e64c5f847c93;src_f170e550391c;src_f772fe35a149,cpc-rendered,CC BY-NC-SA 4.0;MIT;derived audio; source MIDI terms apply; SoundFont MIT;mixed,rec_128c2e36aab8,Piano Sonatas 8-1,acpas,synthetic,complete,pass,data/derived/rendered_audio/fluidsynth-2.5.6-musescore-general-0.2-v1/rec_128c2e36aab8.wav,51872044,3089d86927b69fdd62136a941a7c4a3d847a68dd794099c36e509d3c8d0d490a,270.166667,48000,2,-10.391,-30.708,aln_2aa73efb93b3
exp_4b156f899743,Wolfgang Amadeus Mozart,Classical,wrk_2fa6d226fadc,wrk_2fa6d226fadc,rec_16e6e8814b9b,sources/ACPAS-dataset/subset_S/Mozart/374_ASAP_Piano_Sonatas_12-1/ASAP_12-1.mid,,data/derived/rendered_audio/fluidsynth-2.5.6-musescore-general-0.2-v1/rec_16e6e8814b9b.wav,sources/ACPAS-dataset/subset_S/Mozart/374_ASAP_Piano_Sonatas_12-1/ASAP_12-1.mid,data/canonical/alignment_events.csv,,1,229,mid,cpc_canonical_beat,licensed_for_research,complete_movement,,true,true,ready,cmp_adac7544dea5,Piano Sonatas 12-1,scv_7366396ee839,prf_5dc94df411b4,aln_75798bc19831,synthetic_rendering,beat,source_provided_beat_annotations,source_exact,1.00,src_07c22c5396d6;src_0afebc7f4cff;src_0c94bc9a0e09;src_0d15c86aa340;src_0d5603dbe5e3;src_0fd8d55cd61b;src_15c2c8e7aaaf;src_1abf3c8199ca;src_24f037f265a0;src_2feafe77fb45;src_3161b43d12a2;src_398046b41b1f;src_39bc93a264a3;src_3ef7724dcb93;src_42c5a7472dd4;src_449c619e7b06;src_44c9e83e2d34;src_46036bca0454;src_460e23dafbfc;src_47e3eb9be6ce;src_4d473ef2028b;src_504f51622168;src_5455dc5e0fa6;src_5966c9239ca1;src_59cf516a57bf;src_6517247c666e;src_6795939e6905;src_681be5f7819e;src_6b06642a3a16;src_6d2472e2eb85;src_6d5c740f350c;src_772c8d92b1ac;src_7ad99a4a6282;src_8267604413ee;src_829ca567d246;src_8389b18fede1;src_8afeb6414517;src_8ca285a77009;src_8e75c9965045;src_91f15e348e6d;src_969c75c98765;src_98e80603d674;src_9d2daae1dc76;src_9d66394bc6b2;src_a0235c846619;src_a0ec28194667;src_a18c5fba0ec8;src_a5f6b1f808ce;src_a80bc86a4c74;src_abc1e0a78631;src_ad95a65e4d1d;src_b1d09323c87c;src_b215e701b9ef;src_b8961303feef;src_b9a375b16e03;src_be798d1d6a18;src_c049239c45e6;src_cab548b856fb;src_ce5143c5b12f;src_d17a07d367c8;src_d2adad0aa7f7;src_d44fe079d778;src_d8111c00e6a7;src_e005ca1d8e02;src_e1aeb70d3627;src_e3a1a16defb3;src_e625d38f1681;src_ea16300f0a82;src_ec60949d9db9;src_ecc096c385aa;src_f1007a97618e;src_f2ded2ea8b0d;src_f30c0b1b8b1c;src_f36c44d72230;src_f551b24ef60f;src_f665ed0359ed;src_f9e88dfd3a1f;src_fc48810e4a22;src_fcec570aa9d5;src_ffaea669dcba,cpc-rendered,CC BY-NC-SA 4.0;CC BY-NC-SA 4.0; non-commercial research and education;MIT;derived audio; source MIDI terms apply; SoundFont MIT;mixed,rec_16e6e8814b9b,Piano Sonatas 12-1,acpas,expressive,complete,pass,data/derived/rendered_audio/fluidsynth-2.5.6-musescore-general-0.2-v1/rec_16e6e8814b9b.wav,60731948,82df6967cd467d0c3a881754a5e710b10b3a3e92d0807e9b1ee6759bece0945f,316.312000,48000,2,-12.527,-33.387,aln_75798bc19831
exp_6fb6e2688b73,Wolfgang Amadeus Mozart,Classical,wrk_5e3acc6ed9a0,wrk_5e3acc6ed9a0,rec_17c46e1e6557,sources/ACPAS-dataset/subset_S/Mozart/373_CPM_Sonata_No.11_A_major_KV_331_3_Alla_Turca/S_147_A_MAPS_mz_331_3_StbgTGd2.mid,,data/derived/rendered_audio/fluidsynth-2.5.6-musescore-general-0.2-v1/rec_17c46e1e6557.wav,sources/ACPAS-dataset/subset_S/Mozart/373_CPM_Sonata_No.11_A_major_KV_331_3_Alla_Turca/S_147_A_MAPS_mz_331_3_StbgTGd2.mid,data/canonical/alignment_events.csv,,1,225,mid,cpc_canonical_beat,licensed_for_research,complete_movement,,true,true,ready,cmp_db49212242e7,Sonata No.11 A major KV 331 3 Alla Turca,scv_d336c1d1285d,prf_06ae54054c88,aln_b692b0222dda,synthetic_rendering,beat,source_provided_beat_annotations,source_exact,1.00,src_0cf334d0ba52;src_2005a7202940;src_301f82e33315;src_31d521ddb99a;src_32b22a173dec;src_3d188de5d1a9;src_41a95a647dc6;src_46f1668c962b;src_48f055259f4b;src_513dcce3a8d0;src_5c02ce97843e;src_6b885f35d7a0;src_98e80603d674;src_9df6e0db100d;src_a26bd6689d26;src_a6587afd1024;src_a80bc86a4c74;src_b7a270870566;src_bb3e3417cb3d;src_bb74cccb38da;src_c65081aea95f;src_c7b751c4833d;src_c86a515000ae;src_ca747718fbcc;src_e5be6dcbdebf,cpc-rendered,MIT;derived audio; source MIDI terms apply; SoundFont MIT;mixed,rec_17c46e1e6557,Sonata No.11 A major KV 331 3 Alla Turca,acpas,synthetic,complete,pass,data/derived/rendered_audio/fluidsynth-2.5.6-musescore-general-0.2-v1/rec_17c46e1e6557.wav,40044076,2eb3d5f61edbbb9d8507c97023ba60b0d2be72c484b48dc20737701c558b716c,208.562667,48000,2,-12.170,-31.813,aln_b692b0222dda
exp_65c381bfb7ef,Wolfgang Amadeus Mozart,Classical,wrk_ab0f834b90b5,wrk_ab0f834b90b5,rec_17eb936080ac,sources/ACPAS-dataset/subset_S/Mozart/375_CPM_Sonata_No.12_F_major_KV_332_2/S_149_A_MAPS_mz_332_2_StbgTGd2.mid,,data/derived/rendered_audio/fluidsynth-2.5.6-musescore-general-0.2-v1/rec_17eb936080ac.wav,sources/ACPAS-dataset/subset_S/Mozart/375_CPM_Sonata_No.12_F_major_KV_332_2/S_149_A_MAPS_mz_332_2_StbgTGd2.mid,data/canonical/alignment_events.csv,,1,82,mid,cpc_canonical_beat,licensed_for_research,complete_movement,,true,true,ready,cmp_2d3dbfa86295,Sonata No.12 F major KV 332 2,scv_2c1989e6f807,prf_b2e158be8258,aln_114216804f93,synthetic_rendering,beat,source_provided_beat_annotations,source_exact,1.00,src_299f50cfea1d;src_2ce218411100;src_2e2f1892630b;src_32af3d8002bf;src_46f1c5045232;src_6b2bbaa820f4;src_8dcb6182abfe;src_98e80603d674;src_a1290df090af;src_a80bc86a4c74;src_bb1904e8eb5e;src_bc8b18cc3782;src_c46870226add;src_c58e7833417a;src_c7e02667684f;src_d1d28b0a40ab;src_e4dcb9013b50;src_e82de3db48da;src_f2f6651e07ea,cpc-rendered,MIT;derived audio; source MIDI terms apply; SoundFont MIT;mixed,rec_17eb936080ac,Sonata No.12 F major KV 332 2,acpas,synthetic,complete,pass,data/derived/rendered_audio/fluidsynth-2.5.6-musescore-general-0.2-v1/rec_17eb936080ac.wav,51499820,422d60c86122967760525f815300e58b6446b71a672fbc4be5f0eb4bc47a0dcc,268.228000,48000,2,-18.963,-38.053,aln_114216804f93
exp_9ad4d31bd9b9,Wolfgang Amadeus Mozart,Classical,wrk_11ba43ed6610,wrk_11ba43ed6610,rec_186f6bb07225,sources/ACPAS-dataset/subset_S/Mozart/369_CPM_Sonata_No.10_C_major_KV_330_2/S_1501_CPM.mid,,data/derived/rendered_audio/fluidsynth-2.5.6-musescore-general-0.2-v1/rec_186f6bb07225.wav,sources/ACPAS-dataset/subset_S/Mozart/369_CPM_Sonata_No.10_C_major_KV_330_2/S_1501_CPM.mid,data/canonical/alignment_events.csv,,1,101,mid,cpc_canonical_beat,licensed_for_research,complete_movement,,true,true,ready,cmp_d05a37c6e964,Sonata No.10 C major KV 330 2,scv_cb0c7ebce59a,prf_6b0627a80a11,aln_4d68e3d57cda,synthetic_rendering,beat,source_provided_beat_annotations,source_exact,1.00,src_02aeb06c352e;src_6ac09776277f;src_890e5dc8083f;src_970568436f7a;src_98e80603d674;src_a80bc86a4c74;src_c0c6cb262e5b,cpc-rendered,MIT;derived audio; source MIDI terms apply; SoundFont MIT;mixed,rec_186f6bb07225,Sonata No.10 C major KV 330 2,acpas,synthetic,complete,pass,data/derived/rendered_audio/fluidsynth-2.5.6-musescore-general-0.2-v1/rec_186f6bb07225.wav,76285484,868423b1c1c954a71a27bc12887efaff980f356d29ec0165cb7bf86335525ecd,397.320000,48000,2,-16.227,-38.351,aln_4d68e3d57cda
exp_f9b3897edca5,Wolfgang Amadeus Mozart,Classical,wrk_16208b873f55,wrk_16208b873f55,rec_1be7357ac69a,sources/ACPAS-dataset/subset_S/Mozart/386_ASAP_Piano_Sonatas_8-1/ASAP_8-1.mid,,data/derived/rendered_audio/fluidsynth-2.5.6-musescore-general-0.2-v1/rec_1be7357ac69a.wav,sources/ACPAS-dataset/subset_S/Mozart/386_ASAP_Piano_Sonatas_8-1/ASAP_8-1.mid,data/canonical/alignment_events.csv,,1,133,mid,cpc_canonical_beat,licensed_for_research,complete_movement,,true,true,ready,cmp_fef1cb83d033,Piano Sonatas 8-1,scv_e800c11bc3c7,prf_b3bea2e5b6b1,aln_0bd63e370092,synthetic_rendering,beat,source_provided_beat_annotations,source_exact,1.00,src_00a034d80378;src_02351c287cce;src_0959f7f0c921;src_0c5b459f3713;src_120b85d303a3;src_12ac25a9c7d0;src_133fdd89d752;src_1495fd782897;src_1736c0a3ec30;src_1bfba426e3b5;src_1f601191f854;src_20272ab6e36a;src_2030b845ba85;src_2309bfc3c6e7;src_266b4a8f2871;src_2801af45cdb9;src_311cc910ec9c;src_35dc9a227b9d;src_37bb36627b0a;src_38b76ad6d621;src_39888cae09c0;src_3bb556ce074c;src_4335e7ba518b;src_455287f24eaa;src_46ea18ccd982;src_479d2731f25a;src_4974f6228fc1;src_4bb84f052046;src_5382eb64bc78;src_55b5558dc332;src_5dc6eea1d153;src_6e4e2af83481;src_70c832462968;src_76d67f0ab033;src_8146ea358c72;src_8636358d19c6;src_901fd94d7cbe;src_93a7d93d653b;src_958e85443ca9;src_98e80603d674;src_a5055e4ad044;src_a52f8efce7e9;src_a80bc86a4c74;src_abdb8cb63de8;src_adaecf4c039d;src_ceafeec6e80b;src_d5ecb237c645;src_d70d4ac7f1d1;src_d9d6678516c9;src_da251a703348;src_ddb68c27212e;src_e64c5f847c93;src_f170e550391c;src_f772fe35a149,cpc-rendered,CC BY-NC-SA 4.0;MIT;derived audio; source MIDI terms apply; SoundFont MIT;mixed,rec_1be7357ac69a,Piano Sonatas 8-1,acpas,synthetic,complete,pass,data/derived/rendered_audio/fluidsynth-2.5.6-musescore-general-0.2-v1/rec_1be7357ac69a.wav,47829548,e99df87daeb7e73a7f8867ae5d4bb3b78ad8cc49a4231382a39940b67b4d732e,249.112000,48000,2,-9.794,-30.396,aln_0bd63e370092
exp_f144c9e07dbf,Wolfgang Amadeus Mozart,Classical,wrk_6ce03f05af78,wrk_6ce03f05af78,rec_2227bc843d1e,sources/ACPAS-dataset/subset_S/Mozart/379_CPM_Sonata_No.13_Bb_major_KV_333_3/S_1511_CPM.mid,,data/derived/rendered_audio/fluidsynth-2.5.6-musescore-general-0.2-v1/rec_2227bc843d1e.wav,sources/ACPAS-dataset/subset_S/Mozart/379_CPM_Sonata_No.13_Bb_major_KV_333_3/S_1511_CPM.mid,data/canonical/alignment_events.csv,,1,225,mid,cpc_canonical_beat,licensed_for_research,complete_movement,,true,true,ready,cmp_597e34f68688,Sonata No.13 Bb major KV 333 3,scv_dbad97890e36,prf_e8f3554c8c63,aln_a783eb375c56,synthetic_rendering,beat,source_provided_beat_annotations,source_exact,1.00,src_0640c63aba27;src_0950ca8b92b8;src_0dcb28645532;src_0fd6b783c1b8;src_28096b2e13e3;src_2b0ec5457abc;src_31e6285994f4;src_46fbd15de8fa;src_7648271d60a6;src_7bea5aaf912b;src_8b75b4e68eeb;src_98e80603d674;src_a4fd97027fe1;src_a80bc86a4c74;src_bdc23eefd745;src_c8a16abdb42d;src_e42854aa5938;src_ee891eb762bb;src_f2b90cf613d2,cpc-rendered,MIT;derived audio; source MIDI terms apply; SoundFont MIT;mixed,rec_2227bc843d1e,Sonata No.13 Bb major KV 333 3,acpas,synthetic,complete,pass,data/derived/rendered_audio/fluidsynth-2.5.6-musescore-general-0.2-v1/rec_2227bc843d1e.wav,68535084,40455c6380453dd90b08088767d110f8bb79deba18e7638fb4da07cc40d3ed59,356.953333,48000,2,-10.314,-31.633,aln_a783eb375c56
exp_106ff705f3b2,Wolfgang Amadeus Mozart,Classical,wrk_ab0f834b90b5,wrk_ab0f834b90b5,rec_22f80a180d47,sources/ACPAS-dataset/subset_R/Mozart/375_CPM_Sonata_No.12_F_major_KV_332_2/R_33_A_MAPS_mz_332_2_ENSTDkCl.mid,,data/derived/rendered_audio/fluidsynth-2.5.6-musescore-general-0.2-v1/rec_22f80a180d47.wav,sources/ACPAS-dataset/subset_R/Mozart/375_CPM_Sonata_No.12_F_major_KV_332_2/R_33_A_MAPS_mz_332_2_ENSTDkCl.mid,data/canonical/alignment_events.csv,,1,82,mid,cpc_canonical_beat,licensed_for_research,complete_movement,,true,true,ready,cmp_2d3dbfa86295,Sonata No.12 F major KV 332 2,scv_f24ff234277b,prf_5912a5b3512b,aln_2ec54ff7f7cb,synthetic_rendering,beat,source_provided_beat_annotations,source_exact,1.00,src_299f50cfea1d;src_2ce218411100;src_2e2f1892630b;src_32af3d8002bf;src_46f1c5045232;src_6b2bbaa820f4;src_8dcb6182abfe;src_98e80603d674;src_a1290df090af;src_a80bc86a4c74;src_bb1904e8eb5e;src_bc8b18cc3782;src_c46870226add;src_c58e7833417a;src_c7e02667684f;src_d1d28b0a40ab;src_e4dcb9013b50;src_e82de3db48da;src_f2f6651e07ea,cpc-rendered,MIT;derived audio; source MIDI terms apply; SoundFont MIT;mixed,rec_22f80a180d47,Sonata No.12 F major KV 332 2,acpas,expressive,complete,pass,data/derived/rendered_audio/fluidsynth-2.5.6-musescore-general-0.2-v1/rec_22f80a180d47.wav,51502636,06659f110b2804915c15d520f937077180574b64d0a8ce4a6ee96331d42debd3,268.242667,48000,2,-19.398,-38.084,aln_2ec54ff7f7cb
exp_e494f5a0cc70,Wolfgang Amadeus Mozart,Classical,wrk_16208b873f55,wrk_16208b873f55,rec_23e106f13fcd,sources/asap-dataset/Mozart/Piano_Sonatas/8-1/midi_score.mid,,data/derived/rendered_audio/fluidsynth-2.5.6-musescore-general-0.2-v1/rec_23e106f13fcd.wav,sources/asap-dataset/Mozart/Piano_Sonatas/8-1/midi_score.mid,data/canonical/alignment_events.csv,,1,133,mid,cpc_canonical_beat,licensed_for_research,complete_movement,,true,true,ready,cmp_fef1cb83d033,Piano Sonatas 8-1,scv_f5ed897586b0,prf_5bd782edf66a,aln_ba417d2bd386,synthetic_rendering,beat,source_provided_beat_annotations,source_exact,1.00,src_00a034d80378;src_02351c287cce;src_0959f7f0c921;src_0c5b459f3713;src_120b85d303a3;src_12ac25a9c7d0;src_133fdd89d752;src_1495fd782897;src_1736c0a3ec30;src_1bfba426e3b5;src_1f601191f854;src_20272ab6e36a;src_2030b845ba85;src_2309bfc3c6e7;src_266b4a8f2871;src_2801af45cdb9;src_311cc910ec9c;src_35dc9a227b9d;src_37bb36627b0a;src_38b76ad6d621;src_39888cae09c0;src_3bb556ce074c;src_4335e7ba518b;src_455287f24eaa;src_46ea18ccd982;src_479d2731f25a;src_4974f6228fc1;src_4bb84f052046;src_5382eb64bc78;src_55b5558dc332;src_5dc6eea1d153;src_6e4e2af83481;src_70c832462968;src_76d67f0ab033;src_8146ea358c72;src_8636358d19c6;src_901fd94d7cbe;src_93a7d93d653b;src_958e85443ca9;src_98e80603d674;src_a5055e4ad044;src_a52f8efce7e9;src_a80bc86a4c74;src_abdb8cb63de8;src_adaecf4c039d;src_ceafeec6e80b;src_d5ecb237c645;src_d70d4ac7f1d1;src_d9d6678516c9;src_da251a703348;src_ddb68c27212e;src_e64c5f847c93;src_f170e550391c;src_f772fe35a149,cpc-rendered,CC BY-NC-SA 4.0;MIT;derived audio; source MIDI terms apply; SoundFont MIT;mixed,rec_23e106f13fcd,Piano Sonatas 8-1,asap,expressive,complete,pass,data/derived/rendered_audio/fluidsynth-2.5.6-musescore-general-0.2-v1/rec_23e106f13fcd.wav,48867372,1a68fc895a5e0cbb351e4faa21d3b3c08457dd76f82d502021e65872f5d0c2b0,254.517333,48000,2,-11.892,-32.192,aln_ba417d2bd386
exp_3ce6e7e494df,Wolfgang Amadeus Mozart,Classical,wrk_1fb5dbb2a0c6,wrk_1fb5dbb2a0c6,rec_264caf3538cd,sources/ACPAS-dataset/subset_S/Mozart/370_CPM_Sonata_No.10_C_major_KV_330_3/S_1502_CPM.mid,,data/derived/rendered_audio/fluidsynth-2.5.6-musescore-general-0.2-v1/rec_264caf3538cd.wav,sources/ACPAS-dataset/subset_S/Mozart/370_CPM_Sonata_No.10_C_major_KV_330_3/S_1502_CPM.mid,data/canonical/alignment_events.csv,,1,342,mid,cpc_canonical_beat,licensed_for_research,complete_movement,,true,true,ready,cmp_855aaa624914,Sonata No.10 C major KV 330 3,scv_63ef01418fd6,prf_bad6e2b7408b,aln_8a90fe0edd92,synthetic_rendering,beat,source_provided_beat_annotations,source_exact,1.00,src_44709eaf43f3;src_4f281617aa3b;src_521e5ee144c4;src_98e80603d674;src_a80bc86a4c74;src_b47a9f4c9fc1;src_bd0e56076107,cpc-rendered,MIT;derived audio; source MIDI terms apply; SoundFont MIT;mixed,rec_264caf3538cd,Sonata No.10 C major KV 330 3,acpas,synthetic,complete,pass,data/derived/rendered_audio/fluidsynth-2.5.6-musescore-general-0.2-v1/rec_264caf3538cd.wav,93107756,95c9b42ad2471e8d7271a63175528f2e703d9378267bbb27ddb7ed73c03e273c,484.936000,48000,2,-16.049,-35.290,aln_8a90fe0edd92
exp_d25ff0d70b87,Wolfgang Amadeus Mozart,Classical,wrk_ae99d9f81630,wrk_ae99d9f81630,rec_299f69f3165c,sources/ACPAS-dataset/subset_S/Mozart/372_CPM_Sonata_No.11_A_major_KV_331_2/S_1504_CPM.mid,,data/derived/rendered_audio/fluidsynth-2.5.6-musescore-general-0.2-v1/rec_299f69f3165c.wav,sources/ACPAS-dataset/subset_S/Mozart/372_CPM_Sonata_No.11_A_major_KV_331_2/S_1504_CPM.mid,data/canonical/alignment_events.csv,,1,249,mid,cpc_canonical_beat,licensed_for_research,complete_movement,,true,true,ready,cmp_1eedc0bd6874,Sonata No.11 A major KV 331 2,scv_d5eb8bc6d46e,prf_e00adfc0e038,aln_bc062441e48b,synthetic_rendering,beat,source_provided_beat_annotations,source_exact,1.00,src_116883edd29c;src_1304b8fb1eb7;src_19f07905eeb9;src_1a42e413bb1f;src_1d2ee2947769;src_24b7a7b143ec;src_2e8677ff6dc8;src_2f1abb4f81db;src_2f4e98a92b75;src_376047e41d29;src_378d21479789;src_3997ddbfaa06;src_4a7e29ee7c17;src_4b8e859206eb;src_59e0857890df;src_64eaef620cbb;src_721e6784f536;src_98bbb4195c1c;src_98e80603d674;src_9be8a40f2a97;src_9f18011b574a;src_a80bc86a4c74;src_ac53671461b4;src_b1cc6076e5e8;src_be0f7e1a1182;src_c8c8adae040c;src_cfe46bca5648;src_d63361ca9ede;src_f97d13df53ea;src_fa44aac5e5de;src_ff52dc8a6d86,cpc-rendered,MIT;derived audio; source MIDI terms apply; SoundFont MIT;mixed,rec_299f69f3165c,Sonata No.11 A major KV 331 2,acpas,synthetic,complete,pass,data/derived/rendered_audio/fluidsynth-2.5.6-musescore-general-0.2-v1/rec_299f69f3165c.wav,74656044,8e9e1366d2c0853711c7225455316355f25eded08a6f5728ac4848fae40a0a4b,388.833333,48000,2,-17.281,-35.669,aln_bc062441e48b
exp_c5979400d7d2,Wolfgang Amadeus Mozart,Classical,wrk_2fa6d226fadc,wrk_2fa6d226fadc,rec_2cc14c88544f,sources/ACPAS-dataset/subset_S/Mozart/374_ASAP_Piano_Sonatas_12-1/ASAP_12-1.mid,,data/derived/rendered_audio/fluidsynth-2.5.6-musescore-general-0.2-v1/rec_2cc14c88544f.wav,sources/ACPAS-dataset/subset_S/Mozart/374_ASAP_Piano_Sonatas_12-1/ASAP_12-1.mid,data/canonical/alignment_events.csv,,1,229,mid,cpc_canonical_beat,licensed_for_research,complete_movement,,true,true,ready,cmp_adac7544dea5,Piano Sonatas 12-1,scv_7366396ee839,prf_a2b246a18aac,aln_48d4712dba4f,synthetic_rendering,beat,source_provided_beat_annotations,source_exact,1.00,src_07c22c5396d6;src_0afebc7f4cff;src_0c94bc9a0e09;src_0d15c86aa340;src_0d5603dbe5e3;src_0fd8d55cd61b;src_15c2c8e7aaaf;src_1abf3c8199ca;src_24f037f265a0;src_2feafe77fb45;src_3161b43d12a2;src_398046b41b1f;src_39bc93a264a3;src_3ef7724dcb93;src_42c5a7472dd4;src_449c619e7b06;src_44c9e83e2d34;src_46036bca0454;src_460e23dafbfc;src_47e3eb9be6ce;src_4d473ef2028b;src_504f51622168;src_5455dc5e0fa6;src_5966c9239ca1;src_59cf516a57bf;src_6517247c666e;src_6795939e6905;src_681be5f7819e;src_6b06642a3a16;src_6d2472e2eb85;src_6d5c740f350c;src_772c8d92b1ac;src_7ad99a4a6282;src_8267604413ee;src_829ca567d246;src_8389b18fede1;src_8afeb6414517;src_8ca285a77009;src_8e75c9965045;src_91f15e348e6d;src_969c75c98765;src_98e80603d674;src_9d2daae1dc76;src_9d66394bc6b2;src_a0235c846619;src_a0ec28194667;src_a18c5fba0ec8;src_a5f6b1f808ce;src_a80bc86a4c74;src_abc1e0a78631;src_ad95a65e4d1d;src_b1d09323c87c;src_b215e701b9ef;src_b8961303feef;src_b9a375b16e03;src_be798d1d6a18;src_c049239c45e6;src_cab548b856fb;src_ce5143c5b12f;src_d17a07d367c8;src_d2adad0aa7f7;src_d44fe079d778;src_d8111c00e6a7;src_e005ca1d8e02;src_e1aeb70d3627;src_e3a1a16defb3;src_e625d38f1681;src_ea16300f0a82;src_ec60949d9db9;src_ecc096c385aa;src_f1007a97618e;src_f2ded2ea8b0d;src_f30c0b1b8b1c;src_f36c44d72230;src_f551b24ef60f;src_f665ed0359ed;src_f9e88dfd3a1f;src_fc48810e4a22;src_fcec570aa9d5;src_ffaea669dcba,cpc-rendered,CC BY-NC-SA 4.0;CC BY-NC-SA 4.0; non-commercial research and education;MIT;derived audio; source MIDI terms apply; SoundFont MIT;mixed,rec_2cc14c88544f,Piano Sonatas 12-1,acpas,synthetic,complete,pass,data/derived/rendered_audio/fluidsynth-2.5.6-musescore-general-0.2-v1/rec_2cc14c88544f.wav,58113324,4527fee034537e54dc323e920fad3cb42aea0d22e064c3adfbc1eefe25e1b29e,302.673333,48000,2,-11.123,-32.822,aln_48d4712dba4f
exp_6d76abf9164b,Wolfgang Amadeus Mozart,Classical,wrk_0caa93a6d559,wrk_0caa93a6d559,rec_2ec7ada7465e,sources/ACPAS-dataset/subset_S/Mozart/377_CPM_Sonata_No.13_Bb_major_KV_333_1/S_150_A_MAPS_mz_333_1_AkPnStgb.mid,,data/derived/rendered_audio/fluidsynth-2.5.6-musescore-general-0.2-v1/rec_2ec7ada7465e.wav,sources/ACPAS-dataset/subset_S/Mozart/377_CPM_Sonata_No.13_Bb_major_KV_333_1/S_150_A_MAPS_mz_333_1_AkPnStgb.mid,data/canonical/alignment_events.csv,,1,331,mid,cpc_canonical_beat,licensed_for_research,complete_movement,,true,true,ready,cmp_a67b3772a3b0,Sonata No.13 Bb major KV 333 1,scv_d75ddc922a51,prf_ce4f80dfa168,aln_4370a8510bc6,synthetic_rendering,beat,source_provided_beat_annotations,source_exact,1.00,src_216b8984f2ec;src_338292ea2b2d;src_443c189c5890;src_493ab1d88ea2;src_63e3c0725870;src_6da199cf2667;src_92d675359dc3;src_98e80603d674;src_9e938edf5913;src_a3d63f8287f8;src_a80bc86a4c74;src_c9f7dcd1b92c;src_f90ab056c463,cpc-rendered,MIT;derived audio; source MIDI terms apply; SoundFont MIT;mixed,rec_2ec7ada7465e,Sonata No.13 Bb major KV 333 1,acpas,synthetic,complete,pass,data/derived/rendered_audio/fluidsynth-2.5.6-musescore-general-0.2-v1/rec_2ec7ada7465e.wav,135340076,819e02cf296592210d4b420c549170cd48216f300c8b6050a5d7698483dd573d,704.896000,48000,2,-14.912,-34.200,aln_4370a8510bc6
exp_55c0dfb8e967,Wolfgang Amadeus Mozart,Classical,wrk_ae99d9f81630,wrk_ae99d9f81630,rec_379d454cb061,sources/ACPAS-dataset/subset_S/Mozart/372_CPM_Sonata_No.11_A_major_KV_331_2/S_145_A_MAPS_mz_331_2_StbgTGd2.mid,,data/derived/rendered_audio/fluidsynth-2.5.6-musescore-general-0.2-v1/rec_379d454cb061.wav,sources/ACPAS-dataset/subset_S/Mozart/372_CPM_Sonata_No.11_A_major_KV_331_2/S_145_A_MAPS_mz_331_2_StbgTGd2.mid,data/canonical/alignment_events.csv,,1,250,mid,cpc_canonical_beat,licensed_for_research,complete_movement,,true,true,ready,cmp_1eedc0bd6874,Sonata No.11 A major KV 331 2,scv_32d7ecb91a24,prf_91a4773a2c4e,aln_34282cf38696,synthetic_rendering,beat,source_provided_beat_annotations,source_exact,1.00,src_116883edd29c;src_1304b8fb1eb7;src_19f07905eeb9;src_1a42e413bb1f;src_1d2ee2947769;src_24b7a7b143ec;src_2e8677ff6dc8;src_2f1abb4f81db;src_2f4e98a92b75;src_376047e41d29;src_378d21479789;src_3997ddbfaa06;src_4a7e29ee7c17;src_4b8e859206eb;src_59e0857890df;src_64eaef620cbb;src_721e6784f536;src_98bbb4195c1c;src_98e80603d674;src_9be8a40f2a97;src_9f18011b574a;src_a80bc86a4c74;src_ac53671461b4;src_b1cc6076e5e8;src_be0f7e1a1182;src_c8c8adae040c;src_cfe46bca5648;src_d63361ca9ede;src_f97d13df53ea;src_fa44aac5e5de;src_ff52dc8a6d86,cpc-rendered,MIT;derived audio; source MIDI terms apply; SoundFont MIT;mixed,rec_379d454cb061,Sonata No.11 A major KV 331 2,acpas,synthetic,complete,pass,data/derived/rendered_audio/fluidsynth-2.5.6-musescore-general-0.2-v1/rec_379d454cb061.wav,74719020,7b3525e5cee4220c24d9ecc8b05e04bb01e028eba28427d62785944338fd02fe,389.161333,48000,2,-17.389,-35.706,aln_34282cf38696
exp_211da613d476,Wolfgang Amadeus Mozart,Classical,wrk_f2fd7348d34e,wrk_f2fd7348d34e,rec_43b1b9fbaf71,sources/ACPAS-dataset/subset_S/Mozart/376_ASAP_Piano_Sonatas_12-3/ASAP_12-3.mid,,data/derived/rendered_audio/fluidsynth-2.5.6-musescore-general-0.2-v1/rec_43b1b9fbaf71.wav,sources/ACPAS-dataset/subset_S/Mozart/376_ASAP_Piano_Sonatas_12-3/ASAP_12-3.mid,data/canonical/alignment_events.csv,,1,245,mid,cpc_canonical_beat,licensed_for_research,complete_movement,,true,true,ready,cmp_ef443eed1fe6,Piano Sonatas 12-3,scv_2a284f591bd2,prf_219720bd413b,aln_313eb82442aa,synthetic_rendering,beat,source_provided_beat_annotations,source_exact,1.00,src_00892c94453f;src_05fce6a1c094;src_082f5c6bf2e8;src_08e0bebe976d;src_0c55f3b2d324;src_0c57b0064acd;src_0cc8ec2a9729;src_0d77f89abc0e;src_0fd8d55cd61b;src_15c2c8e7aaaf;src_18c259203e28;src_230b83e7eb73;src_253ba719c792;src_28a2fbdb48e0;src_2d4c3f088c38;src_3a55a4800637;src_3c03b156384f;src_3d278fa1649d;src_3ea8f3df8a60;src_4381359fce9a;src_482a35184ba3;src_503c2db2ad29;src_510e5a6ab9ae;src_57f12b8cee90;src_63b49285a011;src_6517247c666e;src_68750706644c;src_6914081268ab;src_6944674d32bd;src_697613977243;src_6da7d92c3af7;src_7175e59affda;src_723a743b598e;src_73f40f01bd0a;src_76196252854b;src_791e601a8fbb;src_7c64b7722edc;src_7dc1d307f632;src_7ff9adc224ec;src_80a9c89b82ab;src_85955f07b57b;src_89a8148f121a;src_8ca3d224d6b1;src_8f4d84f70757;src_9160550b7c11;src_983129b28bef;src_98e80603d674;src_9c53262fd73d;src_a54e9255e601;src_a80bc86a4c74;src_ad95a65e4d1d;src_bc24ebd953f3;src_bc6797f5e8e6;src_c0c40c6aa029;src_c499401e65d4;src_c6d1c330ce90;src_c90c4af85197;src_d31196f2b412;src_d75b18bee77a;src_d9d40eb428b4;src_db2d4752bd56;src_e5bbb70b5783;src_e7744dfeddfd;src_f30700d5fdeb;src_f34d0412381b;src_f93243e72c48;src_fcae82b0b106,cpc-rendered,CC BY-NC-SA 4.0;CC BY-NC-SA 4.0; non-commercial research and education;MIT;derived audio; source MIDI terms apply; SoundFont MIT;mixed,rec_43b1b9fbaf71,Piano Sonatas 12-3,acpas,synthetic,complete,pass,data/derived/rendered_audio/fluidsynth-2.5.6-musescore-general-0.2-v1/rec_43b1b9fbaf71.wav,59623468,0701cc67e2c4d49cc9856193bf994a6b8e2e3bda5f9299819c1237bb60846270,310.538667,48000,2,-10.750,-31.578,aln_313eb82442aa
exp_c9c14043071c,Wolfgang Amadeus Mozart,Classical,wrk_f2fd7348d34e,wrk_f2fd7348d34e,rec_43fbc3022696,sources/ACPAS-dataset/subset_S/Mozart/376_ASAP_Piano_Sonatas_12-3/ASAP_12-3.mid,,data/derived/rendered_audio/fluidsynth-2.5.6-musescore-general-0.2-v1/rec_43fbc3022696.wav,sources/ACPAS-dataset/subset_S/Mozart/376_ASAP_Piano_Sonatas_12-3/ASAP_12-3.mid,data/canonical/alignment_events.csv,,1,245,mid,cpc_canonical_beat,licensed_for_research,complete_movement,,true,true,ready,cmp_ef443eed1fe6,Piano Sonatas 12-3,scv_2a284f591bd2,prf_86ba2fb9e841,aln_ab6e69821132,synthetic_rendering,beat,source_provided_beat_annotations,source_exact,1.00,src_00892c94453f;src_05fce6a1c094;src_082f5c6bf2e8;src_08e0bebe976d;src_0c55f3b2d324;src_0c57b0064acd;src_0cc8ec2a9729;src_0d77f89abc0e;src_0fd8d55cd61b;src_15c2c8e7aaaf;src_18c259203e28;src_230b83e7eb73;src_253ba719c792;src_28a2fbdb48e0;src_2d4c3f088c38;src_3a55a4800637;src_3c03b156384f;src_3d278fa1649d;src_3ea8f3df8a60;src_4381359fce9a;src_482a35184ba3;src_503c2db2ad29;src_510e5a6ab9ae;src_57f12b8cee90;src_63b49285a011;src_6517247c666e;src_68750706644c;src_6914081268ab;src_6944674d32bd;src_697613977243;src_6da7d92c3af7;src_7175e59affda;src_723a743b598e;src_73f40f01bd0a;src_76196252854b;src_791e601a8fbb;src_7c64b7722edc;src_7dc1d307f632;src_7ff9adc224ec;src_80a9c89b82ab;src_85955f07b57b;src_89a8148f121a;src_8ca3d224d6b1;src_8f4d84f70757;src_9160550b7c11;src_983129b28bef;src_98e80603d674;src_9c53262fd73d;src_a54e9255e601;src_a80bc86a4c74;src_ad95a65e4d1d;src_bc24ebd953f3;src_bc6797f5e8e6;src_c0c40c6aa029;src_c499401e65d4;src_c6d1c330ce90;src_c90c4af85197;src_d31196f2b412;src_d75b18bee77a;src_d9d40eb428b4;src_db2d4752bd56;src_e5bbb70b5783;src_e7744dfeddfd;src_f30700d5fdeb;src_f34d0412381b;src_f93243e72c48;src_fcae82b0b106,cpc-rendered,CC BY-NC-SA 4.0;CC BY-NC-SA 4.0; non-commercial research and education;MIT;derived audio; source MIDI terms apply; SoundFont MIT;mixed,rec_43fbc3022696,Piano Sonatas 12-3,acpas,synthetic,complete,pass,data/derived/rendered_audio/fluidsynth-2.5.6-musescore-general-0.2-v1/rec_43fbc3022696.wav,58977068,5438a09958aef607fb4e753c0cb81b414d3eb3c831ff1df0aa1eee1a4325b42c,307.172000,48000,2,-12.497,-32.606,aln_ab6e69821132
exp_b5b9b9b3f765,Wolfgang Amadeus Mozart,Classical,wrk_ea0fb259619c,wrk_ea0fb259619c,rec_44917c60c94a,sources/ACPAS-dataset/subset_S/Mozart/374_CPM_Sonata_No.12_F_major_KV_332_1/S_1506_CPM.mid,,data/derived/rendered_audio/fluidsynth-2.5.6-musescore-general-0.2-v1/rec_44917c60c94a.wav,sources/ACPAS-dataset/subset_S/Mozart/374_CPM_Sonata_No.12_F_major_KV_332_1/S_1506_CPM.mid,data/canonical/alignment_events.csv,,1,458,mid,cpc_canonical_beat,licensed_for_research,complete_movement,,true,true,ready,cmp_5a3f42521212,Sonata No.12 F major KV 332 1,scv_43dbf1fe49f9,prf_3ba54a3ddf6b,aln_59254e51281e,synthetic_rendering,beat,source_provided_beat_annotations,source_exact,1.00,src_09a294db134c;src_0e8abe1e4355;src_443c9a4531aa;src_6d0b8acba2b4;src_70357672fe5c;src_8ca3589ea6ff;src_9434822c7b73;src_98e80603d674;src_a80bc86a4c74;src_aa6be8106aa1;src_b52b7f7899e4;src_cb145d1f512f;src_d1bb387bcba1,cpc-rendered,MIT;derived audio; source MIDI terms apply; SoundFont MIT;mixed,rec_44917c60c94a,Sonata No.12 F major KV 332 1,acpas,synthetic,complete,pass,data/derived/rendered_audio/fluidsynth-2.5.6-musescore-general-0.2-v1/rec_44917c60c94a.wav,113934636,8398bb12d91396b3f171d4b8fef99972a549a8e51a5f07efe1a9ef28892a56b4,593.409333,48000,2,-13.987,-34.628,aln_59254e51281e
exp_2d9ff0eb1553,Wolfgang Amadeus Mozart,Classical,wrk_ea0fb259619c,wrk_ea0fb259619c,rec_45fafcfc9f8b,sources/ACPAS-dataset/subset_S/Mozart/374_CPM_Sonata_No.12_F_major_KV_332_1/S_148_A_MAPS_mz_332_1_AkPnBsdf.mid,,data/derived/rendered_audio/fluidsynth-2.5.6-musescore-general-0.2-v1/rec_45fafcfc9f8b.wav,sources/ACPAS-dataset/subset_S/Mozart/374_CPM_Sonata_No.12_F_major_KV_332_1/S_148_A_MAPS_mz_332_1_AkPnBsdf.mid,data/canonical/alignment_events.csv,,1,459,mid,cpc_canonical_beat,licensed_for_research,complete_movement,,true,true,ready,cmp_5a3f42521212,Sonata No.12 F major KV 332 1,scv_988b7201734c,prf_1867f6f10f73,aln_5b441a45b58e,synthetic_rendering,beat,source_provided_beat_annotations,source_exact,1.00,src_09a294db134c;src_0e8abe1e4355;src_443c9a4531aa;src_6d0b8acba2b4;src_70357672fe5c;src_8ca3589ea6ff;src_9434822c7b73;src_98e80603d674;src_a80bc86a4c74;src_aa6be8106aa1;src_b52b7f7899e4;src_cb145d1f512f;src_d1bb387bcba1,cpc-rendered,MIT;derived audio; source MIDI terms apply; SoundFont MIT;mixed,rec_45fafcfc9f8b,Sonata No.12 F major KV 332 1,acpas,synthetic,complete,pass,data/derived/rendered_audio/fluidsynth-2.5.6-musescore-general-0.2-v1/rec_45fafcfc9f8b.wav,114046764,25bc8a21c3eb57bdadbbcbf18c8134218dda0d4af75b3f76e51f876091c23e9a,593.993333,48000,2,-13.716,-34.648,aln_5b441a45b58e
exp_59ed9fc19fe4,Wolfgang Amadeus Mozart,Classical,wrk_21cadf4d4581,wrk_21cadf4d4581,rec_4683766c80fd,sources/ACPAS-dataset/subset_S/Mozart/368_CPM_Sonata_No.10_C_major_KV_330_1/S_141_A_MAPS_mz_330_1_SptkBGCl.mid,,data/derived/rendered_audio/fluidsynth-2.5.6-musescore-general-0.2-v1/rec_4683766c80fd.wav,sources/ACPAS-dataset/subset_S/Mozart/368_CPM_Sonata_No.10_C_major_KV_330_1/S_141_A_MAPS_mz_330_1_SptkBGCl.mid,data/canonical/alignment_events.csv,,1,301,mid,cpc_canonical_beat,licensed_for_research,complete_movement,,true,true,ready,cmp_ffe626e2d096,Sonata No.10 C major KV 330 1,scv_00bf0c43a38f,prf_eda802e3d4e1,aln_71dce27ecee4,synthetic_rendering,beat,source_provided_beat_annotations,source_exact,1.00,src_0a75f09514cc;src_0c23fb15ee94;src_1fe6112f3a0c;src_3169df65c592;src_373a4327c649;src_74542c6cc315;src_98e80603d674;src_a80bc86a4c74;src_bb3e0f243727;src_c45124709f8d;src_cd833faee909;src_d1a313b2888b;src_f224c6b4828f,cpc-rendered,MIT;derived audio; source MIDI terms apply; SoundFont MIT;mixed,rec_4683766c80fd,Sonata No.10 C major KV 330 1,acpas,synthetic,complete,pass,data/derived/rendered_audio/fluidsynth-2.5.6-musescore-general-0.2-v1/rec_4683766c80fd.wav,104486444,60896d931dc5f1e43e6a6e7c25e2719425e24eca6fce0fb4a6f91a1bcadefcc7,544.200000,48000,2,-15.024,-33.093,aln_71dce27ecee4
exp_a34d36848179,Wolfgang Amadeus Mozart,Classical,wrk_73de062f35d4,wrk_73de062f35d4,rec_47d8629a2793,sources/ACPAS-dataset/subset_S/Mozart/378_CPM_Sonata_No.13_Bb_major_KV_333_2/S_151_A_MAPS_mz_333_2_AkPnCGdD.mid,,data/derived/rendered_audio/fluidsynth-2.5.6-musescore-general-0.2-v1/rec_47d8629a2793.wav,sources/ACPAS-dataset/subset_S/Mozart/378_CPM_Sonata_No.13_Bb_major_KV_333_2/S_151_A_MAPS_mz_333_2_AkPnCGdD.mid,data/canonical/alignment_events.csv,,1,164,mid,cpc_canonical_beat,licensed_for_research,complete_movement,,true,true,ready,cmp_0054edb621f3,Sonata No.13 Bb major KV 333 2,scv_9921c787c684,prf_6709dd5523b6,aln_6e9af4131bd5,synthetic_rendering,beat,source_provided_beat_annotations,source_exact,1.00,src_09ddae2f4214;src_0dd84cbd9470;src_23293e7b2772;src_26569807521e;src_373f19153118;src_59a002431968;src_68ef5b1f10a1;src_7146a6dc3dc9;src_8f56db2f60be;src_96cc09019a17;src_97388f0a409c;src_97755e45af75;src_98e80603d674;src_9df9ce16b33a;src_a5fc5a02e081;src_a80bc86a4c74;src_b89eec102a12;src_b90d70844fe1;src_c946c8405561;src_cd938bbe80d0;src_d6c71f0b4dba;src_d89e69abbceb;src_e11796bfecb0;src_f611bc3f7b9b;src_fe2f891c9f6b,cpc-rendered,MIT;derived audio; source MIDI terms apply; SoundFont MIT;mixed,rec_47d8629a2793,Sonata No.13 Bb major KV 333 2,acpas,synthetic,complete,pass,data/derived/rendered_audio/fluidsynth-2.5.6-musescore-general-0.2-v1/rec_47d8629a2793.wav,103338028,2f92b6c7ffeb83b0277dbeb29e91766b315f1ee9f7285dfaf60cae17a6555ee0,538.218667,48000,2,-15.747,-35.969,aln_6e9af4131bd5
exp_34f9b7a2e905,Wolfgang Amadeus Mozart,Classical,wrk_44c6308a4722,wrk_44c6308a4722,rec_4f179d3f0a07,sources/asap-dataset/Mozart/Piano_Sonatas/11-3/xml_score.musicxml,sources/asap-dataset/Mozart/Piano_Sonatas/11-3/xml_score.musicxml,data/derived/rendered_audio/fluidsynth-2.5.6-musescore-general-0.2-v1/rec_4f179d3f0a07.wav,,data/canonical/alignment_events.csv,,1,224,musicxml,cpc_canonical_beat,licensed_for_research,complete_movement,,true,true,ready,cmp_b563f0486b86,Piano Sonatas 11-3,scv_b5b51dca4677,prf_e14309dc3ec5,aln_ffee913a62d2,synthetic_rendering,beat,source_provided_beat_annotations,source_exact,1.00,src_04c85821a7cd;src_0f1beaa91df0;src_13602092ab4f;src_16da154e62d9;src_2867258a9aa3;src_4cca6fc5d250;src_70619c38b0d8;src_7728465e55bc;src_8b3a7075e93a;src_8d54a71fd391;src_98e80603d674;src_9bed02efccf6;src_9eabd6da6cf5;src_a80bc86a4c74;src_c20c3d32f25b;src_cc3a3a78aca1;src_e08fd50cad4f;src_f7587bf8c0ee,cpc-rendered,CC BY-NC-SA 4.0;MIT;derived audio; source MIDI terms apply; SoundFont MIT;mixed,rec_4f179d3f0a07,Piano Sonatas 11-3,asap,expressive,complete,pass,data/derived/rendered_audio/fluidsynth-2.5.6-musescore-general-0.2-v1/rec_4f179d3f0a07.wav,41661996,227d40be139905b31f88a19070381249430bfaf7ac253165f0c3f273477201b6,216.989333,48000,2,-10.708,-31.781,aln_ffee913a62d2
exp_0fae2f6ca290,Wolfgang Amadeus Mozart,Classical,wrk_ae99d9f81630,wrk_ae99d9f81630,rec_52ef4bc2644e,sources/ACPAS-dataset/subset_R/Mozart/372_CPM_Sonata_No.11_A_major_KV_331_2/R_31_A_MAPS_mz_331_2_ENSTDkCl.mid,,data/derived/rendered_audio/fluidsynth-2.5.6-musescore-general-0.2-v1/rec_52ef4bc2644e.wav,sources/ACPAS-dataset/subset_R/Mozart/372_CPM_Sonata_No.11_A_major_KV_331_2/R_31_A_MAPS_mz_331_2_ENSTDkCl.mid,data/canonical/alignment_events.csv,,1,250,mid,cpc_canonical_beat,licensed_for_research,complete_movement,,true,true,ready,cmp_1eedc0bd6874,Sonata No.11 A major KV 331 2,scv_8bdc2a36b858,prf_3b8930ca527a,aln_eaef8349d879,synthetic_rendering,beat,source_provided_beat_annotations,source_exact,1.00,src_116883edd29c;src_1304b8fb1eb7;src_19f07905eeb9;src_1a42e413bb1f;src_1d2ee2947769;src_24b7a7b143ec;src_2e8677ff6dc8;src_2f1abb4f81db;src_2f4e98a92b75;src_376047e41d29;src_378d21479789;src_3997ddbfaa06;src_4a7e29ee7c17;src_4b8e859206eb;src_59e0857890df;src_64eaef620cbb;src_721e6784f536;src_98bbb4195c1c;src_98e80603d674;src_9be8a40f2a97;src_9f18011b574a;src_a80bc86a4c74;src_ac53671461b4;src_b1cc6076e5e8;src_be0f7e1a1182;src_c8c8adae040c;src_cfe46bca5648;src_d63361ca9ede;src_f97d13df53ea;src_fa44aac5e5de;src_ff52dc8a6d86,cpc-rendered,MIT;derived audio; source MIDI terms apply; SoundFont MIT;mixed,rec_52ef4bc2644e,Sonata No.11 A major KV 331 2,acpas,expressive,complete,pass,data/derived/rendered_audio/fluidsynth-2.5.6-musescore-general-0.2-v1/rec_52ef4bc2644e.wav,74736428,e952e35edcac29f7c94d3db61dd3f23c9224d80437cbdc0fda602ed28c78366b,389.252000,48000,2,-18.274,-35.641,aln_eaef8349d879
exp_c0c4e00d48c3,Wolfgang Amadeus Mozart,Classical,wrk_27f86a8d1b8d,wrk_27f86a8d1b8d,rec_5669d689f7ac,sources/ACPAS-dataset/subset_S/Mozart/381_CPM_Sonata_No.16_C_major_Sonata_facile_KV_545_2/S_1513_CPM.mid,,data/derived/rendered_audio/fluidsynth-2.5.6-musescore-general-0.2-v1/rec_5669d689f7ac.wav,sources/ACPAS-dataset/subset_S/Mozart/381_CPM_Sonata_No.16_C_major_Sonata_facile_KV_545_2/S_1513_CPM.mid,data/canonical/alignment_events.csv,,1,106,mid,cpc_canonical_beat,licensed_for_research,complete_movement,,true,true,ready,cmp_b018b440fa23,Sonata No.16 C major Sonata facile KV 545 2,scv_b4516b796d3c,prf_1a8115be4703,aln_2c3914a8f679,synthetic_rendering,beat,source_provided_beat_annotations,source_exact,1.00,src_039d81c7f5a8;src_8f09e8460e2e;src_98e80603d674;src_a80bc86a4c74;src_e3eb8e7ac669;src_ebb01b3e93e5;src_f98502bc72f1,cpc-rendered,MIT;derived audio; source MIDI terms apply; SoundFont MIT;mixed,rec_5669d689f7ac,Sonata No.16 C major Sonata facile KV 545 2,acpas,synthetic,complete,pass,data/derived/rendered_audio/fluidsynth-2.5.6-musescore-general-0.2-v1/rec_5669d689f7ac.wav,66570028,06b6ccafdb33406006c13a7ac304914994a22e5f6c5006fa3c9bfbc976fd53b0,346.718667,48000,2,-20.420,-39.203,aln_2c3914a8f679
exp_bbbf1941e8b0,Wolfgang Amadeus Mozart,Classical,wrk_a32d8a2b15b4,wrk_a32d8a2b15b4,rec_5b5081580125,sources/ACPAS-dataset/subset_S/Mozart/367_CPM_Sonata_No.8_D_major_KV_311_3/S_1499_CPM.mid,,data/derived/rendered_audio/fluidsynth-2.5.6-musescore-general-0.2-v1/rec_5b5081580125.wav,sources/ACPAS-dataset/subset_S/Mozart/367_CPM_Sonata_No.8_D_major_KV_311_3/S_1499_CPM.mid,data/canonical/alignment_events.csv,,1,452,mid,cpc_canonical_beat,licensed_for_research,complete_movement,,true,true,ready,cmp_6d89360e0fc4,Sonata No.8 D major KV 311 3,scv_115f22dea8d7,prf_7a5091f88d75,aln_a204a0c41053,synthetic_rendering,beat,source_provided_beat_annotations,source_exact,1.00,src_473cfe2d5368;src_4c22989039ca;src_98e80603d674;src_a80bc86a4c74;src_b293d8dcc56c;src_cdcdc5e37575;src_fa30af22c097,cpc-rendered,MIT;derived audio; source MIDI terms apply; SoundFont MIT;mixed,rec_5b5081580125,Sonata No.8 D major KV 311 3,acpas,synthetic,complete,pass,data/derived/rendered_audio/fluidsynth-2.5.6-musescore-general-0.2-v1/rec_5b5081580125.wav,116764204,a0dd71628b5afd58209cabb800b0b3dd2c51cb13870bc53e5198c0f9d2962a9a,608.146667,48000,2,-13.993,-38.817,aln_a204a0c41053
exp_962f603aa2df,Wolfgang Amadeus Mozart,Classical,wrk_b81da43ab65e,wrk_b81da43ab65e,rec_5e44fae3293d,sources/ACPAS-dataset/subset_S/Mozart/385_CPM_Sonata_No.17_Bb_major_KV_570_3/S_1517_CPM.mid,,data/derived/rendered_audio/fluidsynth-2.5.6-musescore-general-0.2-v1/rec_5e44fae3293d.wav,sources/ACPAS-dataset/subset_S/Mozart/385_CPM_Sonata_No.17_Bb_major_KV_570_3/S_1517_CPM.mid,data/canonical/alignment_events.csv,,1,122,mid,cpc_canonical_beat,licensed_for_research,complete_movement,,true,true,ready,cmp_347a98e5be61,Sonata No.17 Bb major KV 570 3,scv_91a67d1507fe,prf_58b8bebf1585,aln_aeb4dfafe673,synthetic_rendering,beat,source_provided_beat_annotations,source_exact,1.00,src_062d1262c699;src_2b49bebe40c8;src_30d7c2140777;src_7dd9cbfe242b;src_87a05bdc9720;src_98e80603d674;src_a80bc86a4c74,cpc-rendered,MIT;derived audio; source MIDI terms apply; SoundFont MIT;mixed,rec_5e44fae3293d,Sonata No.17 Bb major KV 570 3,acpas,synthetic,complete,pass,data/derived/rendered_audio/fluidsynth-2.5.6-musescore-general-0.2-v1/rec_5e44fae3293d.wav,41315884,08f5677e7e14485d9243b0d053226103682f0741b9598c0ead487ae20d0ca080,215.186667,48000,2,-16.288,-37.131,aln_aeb4dfafe673
exp_b5f52a5c6a71,Wolfgang Amadeus Mozart,Classical,wrk_cc5971a28718,wrk_cc5971a28718,rec_6430e1cd6341,sources/ACPAS-dataset/subset_S/Mozart/384_CPM_Sonata_No.17_Bb_major_KV_570_2/S_1516_CPM.mid,,data/derived/rendered_audio/fluidsynth-2.5.6-musescore-general-0.2-v1/rec_6430e1cd6341.wav,sources/ACPAS-dataset/subset_S/Mozart/384_CPM_Sonata_No.17_Bb_major_KV_570_2/S_1516_CPM.mid,data/canonical/alignment_events.csv,,1,87,mid,cpc_canonical_beat,licensed_for_research,complete_movement,,true,true,ready,cmp_d0d255a95119,Sonata No.17 Bb major KV 570 2,scv_93f34c41430f,prf_c029bd9efa6f,aln_b00be49d0019,synthetic_rendering,beat,source_provided_beat_annotations,source_exact,1.00,src_204dbfbd42db;src_74115d850c14;src_8502caa44bcf;src_858491d93ea2;src_98e80603d674;src_a6d80f928eec;src_a80bc86a4c74,cpc-rendered,MIT;derived audio; source MIDI terms apply; SoundFont MIT;mixed,rec_6430e1cd6341,Sonata No.17 Bb major KV 570 2,acpas,synthetic,complete,pass,data/derived/rendered_audio/fluidsynth-2.5.6-musescore-general-0.2-v1/rec_6430e1cd6341.wav,87874092,bb9968905c718afdd82cd9c12cbea47e95a0a319951d9b2f6cb1f9fdf74a40cc,457.677333,48000,2,-21.037,-39.279,aln_b00be49d0019
exp_1ebed579bf61,Wolfgang Amadeus Mozart,Classical,wrk_2fa6d226fadc,wrk_2fa6d226fadc,rec_68edf82d66df,sources/ACPAS-dataset/subset_S/Mozart/374_ASAP_Piano_Sonatas_12-1/ASAP_12-1.mid,,data/derived/rendered_audio/fluidsynth-2.5.6-musescore-general-0.2-v1/rec_68edf82d66df.wav,sources/ACPAS-dataset/subset_S/Mozart/374_ASAP_Piano_Sonatas_12-1/ASAP_12-1.mid,data/canonical/alignment_events.csv,,1,229,mid,cpc_canonical_beat,licensed_for_research,complete_movement,,true,true,ready,cmp_adac7544dea5,Piano Sonatas 12-1,scv_7366396ee839,prf_73513a9a6fcc,aln_5ce8afa444ce,synthetic_rendering,beat,source_provided_beat_annotations,source_exact,1.00,src_07c22c5396d6;src_0afebc7f4cff;src_0c94bc9a0e09;src_0d15c86aa340;src_0d5603dbe5e3;src_0fd8d55cd61b;src_15c2c8e7aaaf;src_1abf3c8199ca;src_24f037f265a0;src_2feafe77fb45;src_3161b43d12a2;src_398046b41b1f;src_39bc93a264a3;src_3ef7724dcb93;src_42c5a7472dd4;src_449c619e7b06;src_44c9e83e2d34;src_46036bca0454;src_460e23dafbfc;src_47e3eb9be6ce;src_4d473ef2028b;src_504f51622168;src_5455dc5e0fa6;src_5966c9239ca1;src_59cf516a57bf;src_6517247c666e;src_6795939e6905;src_681be5f7819e;src_6b06642a3a16;src_6d2472e2eb85;src_6d5c740f350c;src_772c8d92b1ac;src_7ad99a4a6282;src_8267604413ee;src_829ca567d246;src_8389b18fede1;src_8afeb6414517;src_8ca285a77009;src_8e75c9965045;src_91f15e348e6d;src_969c75c98765;src_98e80603d674;src_9d2daae1dc76;src_9d66394bc6b2;src_a0235c846619;src_a0ec28194667;src_a18c5fba0ec8;src_a5f6b1f808ce;src_a80bc86a4c74;src_abc1e0a78631;src_ad95a65e4d1d;src_b1d09323c87c;src_b215e701b9ef;src_b8961303feef;src_b9a375b16e03;src_be798d1d6a18;src_c049239c45e6;src_cab548b856fb;src_ce5143c5b12f;src_d17a07d367c8;src_d2adad0aa7f7;src_d44fe079d778;src_d8111c00e6a7;src_e005ca1d8e02;src_e1aeb70d3627;src_e3a1a16defb3;src_e625d38f1681;src_ea16300f0a82;src_ec60949d9db9;src_ecc096c385aa;src_f1007a97618e;src_f2ded2ea8b0d;src_f30c0b1b8b1c;src_f36c44d72230;src_f551b24ef60f;src_f665ed0359ed;src_f9e88dfd3a1f;src_fc48810e4a22;src_fcec570aa9d5;src_ffaea669dcba,cpc-rendered,CC BY-NC-SA 4.0;CC BY-NC-SA 4.0; non-commercial research and education;MIT;derived audio; source MIDI terms apply; SoundFont MIT;mixed,rec_68edf82d66df,Piano Sonatas 12-1,acpas,synthetic,complete,pass,data/derived/rendered_audio/fluidsynth-2.5.6-musescore-general-0.2-v1/rec_68edf82d66df.wav,56943148,ceb1cff0af4eaa5ee57d4563988bf4c230b5a396f80d6911e555397bca509f68,296.578667,48000,2,-11.785,-32.812,aln_5ce8afa444ce
exp_40b39cc0fdc0,Wolfgang Amadeus Mozart,Classical,wrk_73de062f35d4,wrk_73de062f35d4,rec_6bb8637586b5,sources/ACPAS-dataset/subset_S/Mozart/378_CPM_Sonata_No.13_Bb_major_KV_333_2/S_152_A_MAPS_mz_333_2_StbgTGd2.mid,,data/derived/rendered_audio/fluidsynth-2.5.6-musescore-general-0.2-v1/rec_6bb8637586b5.wav,sources/ACPAS-dataset/subset_S/Mozart/378_CPM_Sonata_No.13_Bb_major_KV_333_2/S_152_A_MAPS_mz_333_2_StbgTGd2.mid,data/canonical/alignment_events.csv,,1,164,mid,cpc_canonical_beat,licensed_for_research,complete_movement,,true,true,ready,cmp_0054edb621f3,Sonata No.13 Bb major KV 333 2,scv_5e58077ac1b9,prf_cc4140ab81df,aln_a879c59bccf9,synthetic_rendering,beat,source_provided_beat_annotations,source_exact,1.00,src_09ddae2f4214;src_0dd84cbd9470;src_23293e7b2772;src_26569807521e;src_373f19153118;src_59a002431968;src_68ef5b1f10a1;src_7146a6dc3dc9;src_8f56db2f60be;src_96cc09019a17;src_97388f0a409c;src_97755e45af75;src_98e80603d674;src_9df9ce16b33a;src_a5fc5a02e081;src_a80bc86a4c74;src_b89eec102a12;src_b90d70844fe1;src_c946c8405561;src_cd938bbe80d0;src_d6c71f0b4dba;src_d89e69abbceb;src_e11796bfecb0;src_f611bc3f7b9b;src_fe2f891c9f6b,cpc-rendered,MIT;derived audio; source MIDI terms apply; SoundFont MIT;mixed,rec_6bb8637586b5,Sonata No.13 Bb major KV 333 2,acpas,synthetic,complete,pass,data/derived/rendered_audio/fluidsynth-2.5.6-musescore-general-0.2-v1/rec_6bb8637586b5.wav,103338028,2f92b6c7ffeb83b0277dbeb29e91766b315f1ee9f7285dfaf60cae17a6555ee0,538.218667,48000,2,-15.747,-35.969,aln_a879c59bccf9
exp_2ee3f07dc86b,Wolfgang Amadeus Mozart,Classical,wrk_57b95df3e8e3,wrk_57b95df3e8e3,rec_6db8e6bf8807,sources/ACPAS-dataset/subset_R/Mozart/365_CPM_Sonata_No.8_D_major_KV_311_1/R_30_A_MAPS_mz_311_1_ENSTDkCl.mid,,data/derived/rendered_audio/fluidsynth-2.5.6-musescore-general-0.2-v1/rec_6db8e6bf8807.wav,sources/ACPAS-dataset/subset_R/Mozart/365_CPM_Sonata_No.8_D_major_KV_311_1/R_30_A_MAPS_mz_311_1_ENSTDkCl.mid,data/canonical/alignment_events.csv,,1,152,mid,cpc_canonical_beat,licensed_for_research,complete_movement,,true,true,ready,cmp_b8edb65ab828,Sonata No.8 D major KV 311 1,scv_289def4fa102,prf_14d636a3df75,aln_bef2ec85e417,synthetic_rendering,beat,source_provided_beat_annotations,source_exact,1.00,src_101a4578ef5b;src_3df6fc0a96af;src_44d1cef07805;src_53736a701265;src_694c7d9d11d8;src_6c7edd68c85a;src_7b89f58d60b1;src_8fae8aa6ae1f;src_98e80603d674;src_9c2037d613a1;src_9cd385c42b12;src_a80bc86a4c74;src_c468e8c1dfe4;src_c87542b84d05;src_d5e4a061a1a0;src_ddaafc69925d;src_df354eb212df;src_edc76505f777;src_f5644eb58ac3,cpc-rendered,MIT;derived audio; source MIDI terms apply; SoundFont MIT;mixed,rec_6db8e6bf8807,Sonata No.8 D major KV 311 1,acpas,expressive,complete,pass,data/derived/rendered_audio/fluidsynth-2.5.6-musescore-general-0.2-v1/rec_6db8e6bf8807.wav,53189932,5989bb53103c73f29b56d4b40b0734b64d56f92c6f58344d78adfa2b190e8019,277.030667,48000,2,-16.212,-36.170,aln_bef2ec85e417
exp_1d12ff7208f9,Wolfgang Amadeus Mozart,Classical,wrk_95ceb95e11bc,wrk_95ceb95e11bc,rec_6f11e478e2ad,sources/ACPAS-dataset/subset_S/Mozart/383_CPM_Sonata_No.17_Bb_major_KV_570_1/S_155_A_MAPS_mz_570_1_StbgTGd2.mid,,data/derived/rendered_audio/fluidsynth-2.5.6-musescore-general-0.2-v1/rec_6f11e478e2ad.wav,sources/ACPAS-dataset/subset_S/Mozart/383_CPM_Sonata_No.17_Bb_major_KV_570_1/S_155_A_MAPS_mz_570_1_StbgTGd2.mid,data/canonical/alignment_events.csv,,1,419,mid,cpc_canonical_beat,licensed_for_research,complete_movement,,true,true,ready,cmp_c19fe5402db5,Sonata No.17 Bb major KV 570 1,scv_f10724ea41f6,prf_d5b50efae9f0,aln_e78a017f3cc2,synthetic_rendering,beat,source_provided_beat_annotations,source_exact,1.00,src_17b58c1af9ba;src_26a0f0d71458;src_273fe883705e;src_2a1a7cd52341;src_3088826ddba6;src_33305ebd7c5b;src_44c57ec1be70;src_4c153d3344c1;src_56d64769b9f0;src_6947cb78d66b;src_706d54ef94c5;src_81806c295ef0;src_8bab48ed13da;src_8bc5418af039;src_98e80603d674;src_a80bc86a4c74;src_d60d96f53242;src_ecedef7a70b4;src_fb952cf4a76e,cpc-rendered,MIT;derived audio; source MIDI terms apply; SoundFont MIT;mixed,rec_6f11e478e2ad,Sonata No.17 Bb major KV 570 1,acpas,synthetic,complete,pass,data/derived/rendered_audio/fluidsynth-2.5.6-musescore-general-0.2-v1/rec_6f11e478e2ad.wav,93111852,731889b1e99390ab4060ad3b76f780d8f8519b125f21ce00019dd6a34201a24b,484.957333,48000,2,-17.023,-37.680,aln_e78a017f3cc2
exp_ba86f5d1561b,Wolfgang Amadeus Mozart,Classical,wrk_95ceb95e11bc,wrk_95ceb95e11bc,rec_6fad590f79e3,sources/ACPAS-dataset/subset_R/Mozart/383_CPM_Sonata_No.17_Bb_major_KV_570_1/R_37_A_MAPS_mz_570_1_ENSTDkCl.mid,,data/derived/rendered_audio/fluidsynth-2.5.6-musescore-general-0.2-v1/rec_6fad590f79e3.wav,sources/ACPAS-dataset/subset_R/Mozart/383_CPM_Sonata_No.17_Bb_major_KV_570_1/R_37_A_MAPS_mz_570_1_ENSTDkCl.mid,data/canonical/alignment_events.csv,,1,419,mid,cpc_canonical_beat,licensed_for_research,complete_movement,,true,true,ready,cmp_c19fe5402db5,Sonata No.17 Bb major KV 570 1,scv_c2ba444637a6,prf_ba985075d417,aln_c07946daac3d,synthetic_rendering,beat,source_provided_beat_annotations,source_exact,1.00,src_17b58c1af9ba;src_26a0f0d71458;src_273fe883705e;src_2a1a7cd52341;src_3088826ddba6;src_33305ebd7c5b;src_44c57ec1be70;src_4c153d3344c1;src_56d64769b9f0;src_6947cb78d66b;src_706d54ef94c5;src_81806c295ef0;src_8bab48ed13da;src_8bc5418af039;src_98e80603d674;src_a80bc86a4c74;src_d60d96f53242;src_ecedef7a70b4;src_fb952cf4a76e,cpc-rendered,MIT;derived audio; source MIDI terms apply; SoundFont MIT;mixed,rec_6fad590f79e3,Sonata No.17 Bb major KV 570 1,acpas,expressive,complete,pass,data/derived/rendered_audio/fluidsynth-2.5.6-musescore-general-0.2-v1/rec_6fad590f79e3.wav,93120556,4c808af357b4b86e6fce7e815f6375e4629a852163bd88eac0bc6ac757f125ef,485.002667,48000,2,-16.896,-37.630,aln_c07946daac3d
exp_1639a57ca435,Wolfgang Amadeus Mozart,Classical,wrk_16208b873f55,wrk_16208b873f55,rec_75024038659c,sources/asap-dataset/Mozart/Piano_Sonatas/8-1/midi_score.mid,,data/derived/rendered_audio/fluidsynth-2.5.6-musescore-general-0.2-v1/rec_75024038659c.wav,sources/asap-dataset/Mozart/Piano_Sonatas/8-1/midi_score.mid,data/canonical/alignment_events.csv,,1,133,mid,cpc_canonical_beat,licensed_for_research,complete_movement,,true,true,ready,cmp_fef1cb83d033,Piano Sonatas 8-1,scv_f5ed897586b0,prf_13ebe43e626e,aln_b8618da5689e,synthetic_rendering,beat,source_provided_beat_annotations,source_exact,1.00,src_00a034d80378;src_02351c287cce;src_0959f7f0c921;src_0c5b459f3713;src_120b85d303a3;src_12ac25a9c7d0;src_133fdd89d752;src_1495fd782897;src_1736c0a3ec30;src_1bfba426e3b5;src_1f601191f854;src_20272ab6e36a;src_2030b845ba85;src_2309bfc3c6e7;src_266b4a8f2871;src_2801af45cdb9;src_311cc910ec9c;src_35dc9a227b9d;src_37bb36627b0a;src_38b76ad6d621;src_39888cae09c0;src_3bb556ce074c;src_4335e7ba518b;src_455287f24eaa;src_46ea18ccd982;src_479d2731f25a;src_4974f6228fc1;src_4bb84f052046;src_5382eb64bc78;src_55b5558dc332;src_5dc6eea1d153;src_6e4e2af83481;src_70c832462968;src_76d67f0ab033;src_8146ea358c72;src_8636358d19c6;src_901fd94d7cbe;src_93a7d93d653b;src_958e85443ca9;src_98e80603d674;src_a5055e4ad044;src_a52f8efce7e9;src_a80bc86a4c74;src_abdb8cb63de8;src_adaecf4c039d;src_ceafeec6e80b;src_d5ecb237c645;src_d70d4ac7f1d1;src_d9d6678516c9;src_da251a703348;src_ddb68c27212e;src_e64c5f847c93;src_f170e550391c;src_f772fe35a149,cpc-rendered,CC BY-NC-SA 4.0;MIT;derived audio; source MIDI terms apply; SoundFont MIT;mixed,rec_75024038659c,Piano Sonatas 8-1,asap,expressive,complete,pass,data/derived/rendered_audio/fluidsynth-2.5.6-musescore-general-0.2-v1/rec_75024038659c.wav,48717868,0043f73b081c3de0fddf9014a942cf406fe2d211b59bcc33e359dfff8c9ab526,253.738667,48000,2,-11.133,-30.625,aln_b8618da5689e
exp_25932028e2c0,Wolfgang Amadeus Mozart,Classical,wrk_e3f8b040fa7a,wrk_e3f8b040fa7a,rec_79ec8391a9cb,sources/ACPAS-dataset/subset_S/Mozart/371_CPM_Sonata_No.11_A_major_KV_331_1/S_142_A_MAPS_mz_331_1_SptkBGCl.mid,,data/derived/rendered_audio/fluidsynth-2.5.6-musescore-general-0.2-v1/rec_79ec8391a9cb.wav,sources/ACPAS-dataset/subset_S/Mozart/371_CPM_Sonata_No.11_A_major_KV_331_1/S_142_A_MAPS_mz_331_1_SptkBGCl.mid,data/canonical/alignment_events.csv,,1,267,mid,cpc_canonical_beat,licensed_for_research,complete_movement,,true,true,ready,cmp_386b22f29c0d,Sonata No.11 A major KV 331 1,scv_b5b64d494d36,prf_977ed17f019c,aln_a92208ed5dde,synthetic_rendering,beat,source_provided_beat_annotations,source_exact,1.00,src_0652079a61ed;src_143d2083ea3b;src_201721f91bd9;src_5e778ba64441;src_60b4bd31396a;src_98e80603d674;src_a27f1f908d25;src_a80bc86a4c74;src_ab512abc5443;src_b1daedad7128;src_cbd17f29c96b;src_e15cd8fcb9ca;src_f15af9febf8d,cpc-rendered,MIT;derived audio; source MIDI terms apply; SoundFont MIT;mixed,rec_79ec8391a9cb,Sonata No.11 A major KV 331 1,acpas,synthetic,complete,pass,data/derived/rendered_audio/fluidsynth-2.5.6-musescore-general-0.2-v1/rec_79ec8391a9cb.wav,160023340,b002ae1d1dd8357f099b87ddc2b4856c90d80c1d87215fbd480241cb861a61e3,833.454667,48000,2,-15.079,-35.449,aln_a92208ed5dde
exp_5c9280ef502b,Wolfgang Amadeus Mozart,Classical,wrk_beabd58e0efb,wrk_beabd58e0efb,rec_7c9c438484f4,sources/ACPAS-dataset/subset_S/Mozart/382_CPM_Sonata_No.16_C_major_Sonata_facile_KV_545_3/S_154_A_MAPS_mz_545_3_StbgTGd2.mid,,data/derived/rendered_audio/fluidsynth-2.5.6-musescore-general-0.2-v1/rec_7c9c438484f4.wav,sources/ACPAS-dataset/subset_S/Mozart/382_CPM_Sonata_No.16_C_major_Sonata_facile_KV_545_3/S_154_A_MAPS_mz_545_3_StbgTGd2.mid,data/canonical/alignment_events.csv,,1,82,mid,cpc_canonical_beat,licensed_for_research,complete_movement,,true,true,ready,cmp_34a3a2c7440d,Sonata No.16 C major Sonata facile KV 545 3,scv_fd9963ecb0a0,prf_b5545d662ed9,aln_904ebaea6af0,synthetic_rendering,beat,source_provided_beat_annotations,source_exact,1.00,src_1296d2e72d58;src_20196613a30c;src_25f4acb9656a;src_292b5951b9bc;src_369598de2f45;src_67c02af59ac2;src_98e80603d674;src_9ca9529635f7;src_a404af70a29a;src_a559d55f2286;src_a80bc86a4c74;src_b28fe7ed5c15;src_baa8a946b765;src_c4f1107b21f9;src_d9ab206b4d58;src_ed02e3074612;src_efdc2c66a97b;src_f95e843361ac;src_ff80a0557f41,cpc-rendered,MIT;derived audio; source MIDI terms apply; SoundFont MIT;mixed,rec_7c9c438484f4,Sonata No.16 C major Sonata facile KV 545 3,acpas,synthetic,complete,pass,data/derived/rendered_audio/fluidsynth-2.5.6-musescore-general-0.2-v1/rec_7c9c438484f4.wav,20857900,30ab874425f854b0ced69ed73574f259b776594f26e9d8b8356740be713bde42,108.634667,48000,2,-15.226,-34.871,aln_904ebaea6af0
exp_ec25c9c1e4b9,Wolfgang Amadeus Mozart,Classical,wrk_57b95df3e8e3,wrk_57b95df3e8e3,rec_7f50fd73cec4,sources/ACPAS-dataset/subset_S/Mozart/365_CPM_Sonata_No.8_D_major_KV_311_1/S_1497_CPM.mid,,data/derived/rendered_audio/fluidsynth-2.5.6-musescore-general-0.2-v1/rec_7f50fd73cec4.wav,sources/ACPAS-dataset/subset_S/Mozart/365_CPM_Sonata_No.8_D_major_KV_311_1/S_1497_CPM.mid,data/canonical/alignment_events.csv,,1,344,mid,cpc_canonical_beat,licensed_for_research,complete_movement,,true,true,ready,cmp_b8edb65ab828,Sonata No.8 D major KV 311 1,scv_7431271ca21d,prf_f75d4ceef9ee,aln_5e685d405837,synthetic_rendering,beat,source_provided_beat_annotations,source_exact,1.00,src_101a4578ef5b;src_3df6fc0a96af;src_44d1cef07805;src_53736a701265;src_694c7d9d11d8;src_6c7edd68c85a;src_7b89f58d60b1;src_8fae8aa6ae1f;src_98e80603d674;src_9c2037d613a1;src_9cd385c42b12;src_a80bc86a4c74;src_c468e8c1dfe4;src_c87542b84d05;src_d5e4a061a1a0;src_ddaafc69925d;src_df354eb212df;src_edc76505f777;src_f5644eb58ac3,cpc-rendered,MIT;derived audio; source MIDI terms apply; SoundFont MIT;mixed,rec_7f50fd73cec4,Sonata No.8 D major KV 311 1,acpas,synthetic,complete,pass,data/derived/rendered_audio/fluidsynth-2.5.6-musescore-general-0.2-v1/rec_7f50fd73cec4.wav,134946092,aee4d0031ade2130d21dd8e774e6e8c3d021a0d0748b844db7fd416339c9fe89,702.844000,48000,2,-16.315,-40.150,aln_5e685d405837
exp_df572fe84fa9,Wolfgang Amadeus Mozart,Classical,wrk_f2fd7348d34e,wrk_f2fd7348d34e,rec_85b3f161802e,sources/ACPAS-dataset/subset_S/Mozart/376_ASAP_Piano_Sonatas_12-3/ASAP_12-3.mid,,data/derived/rendered_audio/fluidsynth-2.5.6-musescore-general-0.2-v1/rec_85b3f161802e.wav,sources/ACPAS-dataset/subset_S/Mozart/376_ASAP_Piano_Sonatas_12-3/ASAP_12-3.mid,data/canonical/alignment_events.csv,,1,245,mid,cpc_canonical_beat,licensed_for_research,complete_movement,,true,true,ready,cmp_ef443eed1fe6,Piano Sonatas 12-3,scv_2a284f591bd2,prf_f64430b75b90,aln_354a60ab746c,synthetic_rendering,beat,source_provided_beat_annotations,source_exact,1.00,src_00892c94453f;src_05fce6a1c094;src_082f5c6bf2e8;src_08e0bebe976d;src_0c55f3b2d324;src_0c57b0064acd;src_0cc8ec2a9729;src_0d77f89abc0e;src_0fd8d55cd61b;src_15c2c8e7aaaf;src_18c259203e28;src_230b83e7eb73;src_253ba719c792;src_28a2fbdb48e0;src_2d4c3f088c38;src_3a55a4800637;src_3c03b156384f;src_3d278fa1649d;src_3ea8f3df8a60;src_4381359fce9a;src_482a35184ba3;src_503c2db2ad29;src_510e5a6ab9ae;src_57f12b8cee90;src_63b49285a011;src_6517247c666e;src_68750706644c;src_6914081268ab;src_6944674d32bd;src_697613977243;src_6da7d92c3af7;src_7175e59affda;src_723a743b598e;src_73f40f01bd0a;src_76196252854b;src_791e601a8fbb;src_7c64b7722edc;src_7dc1d307f632;src_7ff9adc224ec;src_80a9c89b82ab;src_85955f07b57b;src_89a8148f121a;src_8ca3d224d6b1;src_8f4d84f70757;src_9160550b7c11;src_983129b28bef;src_98e80603d674;src_9c53262fd73d;src_a54e9255e601;src_a80bc86a4c74;src_ad95a65e4d1d;src_bc24ebd953f3;src_bc6797f5e8e6;src_c0c40c6aa029;src_c499401e65d4;src_c6d1c330ce90;src_c90c4af85197;src_d31196f2b412;src_d75b18bee77a;src_d9d40eb428b4;src_db2d4752bd56;src_e5bbb70b5783;src_e7744dfeddfd;src_f30700d5fdeb;src_f34d0412381b;src_f93243e72c48;src_fcae82b0b106,cpc-rendered,CC BY-NC-SA 4.0;CC BY-NC-SA 4.0; non-commercial research and education;MIT;derived audio; source MIDI terms apply; SoundFont MIT;mixed,rec_85b3f161802e,Piano Sonatas 12-3,acpas,expressive,complete,pass,data/derived/rendered_audio/fluidsynth-2.5.6-musescore-general-0.2-v1/rec_85b3f161802e.wav,59623468,0701cc67e2c4d49cc9856193bf994a6b8e2e3bda5f9299819c1237bb60846270,310.538667,48000,2,-10.750,-31.578,aln_354a60ab746c
exp_5678a828b49f,Wolfgang Amadeus Mozart,Classical,wrk_5e3acc6ed9a0,wrk_5e3acc6ed9a0,rec_87f9e35452d2,sources/ACPAS-dataset/subset_S/Mozart/373_CPM_Sonata_No.11_A_major_KV_331_3_Alla_Turca/S_146_A_MAPS_mz_331_3_AkPnBsdf.mid,,data/derived/rendered_audio/fluidsynth-2.5.6-musescore-general-0.2-v1/rec_87f9e35452d2.wav,sources/ACPAS-dataset/subset_S/Mozart/373_CPM_Sonata_No.11_A_major_KV_331_3_Alla_Turca/S_146_A_MAPS_mz_331_3_AkPnBsdf.mid,data/canonical/alignment_events.csv,,1,225,mid,cpc_canonical_beat,licensed_for_research,complete_movement,,true,true,ready,cmp_db49212242e7,Sonata No.11 A major KV 331 3 Alla Turca,scv_ed2a8a77da25,prf_2b950c184e6b,aln_f95524def586,synthetic_rendering,beat,source_provided_beat_annotations,source_exact,1.00,src_0cf334d0ba52;src_2005a7202940;src_301f82e33315;src_31d521ddb99a;src_32b22a173dec;src_3d188de5d1a9;src_41a95a647dc6;src_46f1668c962b;src_48f055259f4b;src_513dcce3a8d0;src_5c02ce97843e;src_6b885f35d7a0;src_98e80603d674;src_9df6e0db100d;src_a26bd6689d26;src_a6587afd1024;src_a80bc86a4c74;src_b7a270870566;src_bb3e3417cb3d;src_bb74cccb38da;src_c65081aea95f;src_c7b751c4833d;src_c86a515000ae;src_ca747718fbcc;src_e5be6dcbdebf,cpc-rendered,MIT;derived audio; source MIDI terms apply; SoundFont MIT;mixed,rec_87f9e35452d2,Sonata No.11 A major KV 331 3 Alla Turca,acpas,synthetic,complete,pass,data/derived/rendered_audio/fluidsynth-2.5.6-musescore-general-0.2-v1/rec_87f9e35452d2.wav,40044076,2eb3d5f61edbbb9d8507c97023ba60b0d2be72c484b48dc20737701c558b716c,208.562667,48000,2,-12.170,-31.813,aln_f95524def586
exp_2090c8e3437e,Wolfgang Amadeus Mozart,Classical,wrk_2fa6d226fadc,wrk_2fa6d226fadc,rec_90bc3dcc3257,sources/ACPAS-dataset/subset_S/Mozart/374_ASAP_Piano_Sonatas_12-1/ASAP_12-1.mid,,data/derived/rendered_audio/fluidsynth-2.5.6-musescore-general-0.2-v1/rec_90bc3dcc3257.wav,sources/ACPAS-dataset/subset_S/Mozart/374_ASAP_Piano_Sonatas_12-1/ASAP_12-1.mid,data/canonical/alignment_events.csv,,1,229,mid,cpc_canonical_beat,licensed_for_research,complete_movement,,true,true,ready,cmp_adac7544dea5,Piano Sonatas 12-1,scv_7366396ee839,prf_bf716db590f4,aln_46da66d92efd,synthetic_rendering,beat,source_provided_beat_annotations,source_exact,1.00,src_07c22c5396d6;src_0afebc7f4cff;src_0c94bc9a0e09;src_0d15c86aa340;src_0d5603dbe5e3;src_0fd8d55cd61b;src_15c2c8e7aaaf;src_1abf3c8199ca;src_24f037f265a0;src_2feafe77fb45;src_3161b43d12a2;src_398046b41b1f;src_39bc93a264a3;src_3ef7724dcb93;src_42c5a7472dd4;src_449c619e7b06;src_44c9e83e2d34;src_46036bca0454;src_460e23dafbfc;src_47e3eb9be6ce;src_4d473ef2028b;src_504f51622168;src_5455dc5e0fa6;src_5966c9239ca1;src_59cf516a57bf;src_6517247c666e;src_6795939e6905;src_681be5f7819e;src_6b06642a3a16;src_6d2472e2eb85;src_6d5c740f350c;src_772c8d92b1ac;src_7ad99a4a6282;src_8267604413ee;src_829ca567d246;src_8389b18fede1;src_8afeb6414517;src_8ca285a77009;src_8e75c9965045;src_91f15e348e6d;src_969c75c98765;src_98e80603d674;src_9d2daae1dc76;src_9d66394bc6b2;src_a0235c846619;src_a0ec28194667;src_a18c5fba0ec8;src_a5f6b1f808ce;src_a80bc86a4c74;src_abc1e0a78631;src_ad95a65e4d1d;src_b1d09323c87c;src_b215e701b9ef;src_b8961303feef;src_b9a375b16e03;src_be798d1d6a18;src_c049239c45e6;src_cab548b856fb;src_ce5143c5b12f;src_d17a07d367c8;src_d2adad0aa7f7;src_d44fe079d778;src_d8111c00e6a7;src_e005ca1d8e02;src_e1aeb70d3627;src_e3a1a16defb3;src_e625d38f1681;src_ea16300f0a82;src_ec60949d9db9;src_ecc096c385aa;src_f1007a97618e;src_f2ded2ea8b0d;src_f30c0b1b8b1c;src_f36c44d72230;src_f551b24ef60f;src_f665ed0359ed;src_f9e88dfd3a1f;src_fc48810e4a22;src_fcec570aa9d5;src_ffaea669dcba,cpc-rendered,CC BY-NC-SA 4.0;CC BY-NC-SA 4.0; non-commercial research and education;MIT;derived audio; source MIDI terms apply; SoundFont MIT;mixed,rec_90bc3dcc3257,Piano Sonatas 12-1,acpas,synthetic,complete,pass,data/derived/rendered_audio/fluidsynth-2.5.6-musescore-general-0.2-v1/rec_90bc3dcc3257.wav,60731948,82df6967cd467d0c3a881754a5e710b10b3a3e92d0807e9b1ee6759bece0945f,316.312000,48000,2,-12.527,-33.387,aln_46da66d92efd
exp_0dc6759b6227,Wolfgang Amadeus Mozart,Classical,wrk_6ce03f05af78,wrk_6ce03f05af78,rec_967be27cc07c,sources/ACPAS-dataset/subset_R/Mozart/379_CPM_Sonata_No.13_Bb_major_KV_333_3/R_35_A_MAPS_mz_333_3_ENSTDkCl.mid,,data/derived/rendered_audio/fluidsynth-2.5.6-musescore-general-0.2-v1/rec_967be27cc07c.wav,sources/ACPAS-dataset/subset_R/Mozart/379_CPM_Sonata_No.13_Bb_major_KV_333_3/R_35_A_MAPS_mz_333_3_ENSTDkCl.mid,data/canonical/alignment_events.csv,,1,226,mid,cpc_canonical_beat,licensed_for_research,complete_movement,,true,true,ready,cmp_597e34f68688,Sonata No.13 Bb major KV 333 3,scv_df6e32893b18,prf_1741260b2efb,aln_f37d1d57dbeb,synthetic_rendering,beat,source_provided_beat_annotations,source_exact,1.00,src_0640c63aba27;src_0950ca8b92b8;src_0dcb28645532;src_0fd6b783c1b8;src_28096b2e13e3;src_2b0ec5457abc;src_31e6285994f4;src_46fbd15de8fa;src_7648271d60a6;src_7bea5aaf912b;src_8b75b4e68eeb;src_98e80603d674;src_a4fd97027fe1;src_a80bc86a4c74;src_bdc23eefd745;src_c8a16abdb42d;src_e42854aa5938;src_ee891eb762bb;src_f2b90cf613d2,cpc-rendered,MIT;derived audio; source MIDI terms apply; SoundFont MIT;mixed,rec_967be27cc07c,Sonata No.13 Bb major KV 333 3,acpas,expressive,complete,pass,data/derived/rendered_audio/fluidsynth-2.5.6-musescore-general-0.2-v1/rec_967be27cc07c.wav,68476204,3fe0e5e161e489c5c8b2222f5152fbec636fd1a25d4b83bee74a2a4d4975aff5,356.646667,48000,2,-8.954,-31.532,aln_f37d1d57dbeb
exp_9b2a421ec029,Wolfgang Amadeus Mozart,Classical,wrk_5e3acc6ed9a0,wrk_5e3acc6ed9a0,rec_a29a5949349f,sources/ACPAS-dataset/subset_S/Mozart/373_CPM_Sonata_No.11_A_major_KV_331_3_Alla_Turca/S_1505_CPM.mid,,data/derived/rendered_audio/fluidsynth-2.5.6-musescore-general-0.2-v1/rec_a29a5949349f.wav,sources/ACPAS-dataset/subset_S/Mozart/373_CPM_Sonata_No.11_A_major_KV_331_3_Alla_Turca/S_1505_CPM.mid,data/canonical/alignment_events.csv,,1,224,mid,cpc_canonical_beat,licensed_for_research,complete_movement,,true,true,ready,cmp_db49212242e7,Sonata No.11 A major KV 331 3 Alla Turca,scv_4420388aa87c,prf_bc3d8d9bd64b,aln_5a05c3623c17,synthetic_rendering,beat,source_provided_beat_annotations,source_exact,1.00,src_0cf334d0ba52;src_2005a7202940;src_301f82e33315;src_31d521ddb99a;src_32b22a173dec;src_3d188de5d1a9;src_41a95a647dc6;src_46f1668c962b;src_48f055259f4b;src_513dcce3a8d0;src_5c02ce97843e;src_6b885f35d7a0;src_98e80603d674;src_9df6e0db100d;src_a26bd6689d26;src_a6587afd1024;src_a80bc86a4c74;src_b7a270870566;src_bb3e3417cb3d;src_bb74cccb38da;src_c65081aea95f;src_c7b751c4833d;src_c86a515000ae;src_ca747718fbcc;src_e5be6dcbdebf,cpc-rendered,MIT;derived audio; source MIDI terms apply; SoundFont MIT;mixed,rec_a29a5949349f,Sonata No.11 A major KV 331 3 Alla Turca,acpas,synthetic,complete,pass,data/derived/rendered_audio/fluidsynth-2.5.6-musescore-general-0.2-v1/rec_a29a5949349f.wav,40023340,3a2574fcaa14adeb490b2ac774a8819afe971daa7993409766b0bd94c4f6e960,208.454667,48000,2,-11.993,-31.677,aln_5a05c3623c17
exp_db5ade2f949e,Wolfgang Amadeus Mozart,Classical,wrk_8e20f86737b4,wrk_8e20f86737b4,rec_a3881ebb1056,sources/ACPAS-dataset/subset_S/Mozart/375_ASAP_Piano_Sonatas_12-2/ASAP_12-2.mid,,data/derived/rendered_audio/fluidsynth-2.5.6-musescore-general-0.2-v1/rec_a3881ebb1056.wav,sources/ACPAS-dataset/subset_S/Mozart/375_ASAP_Piano_Sonatas_12-2/ASAP_12-2.mid,data/canonical/alignment_events.csv,,1,40,mid,cpc_canonical_beat,licensed_for_research,complete_movement,,true,true,ready,cmp_eda77c2e8305,Piano Sonatas 12-2,scv_fb7bd6feab3c,prf_1b4e8a126b49,aln_f8efb9116020,synthetic_rendering,beat,source_provided_beat_annotations,source_exact,1.00,src_2485576c71fe;src_30aa10fd6720;src_337cfb67733b;src_37bd798c1681;src_3b51b65e1d21;src_3dd21c955736;src_435435ed61bf;src_5a57fceeea0d;src_67ef86dcb1bd;src_687aa544eaaf;src_69176cda3201;src_699ad9a07ebe;src_6c5295f565c1;src_773896867338;src_7893a91f0b23;src_7a0414aee7b6;src_829c5f7461f6;src_8f49e6203298;src_959c0f52c3a8;src_98e80603d674;src_9b61d7884467;src_a02b69a9fb89;src_a80bc86a4c74;src_b0ac4d0daea3;src_c7a5b1dc1121;src_c7b9e4ded88a;src_caa99495cf9f;src_d6d9fec6248d;src_d890158e5c17;src_da292dc8c2ab;src_e08285481992;src_e4f0de46f79c;src_e63dc4e4cf6b;src_e725cb9571d6;src_e963c8465711;src_ea652258f512;src_f082886ff1fa;src_ffb0192febf9,cpc-rendered,CC BY-NC-SA 4.0;CC BY-NC-SA 4.0; non-commercial research and education;MIT;derived audio; source MIDI terms apply; SoundFont MIT;mixed,rec_a3881ebb1056,Piano Sonatas 12-2,acpas,synthetic,complete,pass,data/derived/rendered_audio/fluidsynth-2.5.6-musescore-general-0.2-v1/rec_a3881ebb1056.wav,56370476,64876cf63b509ae36da564d58ea9bf2daefe3033f5b2802afa6166d72a3adfca,293.596000,48000,2,-16.281,-36.436,aln_f8efb9116020
exp_44c3ce566ab5,Wolfgang Amadeus Mozart,Classical,wrk_beabd58e0efb,wrk_beabd58e0efb,rec_a48b49cd9c37,sources/ACPAS-dataset/subset_R/Mozart/382_CPM_Sonata_No.16_C_major_Sonata_facile_KV_545_3/R_36_A_MAPS_mz_545_3_ENSTDkCl.mid,,data/derived/rendered_audio/fluidsynth-2.5.6-musescore-general-0.2-v1/rec_a48b49cd9c37.wav,sources/ACPAS-dataset/subset_R/Mozart/382_CPM_Sonata_No.16_C_major_Sonata_facile_KV_545_3/R_36_A_MAPS_mz_545_3_ENSTDkCl.mid,data/canonical/alignment_events.csv,,1,82,mid,cpc_canonical_beat,licensed_for_research,complete_movement,,true,true,ready,cmp_34a3a2c7440d,Sonata No.16 C major Sonata facile KV 545 3,scv_53abf1e9c98c,prf_f84256bcc389,aln_badca2a6b56a,synthetic_rendering,beat,source_provided_beat_annotations,source_exact,1.00,src_1296d2e72d58;src_20196613a30c;src_25f4acb9656a;src_292b5951b9bc;src_369598de2f45;src_67c02af59ac2;src_98e80603d674;src_9ca9529635f7;src_a404af70a29a;src_a559d55f2286;src_a80bc86a4c74;src_b28fe7ed5c15;src_baa8a946b765;src_c4f1107b21f9;src_d9ab206b4d58;src_ed02e3074612;src_efdc2c66a97b;src_f95e843361ac;src_ff80a0557f41,cpc-rendered,MIT;derived audio; source MIDI terms apply; SoundFont MIT;mixed,rec_a48b49cd9c37,Sonata No.16 C major Sonata facile KV 545 3,acpas,expressive,complete,pass,data/derived/rendered_audio/fluidsynth-2.5.6-musescore-general-0.2-v1/rec_a48b49cd9c37.wav,20864300,6607e07cbc5e840d926e3abf5845204e373da02ddce30cc014e641510edb3415,108.668000,48000,2,-15.730,-34.879,aln_badca2a6b56a
exp_9bece340b30c,Wolfgang Amadeus Mozart,Classical,wrk_f1aa6de79926,wrk_f1aa6de79926,rec_a951bcd8870e,sources/ACPAS-dataset/subset_S/Mozart/364_ASAP_Fantasie_475/ASAP_Fantasie_475.mid,,data/derived/rendered_audio/fluidsynth-2.5.6-musescore-general-0.2-v1/rec_a951bcd8870e.wav,sources/ACPAS-dataset/subset_S/Mozart/364_ASAP_Fantasie_475/ASAP_Fantasie_475.mid,data/canonical/alignment_events.csv,,1,186,mid,cpc_canonical_beat,licensed_for_research,complete_movement,,true,true,ready,cmp_7e0267a3eef2,Fantasie 475,scv_c2fb5dedf769,prf_32c0fc6b116a,aln_89d793c1e3f7,synthetic_rendering,beat,source_provided_beat_annotations,source_exact,1.00,src_13c93634ed9a;src_14f5d4f52566;src_160a940079d9;src_1a8ff7231fb7;src_22d0ec95fd3d;src_279fd91223da;src_2b5e4ae504b8;src_2bf31afde6df;src_2c705541bde3;src_3eccd7e95db3;src_444420052abc;src_47408935e583;src_4bfb57645b76;src_60383a4042c5;src_6fb6a2d13d96;src_75010ae66974;src_79f2ff293c6a;src_89081fc60e54;src_8bd00815149f;src_8bda8da01c2a;src_98e80603d674;src_a5b38292ea91;src_a5ec05b28b35;src_a80bc86a4c74;src_ad90704af859;src_b6164e9c88ce;src_b7de61ee675b;src_bc1ed3940b25;src_bc80330f856a;src_bed7b5bbaebf;src_c4b4c3e851c9;src_d6b361eef0e7;src_ea8118a3d675;src_fdd68fd8dc05,cpc-rendered,CC BY-NC-SA 4.0;CC BY-NC-SA 4.0; non-commercial research and education;MIT;derived audio; source MIDI terms apply; SoundFont MIT;mixed,rec_a951bcd8870e,Fantasie 475,acpas,synthetic,complete,pass,data/derived/rendered_audio/fluidsynth-2.5.6-musescore-general-0.2-v1/rec_a951bcd8870e.wav,133416492,af9c334afaace6863717894682d4fab44b2d5b6c3b746d92fbee5f4159cac71f,694.877333,48000,2,-11.683,-35.226,aln_89d793c1e3f7
exp_e7ddc6127c18,Wolfgang Amadeus Mozart,Classical,wrk_57b95df3e8e3,wrk_57b95df3e8e3,rec_ae056999d834,sources/ACPAS-dataset/subset_S/Mozart/365_CPM_Sonata_No.8_D_major_KV_311_1/S_140_A_MAPS_mz_311_1_StbgTGd2.mid,,data/derived/rendered_audio/fluidsynth-2.5.6-musescore-general-0.2-v1/rec_ae056999d834.wav,sources/ACPAS-dataset/subset_S/Mozart/365_CPM_Sonata_No.8_D_major_KV_311_1/S_140_A_MAPS_mz_311_1_StbgTGd2.mid,data/canonical/alignment_events.csv,,1,152,mid,cpc_canonical_beat,licensed_for_research,complete_movement,,true,true,ready,cmp_b8edb65ab828,Sonata No.8 D major KV 311 1,scv_7b90e90f2ab4,prf_5b8a09fd07b5,aln_a07489e8a6b2,synthetic_rendering,beat,source_provided_beat_annotations,source_exact,1.00,src_101a4578ef5b;src_3df6fc0a96af;src_44d1cef07805;src_53736a701265;src_694c7d9d11d8;src_6c7edd68c85a;src_7b89f58d60b1;src_8fae8aa6ae1f;src_98e80603d674;src_9c2037d613a1;src_9cd385c42b12;src_a80bc86a4c74;src_c468e8c1dfe4;src_c87542b84d05;src_d5e4a061a1a0;src_ddaafc69925d;src_df354eb212df;src_edc76505f777;src_f5644eb58ac3,cpc-rendered,MIT;derived audio; source MIDI terms apply; SoundFont MIT;mixed,rec_ae056999d834,Sonata No.8 D major KV 311 1,acpas,synthetic,complete,pass,data/derived/rendered_audio/fluidsynth-2.5.6-musescore-general-0.2-v1/rec_ae056999d834.wav,53183788,f5d2c6f18d26351b817a72302c9e51c2b4ef5c22697047fd86b59d9d9eedd6ee,276.998667,48000,2,-17.475,-36.233,aln_a07489e8a6b2
exp_4d0b55e5eead,Wolfgang Amadeus Mozart,Classical,wrk_f2fd7348d34e,wrk_f2fd7348d34e,rec_af7e5d298d64,sources/ACPAS-dataset/subset_S/Mozart/376_ASAP_Piano_Sonatas_12-3/ASAP_12-3.mid,,data/derived/rendered_audio/fluidsynth-2.5.6-musescore-general-0.2-v1/rec_af7e5d298d64.wav,sources/ACPAS-dataset/subset_S/Mozart/376_ASAP_Piano_Sonatas_12-3/ASAP_12-3.mid,data/canonical/alignment_events.csv,,1,245,mid,cpc_canonical_beat,licensed_for_research,complete_movement,,true,true,ready,cmp_ef443eed1fe6,Piano Sonatas 12-3,scv_2a284f591bd2,prf_680917d8d6c7,aln_c7b36af66dd0,synthetic_rendering,beat,source_provided_beat_annotations,source_exact,1.00,src_00892c94453f;src_05fce6a1c094;src_082f5c6bf2e8;src_08e0bebe976d;src_0c55f3b2d324;src_0c57b0064acd;src_0cc8ec2a9729;src_0d77f89abc0e;src_0fd8d55cd61b;src_15c2c8e7aaaf;src_18c259203e28;src_230b83e7eb73;src_253ba719c792;src_28a2fbdb48e0;src_2d4c3f088c38;src_3a55a4800637;src_3c03b156384f;src_3d278fa1649d;src_3ea8f3df8a60;src_4381359fce9a;src_482a35184ba3;src_503c2db2ad29;src_510e5a6ab9ae;src_57f12b8cee90;src_63b49285a011;src_6517247c666e;src_68750706644c;src_6914081268ab;src_6944674d32bd;src_697613977243;src_6da7d92c3af7;src_7175e59affda;src_723a743b598e;src_73f40f01bd0a;src_76196252854b;src_791e601a8fbb;src_7c64b7722edc;src_7dc1d307f632;src_7ff9adc224ec;src_80a9c89b82ab;src_85955f07b57b;src_89a8148f121a;src_8ca3d224d6b1;src_8f4d84f70757;src_9160550b7c11;src_983129b28bef;src_98e80603d674;src_9c53262fd73d;src_a54e9255e601;src_a80bc86a4c74;src_ad95a65e4d1d;src_bc24ebd953f3;src_bc6797f5e8e6;src_c0c40c6aa029;src_c499401e65d4;src_c6d1c330ce90;src_c90c4af85197;src_d31196f2b412;src_d75b18bee77a;src_d9d40eb428b4;src_db2d4752bd56;src_e5bbb70b5783;src_e7744dfeddfd;src_f30700d5fdeb;src_f34d0412381b;src_f93243e72c48;src_fcae82b0b106,cpc-rendered,CC BY-NC-SA 4.0;CC BY-NC-SA 4.0; non-commercial research and education;MIT;derived audio; source MIDI terms apply; SoundFont MIT;mixed,rec_af7e5d298d64,Piano Sonatas 12-3,acpas,expressive,complete,pass,data/derived/rendered_audio/fluidsynth-2.5.6-musescore-general-0.2-v1/rec_af7e5d298d64.wav,56525356,98651490c1408ce93d68abf4ec5daee8bb937751bbcea48ca9a80fe6d887c5d2,294.402667,48000,2,-11.140,-32.022,aln_c7b36af66dd0
exp_a2b471ac1472,Wolfgang Amadeus Mozart,Classical,wrk_f2fd7348d34e,wrk_f2fd7348d34e,rec_b2249f244493,sources/ACPAS-dataset/subset_S/Mozart/376_ASAP_Piano_Sonatas_12-3/ASAP_12-3.mid,,data/derived/rendered_audio/fluidsynth-2.5.6-musescore-general-0.2-v1/rec_b2249f244493.wav,sources/ACPAS-dataset/subset_S/Mozart/376_ASAP_Piano_Sonatas_12-3/ASAP_12-3.mid,data/canonical/alignment_events.csv,,1,245,mid,cpc_canonical_beat,licensed_for_research,complete_movement,,true,true,ready,cmp_ef443eed1fe6,Piano Sonatas 12-3,scv_2a284f591bd2,prf_e5b822aed11e,aln_9454e7a768b4,synthetic_rendering,beat,source_provided_beat_annotations,source_exact,1.00,src_00892c94453f;src_05fce6a1c094;src_082f5c6bf2e8;src_08e0bebe976d;src_0c55f3b2d324;src_0c57b0064acd;src_0cc8ec2a9729;src_0d77f89abc0e;src_0fd8d55cd61b;src_15c2c8e7aaaf;src_18c259203e28;src_230b83e7eb73;src_253ba719c792;src_28a2fbdb48e0;src_2d4c3f088c38;src_3a55a4800637;src_3c03b156384f;src_3d278fa1649d;src_3ea8f3df8a60;src_4381359fce9a;src_482a35184ba3;src_503c2db2ad29;src_510e5a6ab9ae;src_57f12b8cee90;src_63b49285a011;src_6517247c666e;src_68750706644c;src_6914081268ab;src_6944674d32bd;src_697613977243;src_6da7d92c3af7;src_7175e59affda;src_723a743b598e;src_73f40f01bd0a;src_76196252854b;src_791e601a8fbb;src_7c64b7722edc;src_7dc1d307f632;src_7ff9adc224ec;src_80a9c89b82ab;src_85955f07b57b;src_89a8148f121a;src_8ca3d224d6b1;src_8f4d84f70757;src_9160550b7c11;src_983129b28bef;src_98e80603d674;src_9c53262fd73d;src_a54e9255e601;src_a80bc86a4c74;src_ad95a65e4d1d;src_bc24ebd953f3;src_bc6797f5e8e6;src_c0c40c6aa029;src_c499401e65d4;src_c6d1c330ce90;src_c90c4af85197;src_d31196f2b412;src_d75b18bee77a;src_d9d40eb428b4;src_db2d4752bd56;src_e5bbb70b5783;src_e7744dfeddfd;src_f30700d5fdeb;src_f34d0412381b;src_f93243e72c48;src_fcae82b0b106,cpc-rendered,CC BY-NC-SA 4.0;CC BY-NC-SA 4.0; non-commercial research and education;MIT;derived audio; source MIDI terms apply; SoundFont MIT;mixed,rec_b2249f244493,Piano Sonatas 12-3,acpas,synthetic,complete,pass,data/derived/rendered_audio/fluidsynth-2.5.6-musescore-general-0.2-v1/rec_b2249f244493.wav,56525356,98651490c1408ce93d68abf4ec5daee8bb937751bbcea48ca9a80fe6d887c5d2,294.402667,48000,2,-11.140,-32.022,aln_9454e7a768b4
exp_4da4751eeb65,Wolfgang Amadeus Mozart,Classical,wrk_73de062f35d4,wrk_73de062f35d4,rec_b440d6da6cfa,sources/ACPAS-dataset/subset_R/Mozart/378_CPM_Sonata_No.13_Bb_major_KV_333_2/R_34_A_MAPS_mz_333_2_ENSTDkCl.mid,,data/derived/rendered_audio/fluidsynth-2.5.6-musescore-general-0.2-v1/rec_b440d6da6cfa.wav,sources/ACPAS-dataset/subset_R/Mozart/378_CPM_Sonata_No.13_Bb_major_KV_333_2/R_34_A_MAPS_mz_333_2_ENSTDkCl.mid,data/canonical/alignment_events.csv,,1,164,mid,cpc_canonical_beat,licensed_for_research,complete_movement,,true,true,ready,cmp_0054edb621f3,Sonata No.13 Bb major KV 333 2,scv_c9c8377cb2e3,prf_c1d3b18fe02d,aln_7559d2a45a06,synthetic_rendering,beat,source_provided_beat_annotations,source_exact,1.00,src_09ddae2f4214;src_0dd84cbd9470;src_23293e7b2772;src_26569807521e;src_373f19153118;src_59a002431968;src_68ef5b1f10a1;src_7146a6dc3dc9;src_8f56db2f60be;src_96cc09019a17;src_97388f0a409c;src_97755e45af75;src_98e80603d674;src_9df9ce16b33a;src_a5fc5a02e081;src_a80bc86a4c74;src_b89eec102a12;src_b90d70844fe1;src_c946c8405561;src_cd938bbe80d0;src_d6c71f0b4dba;src_d89e69abbceb;src_e11796bfecb0;src_f611bc3f7b9b;src_fe2f891c9f6b,cpc-rendered,MIT;derived audio; source MIDI terms apply; SoundFont MIT;mixed,rec_b440d6da6cfa,Sonata No.13 Bb major KV 333 2,acpas,expressive,complete,pass,data/derived/rendered_audio/fluidsynth-2.5.6-musescore-general-0.2-v1/rec_b440d6da6cfa.wav,103292460,c217a8a816ec38c08e861388e238175c38e1edccc73e46008b039202e146f953,537.981333,48000,2,-14.776,-35.962,aln_7559d2a45a06
exp_943a05670c0e,Wolfgang Amadeus Mozart,Classical,wrk_336c27b116c9,wrk_336c27b116c9,rec_b636cb34e771,sources/ACPAS-dataset/subset_S/Mozart/380_CPM_Sonata_No.16_C_major_Sonata_facile_KV_545_1/S_1512_CPM.mid,,data/derived/rendered_audio/fluidsynth-2.5.6-musescore-general-0.2-v1/rec_b636cb34e771.wav,sources/ACPAS-dataset/subset_S/Mozart/380_CPM_Sonata_No.16_C_major_Sonata_facile_KV_545_1/S_1512_CPM.mid,data/canonical/alignment_events.csv,,1,146,mid,cpc_canonical_beat,licensed_for_research,complete_movement,,true,true,ready,cmp_d79dbb6b49be,Sonata No.16 C major Sonata facile KV 545 1,scv_43c200d4c5a8,prf_2b47b140ae89,aln_0593a4e940e7,synthetic_rendering,beat,source_provided_beat_annotations,source_exact,1.00,src_5e842dd9fb47;src_82f7e9886aae;src_98e80603d674;src_a373aa4c5502;src_a80bc86a4c74;src_aa3139d54d6b;src_b70fa5abae91,cpc-rendered,MIT;derived audio; source MIDI terms apply; SoundFont MIT;mixed,rec_b636cb34e771,Sonata No.16 C major Sonata facile KV 545 1,acpas,synthetic,complete,pass,data/derived/rendered_audio/fluidsynth-2.5.6-musescore-general-0.2-v1/rec_b636cb34e771.wav,54080044,40518e1438db687e63acdccea1625dd78d0e253885e83e41dca0b0dc64c7131e,281.666667,48000,2,-16.267,-35.030,aln_0593a4e940e7
exp_8fc5966610ed,Wolfgang Amadeus Mozart,Classical,wrk_5e3acc6ed9a0,wrk_5e3acc6ed9a0,rec_be3c370fe3b1,sources/ACPAS-dataset/subset_R/Mozart/373_CPM_Sonata_No.11_A_major_KV_331_3_Alla_Turca/R_32_A_MAPS_mz_331_3_ENSTDkCl.mid,,data/derived/rendered_audio/fluidsynth-2.5.6-musescore-general-0.2-v1/rec_be3c370fe3b1.wav,sources/ACPAS-dataset/subset_R/Mozart/373_CPM_Sonata_No.11_A_major_KV_331_3_Alla_Turca/R_32_A_MAPS_mz_331_3_ENSTDkCl.mid,data/canonical/alignment_events.csv,,1,225,mid,cpc_canonical_beat,licensed_for_research,complete_movement,,true,true,ready,cmp_db49212242e7,Sonata No.11 A major KV 331 3 Alla Turca,scv_531af6bfabae,prf_08bd33725e0b,aln_1f51410ea128,synthetic_rendering,beat,source_provided_beat_annotations,source_exact,1.00,src_0cf334d0ba52;src_2005a7202940;src_301f82e33315;src_31d521ddb99a;src_32b22a173dec;src_3d188de5d1a9;src_41a95a647dc6;src_46f1668c962b;src_48f055259f4b;src_513dcce3a8d0;src_5c02ce97843e;src_6b885f35d7a0;src_98e80603d674;src_9df6e0db100d;src_a26bd6689d26;src_a6587afd1024;src_a80bc86a4c74;src_b7a270870566;src_bb3e3417cb3d;src_bb74cccb38da;src_c65081aea95f;src_c7b751c4833d;src_c86a515000ae;src_ca747718fbcc;src_e5be6dcbdebf,cpc-rendered,MIT;derived audio; source MIDI terms apply; SoundFont MIT;mixed,rec_be3c370fe3b1,Sonata No.11 A major KV 331 3 Alla Turca,acpas,expressive,complete,pass,data/derived/rendered_audio/fluidsynth-2.5.6-musescore-general-0.2-v1/rec_be3c370fe3b1.wav,40054060,21ea28f5e77a9c368c259eea514fee1185f5b9c83359fae48a317d3d4b4cb1b3,208.614667,48000,2,-11.883,-31.733,aln_1f51410ea128
exp_670a4a28c2bb,Wolfgang Amadeus Mozart,Classical,wrk_8e20f86737b4,wrk_8e20f86737b4,rec_be7e49226091,sources/ACPAS-dataset/subset_S/Mozart/375_ASAP_Piano_Sonatas_12-2/ASAP_12-2.mid,,data/derived/rendered_audio/fluidsynth-2.5.6-musescore-general-0.2-v1/rec_be7e49226091.wav,sources/ACPAS-dataset/subset_S/Mozart/375_ASAP_Piano_Sonatas_12-2/ASAP_12-2.mid,data/canonical/alignment_events.csv,,1,40,mid,cpc_canonical_beat,licensed_for_research,complete_movement,,true,true,ready,cmp_eda77c2e8305,Piano Sonatas 12-2,scv_fb7bd6feab3c,prf_731aca735ed7,aln_f91520f228fc,synthetic_rendering,beat,source_provided_beat_annotations,source_exact,1.00,src_2485576c71fe;src_30aa10fd6720;src_337cfb67733b;src_37bd798c1681;src_3b51b65e1d21;src_3dd21c955736;src_435435ed61bf;src_5a57fceeea0d;src_67ef86dcb1bd;src_687aa544eaaf;src_69176cda3201;src_699ad9a07ebe;src_6c5295f565c1;src_773896867338;src_7893a91f0b23;src_7a0414aee7b6;src_829c5f7461f6;src_8f49e6203298;src_959c0f52c3a8;src_98e80603d674;src_9b61d7884467;src_a02b69a9fb89;src_a80bc86a4c74;src_b0ac4d0daea3;src_c7a5b1dc1121;src_c7b9e4ded88a;src_caa99495cf9f;src_d6d9fec6248d;src_d890158e5c17;src_da292dc8c2ab;src_e08285481992;src_e4f0de46f79c;src_e63dc4e4cf6b;src_e725cb9571d6;src_e963c8465711;src_ea652258f512;src_f082886ff1fa;src_ffb0192febf9,cpc-rendered,CC BY-NC-SA 4.0;CC BY-NC-SA 4.0; non-commercial research and education;MIT;derived audio; source MIDI terms apply; SoundFont MIT;mixed,rec_be7e49226091,Piano Sonatas 12-2,acpas,synthetic,complete,pass,data/derived/rendered_audio/fluidsynth-2.5.6-musescore-general-0.2-v1/rec_be7e49226091.wav,49178412,f4aad772c0a193552b7d99f619c08adbd939f6a0953188cac9f758cac1eadc42,256.137333,48000,2,-15.940,-35.627,aln_f91520f228fc
exp_cf8ba7c01af4,Wolfgang Amadeus Mozart,Classical,wrk_6ce03f05af78,wrk_6ce03f05af78,rec_c52920aee8dd,sources/ACPAS-dataset/subset_S/Mozart/379_CPM_Sonata_No.13_Bb_major_KV_333_3/S_153_A_MAPS_mz_333_3_StbgTGd2.mid,,data/derived/rendered_audio/fluidsynth-2.5.6-musescore-general-0.2-v1/rec_c52920aee8dd.wav,sources/ACPAS-dataset/subset_S/Mozart/379_CPM_Sonata_No.13_Bb_major_KV_333_3/S_153_A_MAPS_mz_333_3_StbgTGd2.mid,data/canonical/alignment_events.csv,,1,226,mid,cpc_canonical_beat,licensed_for_research,complete_movement,,true,true,ready,cmp_597e34f68688,Sonata No.13 Bb major KV 333 3,scv_ddc5ff9704cd,prf_e48e1d2f1981,aln_42b4cb10927e,synthetic_rendering,beat,source_provided_beat_annotations,source_exact,1.00,src_0640c63aba27;src_0950ca8b92b8;src_0dcb28645532;src_0fd6b783c1b8;src_28096b2e13e3;src_2b0ec5457abc;src_31e6285994f4;src_46fbd15de8fa;src_7648271d60a6;src_7bea5aaf912b;src_8b75b4e68eeb;src_98e80603d674;src_a4fd97027fe1;src_a80bc86a4c74;src_bdc23eefd745;src_c8a16abdb42d;src_e42854aa5938;src_ee891eb762bb;src_f2b90cf613d2,cpc-rendered,MIT;derived audio; source MIDI terms apply; SoundFont MIT;mixed,rec_c52920aee8dd,Sonata No.13 Bb major KV 333 3,acpas,synthetic,complete,pass,data/derived/rendered_audio/fluidsynth-2.5.6-musescore-general-0.2-v1/rec_c52920aee8dd.wav,68485932,a7217780f583e606c842501307f6c44ac9b75fa23a2c06c390dfc8e947e6e427,356.697333,48000,2,-10.376,-31.610,aln_42b4cb10927e
exp_a72fb196cd38,Wolfgang Amadeus Mozart,Classical,wrk_16208b873f55,wrk_16208b873f55,rec_c635dd1d34bb,sources/ACPAS-dataset/subset_S/Mozart/386_ASAP_Piano_Sonatas_8-1/ASAP_8-1.mid,,data/derived/rendered_audio/fluidsynth-2.5.6-musescore-general-0.2-v1/rec_c635dd1d34bb.wav,sources/ACPAS-dataset/subset_S/Mozart/386_ASAP_Piano_Sonatas_8-1/ASAP_8-1.mid,data/canonical/alignment_events.csv,,1,133,mid,cpc_canonical_beat,licensed_for_research,complete_movement,,true,true,ready,cmp_fef1cb83d033,Piano Sonatas 8-1,scv_e800c11bc3c7,prf_ad010c5db450,aln_b66c6ea27150,synthetic_rendering,beat,source_provided_beat_annotations,source_exact,1.00,src_00a034d80378;src_02351c287cce;src_0959f7f0c921;src_0c5b459f3713;src_120b85d303a3;src_12ac25a9c7d0;src_133fdd89d752;src_1495fd782897;src_1736c0a3ec30;src_1bfba426e3b5;src_1f601191f854;src_20272ab6e36a;src_2030b845ba85;src_2309bfc3c6e7;src_266b4a8f2871;src_2801af45cdb9;src_311cc910ec9c;src_35dc9a227b9d;src_37bb36627b0a;src_38b76ad6d621;src_39888cae09c0;src_3bb556ce074c;src_4335e7ba518b;src_455287f24eaa;src_46ea18ccd982;src_479d2731f25a;src_4974f6228fc1;src_4bb84f052046;src_5382eb64bc78;src_55b5558dc332;src_5dc6eea1d153;src_6e4e2af83481;src_70c832462968;src_76d67f0ab033;src_8146ea358c72;src_8636358d19c6;src_901fd94d7cbe;src_93a7d93d653b;src_958e85443ca9;src_98e80603d674;src_a5055e4ad044;src_a52f8efce7e9;src_a80bc86a4c74;src_abdb8cb63de8;src_adaecf4c039d;src_ceafeec6e80b;src_d5ecb237c645;src_d70d4ac7f1d1;src_d9d6678516c9;src_da251a703348;src_ddb68c27212e;src_e64c5f847c93;src_f170e550391c;src_f772fe35a149,cpc-rendered,CC BY-NC-SA 4.0;MIT;derived audio; source MIDI terms apply; SoundFont MIT;mixed,rec_c635dd1d34bb,Piano Sonatas 8-1,acpas,synthetic,complete,pass,data/derived/rendered_audio/fluidsynth-2.5.6-musescore-general-0.2-v1/rec_c635dd1d34bb.wav,51398956,8b3029b199be8d7bf1d646e9f56a035f860a3ca92b357eb3ebe971284d7c25cf,267.702667,48000,2,-11.099,-30.409,aln_b66c6ea27150
exp_066277c659f5,Wolfgang Amadeus Mozart,Classical,wrk_4cc12b754443,wrk_4cc12b754443,rec_c725b3163888,sources/ACPAS-dataset/subset_S/Mozart/376_CPM_Sonata_No.12_F_major_KV_332_3/S_1508_CPM.mid,,data/derived/rendered_audio/fluidsynth-2.5.6-musescore-general-0.2-v1/rec_c725b3163888.wav,sources/ACPAS-dataset/subset_S/Mozart/376_CPM_Sonata_No.12_F_major_KV_332_3/S_1508_CPM.mid,data/canonical/alignment_events.csv,,1,490,mid,cpc_canonical_beat,licensed_for_research,complete_movement,,true,true,ready,cmp_9ccf70ee127a,Sonata No.12 F major KV 332 3,scv_6203f27a3d89,prf_2f4027313fb2,aln_32d86bc996c3,synthetic_rendering,beat,source_provided_beat_annotations,source_exact,1.00,src_060973e15890;src_761d4112b936;src_85306f63ea05;src_98e80603d674;src_a80bc86a4c74;src_c1cfce25106a;src_cf53f576de39,cpc-rendered,MIT;derived audio; source MIDI terms apply; SoundFont MIT;mixed,rec_c725b3163888,Sonata No.12 F major KV 332 3,acpas,synthetic,complete,pass,data/derived/rendered_audio/fluidsynth-2.5.6-musescore-general-0.2-v1/rec_c725b3163888.wav,114116908,8ea6237d8219ca1edc6312d28488adc9a2a7c4d6cf6df9ed70772f4e355c4670,594.358667,48000,2,-14.413,-34.713,aln_32d86bc996c3
exp_92ce601f607b,Wolfgang Amadeus Mozart,Classical,wrk_16208b873f55,wrk_16208b873f55,rec_ce41f0e6bd46,sources/asap-dataset/Mozart/Piano_Sonatas/8-1/midi_score.mid,,data/derived/rendered_audio/fluidsynth-2.5.6-musescore-general-0.2-v1/rec_ce41f0e6bd46.wav,sources/asap-dataset/Mozart/Piano_Sonatas/8-1/midi_score.mid,data/canonical/alignment_events.csv,,1,133,mid,cpc_canonical_beat,licensed_for_research,complete_movement,,true,true,ready,cmp_fef1cb83d033,Piano Sonatas 8-1,scv_f5ed897586b0,prf_bc4cfa1b19f1,aln_b5d43535f3f6,synthetic_rendering,beat,source_provided_beat_annotations,source_exact,1.00,src_00a034d80378;src_02351c287cce;src_0959f7f0c921;src_0c5b459f3713;src_120b85d303a3;src_12ac25a9c7d0;src_133fdd89d752;src_1495fd782897;src_1736c0a3ec30;src_1bfba426e3b5;src_1f601191f854;src_20272ab6e36a;src_2030b845ba85;src_2309bfc3c6e7;src_266b4a8f2871;src_2801af45cdb9;src_311cc910ec9c;src_35dc9a227b9d;src_37bb36627b0a;src_38b76ad6d621;src_39888cae09c0;src_3bb556ce074c;src_4335e7ba518b;src_455287f24eaa;src_46ea18ccd982;src_479d2731f25a;src_4974f6228fc1;src_4bb84f052046;src_5382eb64bc78;src_55b5558dc332;src_5dc6eea1d153;src_6e4e2af83481;src_70c832462968;src_76d67f0ab033;src_8146ea358c72;src_8636358d19c6;src_901fd94d7cbe;src_93a7d93d653b;src_958e85443ca9;src_98e80603d674;src_a5055e4ad044;src_a52f8efce7e9;src_a80bc86a4c74;src_abdb8cb63de8;src_adaecf4c039d;src_ceafeec6e80b;src_d5ecb237c645;src_d70d4ac7f1d1;src_d9d6678516c9;src_da251a703348;src_ddb68c27212e;src_e64c5f847c93;src_f170e550391c;src_f772fe35a149,cpc-rendered,CC BY-NC-SA 4.0;MIT;derived audio; source MIDI terms apply; SoundFont MIT;mixed,rec_ce41f0e6bd46,Piano Sonatas 8-1,asap,expressive,complete,pass,data/derived/rendered_audio/fluidsynth-2.5.6-musescore-general-0.2-v1/rec_ce41f0e6bd46.wav,47829548,e99df87daeb7e73a7f8867ae5d4bb3b78ad8cc49a4231382a39940b67b4d732e,249.112000,48000,2,-9.794,-30.396,aln_b5d43535f3f6
exp_9bfa7abfd158,Wolfgang Amadeus Mozart,Classical,wrk_44c6308a4722,wrk_44c6308a4722,rec_d2a253b6b0ef,sources/ACPAS-dataset/subset_S/Mozart/373_ASAP_Piano_Sonatas_11-3/ASAP_11-3.mid,,data/derived/rendered_audio/fluidsynth-2.5.6-musescore-general-0.2-v1/rec_d2a253b6b0ef.wav,sources/ACPAS-dataset/subset_S/Mozart/373_ASAP_Piano_Sonatas_11-3/ASAP_11-3.mid,data/canonical/alignment_events.csv,,1,224,mid,cpc_canonical_beat,licensed_for_research,complete_movement,,true,true,ready,cmp_b563f0486b86,Piano Sonatas 11-3,scv_1a4adc586f7e,prf_f703ade51632,aln_c09a48960d54,synthetic_rendering,beat,source_provided_beat_annotations,source_exact,1.00,src_04c85821a7cd;src_0f1beaa91df0;src_13602092ab4f;src_16da154e62d9;src_2867258a9aa3;src_4cca6fc5d250;src_70619c38b0d8;src_7728465e55bc;src_8b3a7075e93a;src_8d54a71fd391;src_98e80603d674;src_9bed02efccf6;src_9eabd6da6cf5;src_a80bc86a4c74;src_c20c3d32f25b;src_cc3a3a78aca1;src_e08fd50cad4f;src_f7587bf8c0ee,cpc-rendered,CC BY-NC-SA 4.0;MIT;derived audio; source MIDI terms apply; SoundFont MIT;mixed,rec_d2a253b6b0ef,Piano Sonatas 11-3,acpas,synthetic,complete,pass,data/derived/rendered_audio/fluidsynth-2.5.6-musescore-general-0.2-v1/rec_d2a253b6b0ef.wav,41661996,227d40be139905b31f88a19070381249430bfaf7ac253165f0c3f273477201b6,216.989333,48000,2,-10.708,-31.781,aln_c09a48960d54
exp_5b7d37654e56,Wolfgang Amadeus Mozart,Classical,wrk_beabd58e0efb,wrk_beabd58e0efb,rec_d4ac8086ca2c,sources/ACPAS-dataset/subset_S/Mozart/382_CPM_Sonata_No.16_C_major_Sonata_facile_KV_545_3/S_1514_CPM.mid,,data/derived/rendered_audio/fluidsynth-2.5.6-musescore-general-0.2-v1/rec_d4ac8086ca2c.wav,sources/ACPAS-dataset/subset_S/Mozart/382_CPM_Sonata_No.16_C_major_Sonata_facile_KV_545_3/S_1514_CPM.mid,data/canonical/alignment_events.csv,,1,83,mid,cpc_canonical_beat,licensed_for_research,complete_movement,,true,true,ready,cmp_34a3a2c7440d,Sonata No.16 C major Sonata facile KV 545 3,scv_81c5a13afde3,prf_1e31c14bd373,aln_d229ea7ee0e5,synthetic_rendering,beat,source_provided_beat_annotations,source_exact,1.00,src_1296d2e72d58;src_20196613a30c;src_25f4acb9656a;src_292b5951b9bc;src_369598de2f45;src_67c02af59ac2;src_98e80603d674;src_9ca9529635f7;src_a404af70a29a;src_a559d55f2286;src_a80bc86a4c74;src_b28fe7ed5c15;src_baa8a946b765;src_c4f1107b21f9;src_d9ab206b4d58;src_ed02e3074612;src_efdc2c66a97b;src_f95e843361ac;src_ff80a0557f41,cpc-rendered,MIT;derived audio; source MIDI terms apply; SoundFont MIT;mixed,rec_d4ac8086ca2c,Sonata No.16 C major Sonata facile KV 545 3,acpas,synthetic,complete,pass,data/derived/rendered_audio/fluidsynth-2.5.6-musescore-general-0.2-v1/rec_d4ac8086ca2c.wav,20668972,59b86cb653bac02b4d6e5d1dae82dadee21ef38b6bc20afbbd6a6707ebfed0ef,107.650667,48000,2,-15.450,-34.937,aln_d229ea7ee0e5
exp_6db783ad1296,Wolfgang Amadeus Mozart,Classical,wrk_ae99d9f81630,wrk_ae99d9f81630,rec_d4be765b7520,sources/ACPAS-dataset/subset_S/Mozart/372_CPM_Sonata_No.11_A_major_KV_331_2/S_144_A_MAPS_mz_331_2_AkPnBsdf.mid,,data/derived/rendered_audio/fluidsynth-2.5.6-musescore-general-0.2-v1/rec_d4be765b7520.wav,sources/ACPAS-dataset/subset_S/Mozart/372_CPM_Sonata_No.11_A_major_KV_331_2/S_144_A_MAPS_mz_331_2_AkPnBsdf.mid,data/canonical/alignment_events.csv,,1,250,mid,cpc_canonical_beat,licensed_for_research,complete_movement,,true,true,ready,cmp_1eedc0bd6874,Sonata No.11 A major KV 331 2,scv_bf3a83a3c397,prf_a4d3a6171b99,aln_6d36a8b76803,synthetic_rendering,beat,source_provided_beat_annotations,source_exact,1.00,src_116883edd29c;src_1304b8fb1eb7;src_19f07905eeb9;src_1a42e413bb1f;src_1d2ee2947769;src_24b7a7b143ec;src_2e8677ff6dc8;src_2f1abb4f81db;src_2f4e98a92b75;src_376047e41d29;src_378d21479789;src_3997ddbfaa06;src_4a7e29ee7c17;src_4b8e859206eb;src_59e0857890df;src_64eaef620cbb;src_721e6784f536;src_98bbb4195c1c;src_98e80603d674;src_9be8a40f2a97;src_9f18011b574a;src_a80bc86a4c74;src_ac53671461b4;src_b1cc6076e5e8;src_be0f7e1a1182;src_c8c8adae040c;src_cfe46bca5648;src_d63361ca9ede;src_f97d13df53ea;src_fa44aac5e5de;src_ff52dc8a6d86,cpc-rendered,MIT;derived audio; source MIDI terms apply; SoundFont MIT;mixed,rec_d4be765b7520,Sonata No.11 A major KV 331 2,acpas,synthetic,complete,pass,data/derived/rendered_audio/fluidsynth-2.5.6-musescore-general-0.2-v1/rec_d4be765b7520.wav,74719020,7b3525e5cee4220c24d9ecc8b05e04bb01e028eba28427d62785944338fd02fe,389.161333,48000,2,-17.389,-35.706,aln_6d36a8b76803
exp_94fd1c02def6,Wolfgang Amadeus Mozart,Classical,wrk_16208b873f55,wrk_16208b873f55,rec_d6034650404f,sources/ACPAS-dataset/subset_S/Mozart/386_ASAP_Piano_Sonatas_8-1/ASAP_8-1.mid,,data/derived/rendered_audio/fluidsynth-2.5.6-musescore-general-0.2-v1/rec_d6034650404f.wav,sources/ACPAS-dataset/subset_S/Mozart/386_ASAP_Piano_Sonatas_8-1/ASAP_8-1.mid,data/canonical/alignment_events.csv,,1,133,mid,cpc_canonical_beat,licensed_for_research,complete_movement,,true,true,ready,cmp_fef1cb83d033,Piano Sonatas 8-1,scv_e800c11bc3c7,prf_12666dfc42a2,aln_1a079d750082,synthetic_rendering,beat,source_provided_beat_annotations,source_exact,1.00,src_00a034d80378;src_02351c287cce;src_0959f7f0c921;src_0c5b459f3713;src_120b85d303a3;src_12ac25a9c7d0;src_133fdd89d752;src_1495fd782897;src_1736c0a3ec30;src_1bfba426e3b5;src_1f601191f854;src_20272ab6e36a;src_2030b845ba85;src_2309bfc3c6e7;src_266b4a8f2871;src_2801af45cdb9;src_311cc910ec9c;src_35dc9a227b9d;src_37bb36627b0a;src_38b76ad6d621;src_39888cae09c0;src_3bb556ce074c;src_4335e7ba518b;src_455287f24eaa;src_46ea18ccd982;src_479d2731f25a;src_4974f6228fc1;src_4bb84f052046;src_5382eb64bc78;src_55b5558dc332;src_5dc6eea1d153;src_6e4e2af83481;src_70c832462968;src_76d67f0ab033;src_8146ea358c72;src_8636358d19c6;src_901fd94d7cbe;src_93a7d93d653b;src_958e85443ca9;src_98e80603d674;src_a5055e4ad044;src_a52f8efce7e9;src_a80bc86a4c74;src_abdb8cb63de8;src_adaecf4c039d;src_ceafeec6e80b;src_d5ecb237c645;src_d70d4ac7f1d1;src_d9d6678516c9;src_da251a703348;src_ddb68c27212e;src_e64c5f847c93;src_f170e550391c;src_f772fe35a149,cpc-rendered,CC BY-NC-SA 4.0;MIT;derived audio; source MIDI terms apply; SoundFont MIT;mixed,rec_d6034650404f,Piano Sonatas 8-1,acpas,synthetic,complete,pass,data/derived/rendered_audio/fluidsynth-2.5.6-musescore-general-0.2-v1/rec_d6034650404f.wav,48717868,0043f73b081c3de0fddf9014a942cf406fe2d211b59bcc33e359dfff8c9ab526,253.738667,48000,2,-11.133,-30.625,aln_1a079d750082
exp_2128822df04c,Wolfgang Amadeus Mozart,Classical,wrk_16208b873f55,wrk_16208b873f55,rec_d91ae459bdb9,sources/ACPAS-dataset/subset_S/Mozart/386_ASAP_Piano_Sonatas_8-1/ASAP_8-1.mid,,data/derived/rendered_audio/fluidsynth-2.5.6-musescore-general-0.2-v1/rec_d91ae459bdb9.wav,sources/ACPAS-dataset/subset_S/Mozart/386_ASAP_Piano_Sonatas_8-1/ASAP_8-1.mid,data/canonical/alignment_events.csv,,1,133,mid,cpc_canonical_beat,licensed_for_research,complete_movement,,true,true,ready,cmp_fef1cb83d033,Piano Sonatas 8-1,scv_e800c11bc3c7,prf_60b40b5a2377,aln_1b2dea75a5d8,synthetic_rendering,beat,source_provided_beat_annotations,source_exact,1.00,src_00a034d80378;src_02351c287cce;src_0959f7f0c921;src_0c5b459f3713;src_120b85d303a3;src_12ac25a9c7d0;src_133fdd89d752;src_1495fd782897;src_1736c0a3ec30;src_1bfba426e3b5;src_1f601191f854;src_20272ab6e36a;src_2030b845ba85;src_2309bfc3c6e7;src_266b4a8f2871;src_2801af45cdb9;src_311cc910ec9c;src_35dc9a227b9d;src_37bb36627b0a;src_38b76ad6d621;src_39888cae09c0;src_3bb556ce074c;src_4335e7ba518b;src_455287f24eaa;src_46ea18ccd982;src_479d2731f25a;src_4974f6228fc1;src_4bb84f052046;src_5382eb64bc78;src_55b5558dc332;src_5dc6eea1d153;src_6e4e2af83481;src_70c832462968;src_76d67f0ab033;src_8146ea358c72;src_8636358d19c6;src_901fd94d7cbe;src_93a7d93d653b;src_958e85443ca9;src_98e80603d674;src_a5055e4ad044;src_a52f8efce7e9;src_a80bc86a4c74;src_abdb8cb63de8;src_adaecf4c039d;src_ceafeec6e80b;src_d5ecb237c645;src_d70d4ac7f1d1;src_d9d6678516c9;src_da251a703348;src_ddb68c27212e;src_e64c5f847c93;src_f170e550391c;src_f772fe35a149,cpc-rendered,CC BY-NC-SA 4.0;MIT;derived audio; source MIDI terms apply; SoundFont MIT;mixed,rec_d91ae459bdb9,Piano Sonatas 8-1,acpas,synthetic,complete,pass,data/derived/rendered_audio/fluidsynth-2.5.6-musescore-general-0.2-v1/rec_d91ae459bdb9.wav,48867372,1a68fc895a5e0cbb351e4faa21d3b3c08457dd76f82d502021e65872f5d0c2b0,254.517333,48000,2,-11.892,-32.192,aln_1b2dea75a5d8
exp_90e1d7ad5969,Wolfgang Amadeus Mozart,Classical,wrk_f1aa6de79926,wrk_f1aa6de79926,rec_da55bf9526c9,sources/ACPAS-dataset/subset_S/Mozart/364_ASAP_Fantasie_475/ASAP_Fantasie_475.mid,,data/derived/rendered_audio/fluidsynth-2.5.6-musescore-general-0.2-v1/rec_da55bf9526c9.wav,sources/ACPAS-dataset/subset_S/Mozart/364_ASAP_Fantasie_475/ASAP_Fantasie_475.mid,data/canonical/alignment_events.csv,,1,186,mid,cpc_canonical_beat,licensed_for_research,complete_movement,,true,true,ready,cmp_7e0267a3eef2,Fantasie 475,scv_c2fb5dedf769,prf_60dc9a8e7f72,aln_e66e0378de87,synthetic_rendering,beat,source_provided_beat_annotations,source_exact,1.00,src_13c93634ed9a;src_14f5d4f52566;src_160a940079d9;src_1a8ff7231fb7;src_22d0ec95fd3d;src_279fd91223da;src_2b5e4ae504b8;src_2bf31afde6df;src_2c705541bde3;src_3eccd7e95db3;src_444420052abc;src_47408935e583;src_4bfb57645b76;src_60383a4042c5;src_6fb6a2d13d96;src_75010ae66974;src_79f2ff293c6a;src_89081fc60e54;src_8bd00815149f;src_8bda8da01c2a;src_98e80603d674;src_a5b38292ea91;src_a5ec05b28b35;src_a80bc86a4c74;src_ad90704af859;src_b6164e9c88ce;src_b7de61ee675b;src_bc1ed3940b25;src_bc80330f856a;src_bed7b5bbaebf;src_c4b4c3e851c9;src_d6b361eef0e7;src_ea8118a3d675;src_fdd68fd8dc05,cpc-rendered,CC BY-NC-SA 4.0;CC BY-NC-SA 4.0; non-commercial research and education;MIT;derived audio; source MIDI terms apply; SoundFont MIT;mixed,rec_da55bf9526c9,Fantasie 475,acpas,expressive,complete,pass,data/derived/rendered_audio/fluidsynth-2.5.6-musescore-general-0.2-v1/rec_da55bf9526c9.wav,133416492,af9c334afaace6863717894682d4fab44b2d5b6c3b746d92fbee5f4159cac71f,694.877333,48000,2,-11.683,-35.226,aln_e66e0378de87
exp_ce03b7f2dd7b,Wolfgang Amadeus Mozart,Classical,wrk_ab0f834b90b5,wrk_ab0f834b90b5,rec_de5606824d6c,sources/ACPAS-dataset/subset_S/Mozart/375_CPM_Sonata_No.12_F_major_KV_332_2/S_1507_CPM.mid,,data/derived/rendered_audio/fluidsynth-2.5.6-musescore-general-0.2-v1/rec_de5606824d6c.wav,sources/ACPAS-dataset/subset_S/Mozart/375_CPM_Sonata_No.12_F_major_KV_332_2/S_1507_CPM.mid,data/canonical/alignment_events.csv,,1,80,mid,cpc_canonical_beat,licensed_for_research,complete_movement,,true,true,ready,cmp_2d3dbfa86295,Sonata No.12 F major KV 332 2,scv_5be436208b42,prf_656c0d6feeb4,aln_630d2bdfefb1,synthetic_rendering,beat,source_provided_beat_annotations,source_exact,1.00,src_299f50cfea1d;src_2ce218411100;src_2e2f1892630b;src_32af3d8002bf;src_46f1c5045232;src_6b2bbaa820f4;src_8dcb6182abfe;src_98e80603d674;src_a1290df090af;src_a80bc86a4c74;src_bb1904e8eb5e;src_bc8b18cc3782;src_c46870226add;src_c58e7833417a;src_c7e02667684f;src_d1d28b0a40ab;src_e4dcb9013b50;src_e82de3db48da;src_f2f6651e07ea,cpc-rendered,MIT;derived audio; source MIDI terms apply; SoundFont MIT;mixed,rec_de5606824d6c,Sonata No.12 F major KV 332 2,acpas,synthetic,complete,pass,data/derived/rendered_audio/fluidsynth-2.5.6-musescore-general-0.2-v1/rec_de5606824d6c.wav,51416876,5b8d02671be8263a1a35e347f2115c2aea7bc99bb91068794fb04f7e734dd8b1,267.796000,48000,2,-18.222,-38.075,aln_630d2bdfefb1
exp_bc4c44cd69f5,Wolfgang Amadeus Mozart,Classical,wrk_21cadf4d4581,wrk_21cadf4d4581,rec_df9db61ca170,sources/ACPAS-dataset/subset_S/Mozart/368_CPM_Sonata_No.10_C_major_KV_330_1/S_1500_CPM.mid,,data/derived/rendered_audio/fluidsynth-2.5.6-musescore-general-0.2-v1/rec_df9db61ca170.wav,sources/ACPAS-dataset/subset_S/Mozart/368_CPM_Sonata_No.10_C_major_KV_330_1/S_1500_CPM.mid,data/canonical/alignment_events.csv,,1,300,mid,cpc_canonical_beat,licensed_for_research,complete_movement,,true,true,ready,cmp_ffe626e2d096,Sonata No.10 C major KV 330 1,scv_2dda0180f5ee,prf_8d55f245d932,aln_e389792726ae,synthetic_rendering,beat,source_provided_beat_annotations,source_exact,1.00,src_0a75f09514cc;src_0c23fb15ee94;src_1fe6112f3a0c;src_3169df65c592;src_373a4327c649;src_74542c6cc315;src_98e80603d674;src_a80bc86a4c74;src_bb3e0f243727;src_c45124709f8d;src_cd833faee909;src_d1a313b2888b;src_f224c6b4828f,cpc-rendered,MIT;derived audio; source MIDI terms apply; SoundFont MIT;mixed,rec_df9db61ca170,Sonata No.10 C major KV 330 1,acpas,synthetic,complete,pass,data/derived/rendered_audio/fluidsynth-2.5.6-musescore-general-0.2-v1/rec_df9db61ca170.wav,104782124,0d9e8927ffaabae1a55869d0f97e16a647455153a4c9d191e093dd0d9e3bec4d,545.740000,48000,2,-14.836,-33.031,aln_e389792726ae
exp_e263ab9b40db,Wolfgang Amadeus Mozart,Classical,wrk_ae99d9f81630,wrk_ae99d9f81630,rec_e1c8ddc3692b,sources/ACPAS-dataset/subset_S/Mozart/372_CPM_Sonata_No.11_A_major_KV_331_2/S_143_A_MAPS_mz_331_2_AkPnBcht.mid,,data/derived/rendered_audio/fluidsynth-2.5.6-musescore-general-0.2-v1/rec_e1c8ddc3692b.wav,sources/ACPAS-dataset/subset_S/Mozart/372_CPM_Sonata_No.11_A_major_KV_331_2/S_143_A_MAPS_mz_331_2_AkPnBcht.mid,data/canonical/alignment_events.csv,,1,250,mid,cpc_canonical_beat,licensed_for_research,complete_movement,,true,true,ready,cmp_1eedc0bd6874,Sonata No.11 A major KV 331 2,scv_4f3090d8e77e,prf_a99fe424707d,aln_2c32c8deb548,synthetic_rendering,beat,source_provided_beat_annotations,source_exact,1.00,src_116883edd29c;src_1304b8fb1eb7;src_19f07905eeb9;src_1a42e413bb1f;src_1d2ee2947769;src_24b7a7b143ec;src_2e8677ff6dc8;src_2f1abb4f81db;src_2f4e98a92b75;src_376047e41d29;src_378d21479789;src_3997ddbfaa06;src_4a7e29ee7c17;src_4b8e859206eb;src_59e0857890df;src_64eaef620cbb;src_721e6784f536;src_98bbb4195c1c;src_98e80603d674;src_9be8a40f2a97;src_9f18011b574a;src_a80bc86a4c74;src_ac53671461b4;src_b1cc6076e5e8;src_be0f7e1a1182;src_c8c8adae040c;src_cfe46bca5648;src_d63361ca9ede;src_f97d13df53ea;src_fa44aac5e5de;src_ff52dc8a6d86,cpc-rendered,MIT;derived audio; source MIDI terms apply; SoundFont MIT;mixed,rec_e1c8ddc3692b,Sonata No.11 A major KV 331 2,acpas,synthetic,complete,pass,data/derived/rendered_audio/fluidsynth-2.5.6-musescore-general-0.2-v1/rec_e1c8ddc3692b.wav,74719020,7b3525e5cee4220c24d9ecc8b05e04bb01e028eba28427d62785944338fd02fe,389.161333,48000,2,-17.389,-35.706,aln_2c32c8deb548
exp_dc3a585d3241,Wolfgang Amadeus Mozart,Classical,wrk_2fa6d226fadc,wrk_2fa6d226fadc,rec_e38e11834c5c,sources/ACPAS-dataset/subset_S/Mozart/374_ASAP_Piano_Sonatas_12-1/ASAP_12-1.mid,,data/derived/rendered_audio/fluidsynth-2.5.6-musescore-general-0.2-v1/rec_e38e11834c5c.wav,sources/ACPAS-dataset/subset_S/Mozart/374_ASAP_Piano_Sonatas_12-1/ASAP_12-1.mid,data/canonical/alignment_events.csv,,1,229,mid,cpc_canonical_beat,licensed_for_research,complete_movement,,true,true,ready,cmp_adac7544dea5,Piano Sonatas 12-1,scv_7366396ee839,prf_8de51ce33cc4,aln_b6f2111e6a38,synthetic_rendering,beat,source_provided_beat_annotations,source_exact,1.00,src_07c22c5396d6;src_0afebc7f4cff;src_0c94bc9a0e09;src_0d15c86aa340;src_0d5603dbe5e3;src_0fd8d55cd61b;src_15c2c8e7aaaf;src_1abf3c8199ca;src_24f037f265a0;src_2feafe77fb45;src_3161b43d12a2;src_398046b41b1f;src_39bc93a264a3;src_3ef7724dcb93;src_42c5a7472dd4;src_449c619e7b06;src_44c9e83e2d34;src_46036bca0454;src_460e23dafbfc;src_47e3eb9be6ce;src_4d473ef2028b;src_504f51622168;src_5455dc5e0fa6;src_5966c9239ca1;src_59cf516a57bf;src_6517247c666e;src_6795939e6905;src_681be5f7819e;src_6b06642a3a16;src_6d2472e2eb85;src_6d5c740f350c;src_772c8d92b1ac;src_7ad99a4a6282;src_8267604413ee;src_829ca567d246;src_8389b18fede1;src_8afeb6414517;src_8ca285a77009;src_8e75c9965045;src_91f15e348e6d;src_969c75c98765;src_98e80603d674;src_9d2daae1dc76;src_9d66394bc6b2;src_a0235c846619;src_a0ec28194667;src_a18c5fba0ec8;src_a5f6b1f808ce;src_a80bc86a4c74;src_abc1e0a78631;src_ad95a65e4d1d;src_b1d09323c87c;src_b215e701b9ef;src_b8961303feef;src_b9a375b16e03;src_be798d1d6a18;src_c049239c45e6;src_cab548b856fb;src_ce5143c5b12f;src_d17a07d367c8;src_d2adad0aa7f7;src_d44fe079d778;src_d8111c00e6a7;src_e005ca1d8e02;src_e1aeb70d3627;src_e3a1a16defb3;src_e625d38f1681;src_ea16300f0a82;src_ec60949d9db9;src_ecc096c385aa;src_f1007a97618e;src_f2ded2ea8b0d;src_f30c0b1b8b1c;src_f36c44d72230;src_f551b24ef60f;src_f665ed0359ed;src_f9e88dfd3a1f;src_fc48810e4a22;src_fcec570aa9d5;src_ffaea669dcba,cpc-rendered,CC BY-NC-SA 4.0;CC BY-NC-SA 4.0; non-commercial research and education;MIT;derived audio; source MIDI terms apply; SoundFont MIT;mixed,rec_e38e11834c5c,Piano Sonatas 12-1,acpas,expressive,complete,pass,data/derived/rendered_audio/fluidsynth-2.5.6-musescore-general-0.2-v1/rec_e38e11834c5c.wav,56943148,ceb1cff0af4eaa5ee57d4563988bf4c230b5a396f80d6911e555397bca509f68,296.578667,48000,2,-11.785,-32.812,aln_b6f2111e6a38
exp_56a5b16f0b9c,Wolfgang Amadeus Mozart,Classical,wrk_95ceb95e11bc,wrk_95ceb95e11bc,rec_e50fb53b1e4a,sources/ACPAS-dataset/subset_S/Mozart/383_CPM_Sonata_No.17_Bb_major_KV_570_1/S_1515_CPM.mid,,data/derived/rendered_audio/fluidsynth-2.5.6-musescore-general-0.2-v1/rec_e50fb53b1e4a.wav,sources/ACPAS-dataset/subset_S/Mozart/383_CPM_Sonata_No.17_Bb_major_KV_570_1/S_1515_CPM.mid,data/canonical/alignment_events.csv,,1,418,mid,cpc_canonical_beat,licensed_for_research,complete_movement,,true,true,ready,cmp_c19fe5402db5,Sonata No.17 Bb major KV 570 1,scv_c0fcd2547280,prf_6777344932a9,aln_4b4393290155,synthetic_rendering,beat,source_provided_beat_annotations,source_exact,1.00,src_17b58c1af9ba;src_26a0f0d71458;src_273fe883705e;src_2a1a7cd52341;src_3088826ddba6;src_33305ebd7c5b;src_44c57ec1be70;src_4c153d3344c1;src_56d64769b9f0;src_6947cb78d66b;src_706d54ef94c5;src_81806c295ef0;src_8bab48ed13da;src_8bc5418af039;src_98e80603d674;src_a80bc86a4c74;src_d60d96f53242;src_ecedef7a70b4;src_fb952cf4a76e,cpc-rendered,MIT;derived audio; source MIDI terms apply; SoundFont MIT;mixed,rec_e50fb53b1e4a,Sonata No.17 Bb major KV 570 1,acpas,synthetic,complete,pass,data/derived/rendered_audio/fluidsynth-2.5.6-musescore-general-0.2-v1/rec_e50fb53b1e4a.wav,92951340,62d12db81e1232054c9bbffbc2522f9212b3b7de1e5fb7599a62c5e9d5cd63d6,484.121333,48000,2,-17.637,-37.857,aln_4b4393290155
exp_f8b27cf4ef3d,Wolfgang Amadeus Mozart,Classical,wrk_73de062f35d4,wrk_73de062f35d4,rec_eb9d9640ecf2,sources/ACPAS-dataset/subset_S/Mozart/378_CPM_Sonata_No.13_Bb_major_KV_333_2/S_1510_CPM.mid,,data/derived/rendered_audio/fluidsynth-2.5.6-musescore-general-0.2-v1/rec_eb9d9640ecf2.wav,sources/ACPAS-dataset/subset_S/Mozart/378_CPM_Sonata_No.13_Bb_major_KV_333_2/S_1510_CPM.mid,data/canonical/alignment_events.csv,,1,163,mid,cpc_canonical_beat,licensed_for_research,complete_movement,,true,true,ready,cmp_0054edb621f3,Sonata No.13 Bb major KV 333 2,scv_3140e62ba249,prf_1fe03aaf52b6,aln_2d5b5f0d0441,synthetic_rendering,beat,source_provided_beat_annotations,source_exact,1.00,src_09ddae2f4214;src_0dd84cbd9470;src_23293e7b2772;src_26569807521e;src_373f19153118;src_59a002431968;src_68ef5b1f10a1;src_7146a6dc3dc9;src_8f56db2f60be;src_96cc09019a17;src_97388f0a409c;src_97755e45af75;src_98e80603d674;src_9df9ce16b33a;src_a5fc5a02e081;src_a80bc86a4c74;src_b89eec102a12;src_b90d70844fe1;src_c946c8405561;src_cd938bbe80d0;src_d6c71f0b4dba;src_d89e69abbceb;src_e11796bfecb0;src_f611bc3f7b9b;src_fe2f891c9f6b,cpc-rendered,MIT;derived audio; source MIDI terms apply; SoundFont MIT;mixed,rec_eb9d9640ecf2,Sonata No.13 Bb major KV 333 2,acpas,synthetic,complete,pass,data/derived/rendered_audio/fluidsynth-2.5.6-musescore-general-0.2-v1/rec_eb9d9640ecf2.wav,103476524,ffe6cc3323b5774ae72932517d478a8c38df959e1c615b641e1486d1097246b9,538.940000,48000,2,-15.906,-35.933,aln_2d5b5f0d0441
exp_4d7940f5ab9e,Wolfgang Amadeus Mozart,Classical,wrk_e3f8b040fa7a,wrk_e3f8b040fa7a,rec_f686867ef6ab,sources/ACPAS-dataset/subset_S/Mozart/371_CPM_Sonata_No.11_A_major_KV_331_1/S_1503_CPM.mid,,data/derived/rendered_audio/fluidsynth-2.5.6-musescore-general-0.2-v1/rec_f686867ef6ab.wav,sources/ACPAS-dataset/subset_S/Mozart/371_CPM_Sonata_No.11_A_major_KV_331_1/S_1503_CPM.mid,data/canonical/alignment_events.csv,,1,266,mid,cpc_canonical_beat,licensed_for_research,complete_movement,,true,true,ready,cmp_386b22f29c0d,Sonata No.11 A major KV 331 1,scv_dd659a7e5178,prf_9ff62694a3b8,aln_3e3177262d0b,synthetic_rendering,beat,source_provided_beat_annotations,source_exact,1.00,src_0652079a61ed;src_143d2083ea3b;src_201721f91bd9;src_5e778ba64441;src_60b4bd31396a;src_98e80603d674;src_a27f1f908d25;src_a80bc86a4c74;src_ab512abc5443;src_b1daedad7128;src_cbd17f29c96b;src_e15cd8fcb9ca;src_f15af9febf8d,cpc-rendered,MIT;derived audio; source MIDI terms apply; SoundFont MIT;mixed,rec_f686867ef6ab,Sonata No.11 A major KV 331 1,acpas,synthetic,complete,pass,data/derived/rendered_audio/fluidsynth-2.5.6-musescore-general-0.2-v1/rec_f686867ef6ab.wav,160001836,31f4631ed18be2d95e0b798296e4263e46b6a6052d08ca97bdca9f47b4017609,833.342667,48000,2,-14.159,-35.211,aln_3e3177262d0b
exp_a0a5dfb14707,Wolfgang Amadeus Mozart,Classical,wrk_0caa93a6d559,wrk_0caa93a6d559,rec_fa2e486b88d2,sources/ACPAS-dataset/subset_S/Mozart/377_CPM_Sonata_No.13_Bb_major_KV_333_1/S_1509_CPM.mid,,data/derived/rendered_audio/fluidsynth-2.5.6-musescore-general-0.2-v1/rec_fa2e486b88d2.wav,sources/ACPAS-dataset/subset_S/Mozart/377_CPM_Sonata_No.13_Bb_major_KV_333_1/S_1509_CPM.mid,data/canonical/alignment_events.csv,,1,331,mid,cpc_canonical_beat,licensed_for_research,complete_movement,,true,true,ready,cmp_a67b3772a3b0,Sonata No.13 Bb major KV 333 1,scv_86c64a78f413,prf_9dc25c4fa697,aln_4ac430bdb277,synthetic_rendering,beat,source_provided_beat_annotations,source_exact,1.00,src_216b8984f2ec;src_338292ea2b2d;src_443c189c5890;src_493ab1d88ea2;src_63e3c0725870;src_6da199cf2667;src_92d675359dc3;src_98e80603d674;src_9e938edf5913;src_a3d63f8287f8;src_a80bc86a4c74;src_c9f7dcd1b92c;src_f90ab056c463,cpc-rendered,MIT;derived audio; source MIDI terms apply; SoundFont MIT;mixed,rec_fa2e486b88d2,Sonata No.13 Bb major KV 333 1,acpas,synthetic,complete,pass,data/derived/rendered_audio/fluidsynth-2.5.6-musescore-general-0.2-v1/rec_fa2e486b88d2.wav,123571756,5b15618d06b1bbfe2e7b5f5041b9f1935916376c65f3eea978b61bec562eafd4,643.602667,48000,2,-12.857,-33.864,aln_4ac430bdb277
exp_de0dcfe1007c,Wolfgang Amadeus Mozart,Classical,wrk_16208b873f55,wrk_16208b873f55,rec_fbf71c4beeee,sources/asap-dataset/Mozart/Piano_Sonatas/8-1/midi_score.mid,,data/derived/rendered_audio/fluidsynth-2.5.6-musescore-general-0.2-v1/rec_fbf71c4beeee.wav,sources/asap-dataset/Mozart/Piano_Sonatas/8-1/midi_score.mid,data/canonical/alignment_events.csv,,1,133,mid,cpc_canonical_beat,licensed_for_research,complete_movement,,true,true,ready,cmp_fef1cb83d033,Piano Sonatas 8-1,scv_f5ed897586b0,prf_cb6d925e163a,aln_66679eb6fce8,synthetic_rendering,beat,source_provided_beat_annotations,source_exact,1.00,src_00a034d80378;src_02351c287cce;src_0959f7f0c921;src_0c5b459f3713;src_120b85d303a3;src_12ac25a9c7d0;src_133fdd89d752;src_1495fd782897;src_1736c0a3ec30;src_1bfba426e3b5;src_1f601191f854;src_20272ab6e36a;src_2030b845ba85;src_2309bfc3c6e7;src_266b4a8f2871;src_2801af45cdb9;src_311cc910ec9c;src_35dc9a227b9d;src_37bb36627b0a;src_38b76ad6d621;src_39888cae09c0;src_3bb556ce074c;src_4335e7ba518b;src_455287f24eaa;src_46ea18ccd982;src_479d2731f25a;src_4974f6228fc1;src_4bb84f052046;src_5382eb64bc78;src_55b5558dc332;src_5dc6eea1d153;src_6e4e2af83481;src_70c832462968;src_76d67f0ab033;src_8146ea358c72;src_8636358d19c6;src_901fd94d7cbe;src_93a7d93d653b;src_958e85443ca9;src_98e80603d674;src_a5055e4ad044;src_a52f8efce7e9;src_a80bc86a4c74;src_abdb8cb63de8;src_adaecf4c039d;src_ceafeec6e80b;src_d5ecb237c645;src_d70d4ac7f1d1;src_d9d6678516c9;src_da251a703348;src_ddb68c27212e;src_e64c5f847c93;src_f170e550391c;src_f772fe35a149,cpc-rendered,CC BY-NC-SA 4.0;MIT;derived audio; source MIDI terms apply; SoundFont MIT;mixed,rec_fbf71c4beeee,Piano Sonatas 8-1,asap,expressive,complete,pass,data/derived/rendered_audio/fluidsynth-2.5.6-musescore-general-0.2-v1/rec_fbf71c4beeee.wav,51872044,3089d86927b69fdd62136a941a7c4a3d847a68dd794099c36e509d3c8d0d490a,270.166667,48000,2,-10.391,-30.708,aln_66679eb6fce8
