passage_id,composer,period,work_id,movement_id,recording_id,score_path,mxl_path,audio_path,midi_path,alignment_path,annotation_path,bar_start,bar_end,score_format,alignment_format,rights_status,segment_type,annotation_type,fully_aligned,eligible_for_clamp,availability_status,composition_id,work_title,score_version_id,performance_id,alignment_id,audio_origin,alignment_granularity,alignment_method,alignment_quality,alignment_confidence,source_record_ids,source_dataset,licenses
exp_004fc51f0e4f,Frédéric Chopin,Romantic,wrk_3dcc7b8023b5,wrk_3dcc7b8023b5,rec_78fe2d7b6234,sources/asap-dataset/Chopin/Scherzos/20/xml_score.musicxml,sources/asap-dataset/Chopin/Scherzos/20/xml_score.musicxml,data/downloads/maestro-v2.0.0/2011/MIDI-Unprocessed_01_R1_2011_MID--AUDIO_R1-D1_06_Track06_wav.wav,,data/canonical/alignment_events.csv,,1,625,musicxml,cpc_canonical_beat,licensed_for_research,complete_movement,,true,true,ready,cmp_13ec9ec295c2,Scherzos 20,scv_74ee8d53deb8,prf_25161cc9d68a,aln_c2eb3d91e90b,source_recording,beat,source_provided_beat_annotations,source_exact,1.00,src_00d6793401ae;src_02ea0a010922;src_04569a788f35;src_0c7d711e8085;src_17cce2ef90fe;src_1836861ace45;src_20d94e61d7c7;src_25e02c1ab616;src_25fbe090be45;src_2b8dbb8adb63;src_2f3b3945b914;src_30a3e8318826;src_310f83c52b07;src_335fa3ed0cc0;src_395ea1e6bde7;src_3aa43c0a3acc;src_3dc25db938ed;src_3e203fce0f03;src_3f61810a87f1;src_4519b6602497;src_4bb22cc6d097;src_4c8f98a59378;src_565e95bdbb71;src_5bcec78b2dfd;src_6006abc1d989;src_681faa589d63;src_6bc07c489965;src_6c340436607a;src_7023a7439d83;src_73c8663d28fc;src_7441d7c20a75;src_7ce211b3babd;src_7da5a3a0baae;src_8452b8d91057;src_8fe29b8c60bc;src_91daedc58398;src_a48ca62b03eb;src_a520dc352709;src_acf413860ef0;src_b319225f4d7a;src_bc492f08ccd9;src_c1b9d922bc18;src_c433e3c797a3;src_c4438e90546c;src_d06e95a2414f;src_d17c17ca37a3;src_d6a6886c37f4;src_dc71c58721bf;src_e178c9cb915e;src_e18836564a3f;src_e4d065afa8e2;src_ef6e2cc23c22;src_f049f25171f6;src_f12c9c90366e;src_f1ec57e309f6;src_f3e7ab7410c2;src_f4d852183c76;src_f53f51cd74a8,asap,CC BY-NC-SA 4.0;mixed
exp_01c96306913f,Frédéric Chopin,Romantic,wrk_2ea4ae59ea14,wrk_2ea4ae59ea14,rec_66589e66e39e,sources/asap-dataset/Chopin/Etudes_op_10/4/xml_score.musicxml,sources/asap-dataset/Chopin/Etudes_op_10/4/xml_score.musicxml,data/downloads/maestro-v2.0.0/2013/ORIG-MIDI_02_7_6_13_Group__MID--AUDIO_08_R1_2013_wav--3.wav,,data/canonical/alignment_events.csv,,1,83,musicxml,cpc_canonical_beat,licensed_for_research,complete_movement,,true,true,ready,cmp_3840f26af604,Etudes op 10 4,scv_828c93ba4c1e,prf_d11abd8f4eb4,aln_19661f2da0f2,source_recording,beat,source_provided_beat_annotations,source_exact,1.00,src_00435d154e8e;src_00493e711d06;src_02d5f448e252;src_06661b8a0af2;src_074098c68b87;src_08d3d01fb869;src_0bb476b5b453;src_0bee72ecedb1;src_0e8411e873d7;src_0f6994d36e3c;src_133c0b50fe48;src_142e62f5af0e;src_1568a1206855;src_175bf20b0beb;src_18fcd5845910;src_1a8e7c4c3ae7;src_1ab40fcf30b2;src_1b1c0b6fb982;src_1b81d7198d7c;src_1e61197f7f3b;src_1e92e6c4aa44;src_1fb68ddeb4e7;src_22abd18cd1e7;src_23fbf1d7152c;src_24accc41700e;src_25be3551181a;src_25f3f1cfdfe6;src_260ff8936ac1;src_27091cb2b7c1;src_2a9c97c6263e;src_2ac16978e6f1;src_2bf3b5d35c6a;src_2e04a5aaf970;src_2eb90af37b6d;src_2f568fc374a7;src_301883723571;src_315b19b0a72c;src_319948a6ee86;src_31fc3ead56c3;src_3203be84752d;src_363b658499bb;src_36434f9715d0;src_39c8ed66d683;src_3ac1fa0c9463;src_3e0134e92264;src_3ee5897a59f8;src_40ecf364b7dd;src_43b0fb9c4a91;src_43bc146ebb76;src_45622a59eed8;src_46af1c2989f5;src_48b69c87e5f6;src_49c19bd547fd;src_4b12f6fb0dfb;src_4b17aa1b6659;src_4d23ffbe64d3;src_4dd63d710066;src_4f01e6ad10b1;src_50c9596611aa;src_517e5cd89b51;src_52dde52a34ed;src_53746fe22635;src_5433fff9f958;src_546bc53839d0;src_546fb58f0e79;src_54958adef32c;src_56ebe5323c91;src_574a22f2a78e;src_584252941fc5;src_599738ef8f07;src_59d344ed4a31;src_5a0df20488a4;src_5ab73682c4c1;src_5c52a40481f6;src_5c5ca63bac97;src_5ffd3d804cdc;src_614231554a72;src_62bd7a5da2a0;src_64deedb2002e;src_66b5ae995323;src_66dd8490f08f;src_68a5d4edcf17;src_68cc0e1f735e;src_712f757a8898;src_71516b3eb864;src_71a33f189040;src_722a5a46897b;src_72740c399dac;src_7296f0509261;src_72df3fcf6a78;src_73e6ef81c38d;src_7517776f1a48;src_76817c986ecf;src_77b937613ab9;src_79208e685b4e;src_79a659586b70;src_7a8ff5d1ee58;src_7ba6c5115038;src_7d797ed95ab0;src_7f0479e52676;src_7f84f882bab0;src_80bc2719d6f2;src_818313d9c6ef;src_819e473011cb;src_8436ecdf80bb;src_84cede3136f0;src_85561b46e4ac;src_88a78fba425c;src_88f456185e42;src_88fb456b207b;src_890db1098a74;src_8932adaef3db;src_8accf80be009;src_8beae127cb2e;src_8c69cedc9552;src_8d1421f7c6d5;src_8e0f31f5c660;src_8e68636225be;src_90b77a2440b9;src_91510879e4f3;src_93c7e1341dd0;src_93d7378bf0b8;src_943bf152a149;src_94aa636b5b62;src_96267656faf4;src_96567c396e1d;src_966dc4721014;src_9670cb76f632;src_967c0d91894f;src_983daf52931d;src_9be8a2c5c60f;src_9cb41b6fc217;src_9da8a8ae9ef1;src_9ec72286206e;src_9f1cf138ee42;src_a04ebe63c80b;src_a41b4d5ead6f;src_a514af7d8a2a;src_a65dc5011930;src_a7665abb2178;src_a7e0cd1ec2d6;src_a831131fa8bd;src_a96d16500d3a;src_aa09b1ed01f3;src_aa7124c0fbf6;src_aac33758e112;src_ac75d76cf9b7;src_ac9571007754;src_ae0809a8c3c8;src_af2e4edae436;src_af5b9ef2e611;src_b0ff2ce14afe;src_b2f1ee6182b7;src_b440731d0e5c;src_b444849616c4;src_b45722bf9d36;src_b59cf9da73a2;src_b71321f5af8c;src_b7c4c58b5eda;src_b8b17b66730d;src_b8d4799103b0;src_bc0024852ba7;src_bdd09519724a;src_be5eeb31d7ee;src_be789afd4ed9;src_bee0aea3f3ac;src_bf72b993ddb8;src_c0eadba0e5dc;src_c167a56c87fe;src_c19195c14130;src_c1eddaecccf6;src_c27b43bfc925;src_c2d0a26e50b7;src_c32991d3213b;src_c523603361fd;src_c9d66e884e9f;src_cb8b1b94e443;src_cc97c188fdf8;src_ccead01ae2c8;src_ce9f765d92fe;src_cfdd3b4360f0;src_d08790730873;src_d120954538f3;src_d241690bee53;src_d394125bf16d;src_d50de97ae7a2;src_d70d1a85c779;src_d8defb8b6812;src_dae18a78f4a1;src_dc35f738ea75;src_dc4be58cf824;src_de496ed6d4d3;src_deedd6b985e0;src_e0f596b7bc08;src_e11723d1127f;src_e1276e6d1733;src_e159e5d150a4;src_e3022ae1a44d;src_e39ba0db8f7b;src_e3bf1b01f721;src_e44308f8330d;src_e53d853a3cab;src_e5bcc2023b0d;src_e7f423e3cd53;src_e82bf45d3171;src_ea08f8a7b770;src_ea31f1942ff1;src_eac2e58d066d;src_ec84238ee412;src_ec9d66968101;src_ee5176015da6;src_ef521e81b719;src_f58748654ad8;src_f59850e84dd5;src_f60ba7fcde2b;src_f6b3d1da4934;src_f71cf5923d91;src_f8549196f39c;src_f9b1fac75d23;src_fa64efb924ef;src_fc1e8cf023fa;src_fc226cb27a46;src_fca5df633f7d;src_fd24d379b6d4;src_fe4bb24e7485;src_ff07dae714ff,asap,CC BY-NC-SA 4.0;mixed
exp_039831b7704f,Frédéric Chopin,Romantic,wrk_7e2d098d7b70,wrk_7e2d098d7b70,rec_9e6911d4522e,sources/asap-dataset/Chopin/Etudes_op_10/1/xml_score.musicxml,sources/asap-dataset/Chopin/Etudes_op_10/1/xml_score.musicxml,data/downloads/maestro-v2.0.0/2015/MIDI-Unprocessed_R1_D1-9-12_mid--AUDIO-from_mp3_10_R1_2015_wav--2.wav,,data/canonical/alignment_events.csv,,1,78,musicxml,cpc_canonical_beat,licensed_for_research,complete_movement,,false,true,ready,cmp_c4eac3f4866c,Etudes op 10 1,scv_f0ffe2714587,prf_c69feb45345a,aln_1158e9abc5cb,source_recording,beat,source_provided_beat_annotations,source_partial,0.80,src_00a11a73c703;src_02042790b4b9;src_0239dcde9436;src_02b4c992480d;src_02de127b0723;src_0483bddcaf0e;src_0516bbe05f2c;src_05763da8a866;src_0576be99a45d;src_0640b02427c8;src_07e7a002201f;src_08d3337c1d4f;src_09e2daaadafe;src_0ae3e00773cd;src_0b9ff17ecaf0;src_0d44a60dfec9;src_0d64e41dfff3;src_0fb9298a6917;src_1070967f08b1;src_11f3de2bde0b;src_14146c567dd9;src_14850777b751;src_17811c2d7d59;src_19f094e12907;src_1a310a25a343;src_1a7b21d24b1e;src_1c10e262c483;src_1c5a71ef372c;src_1c6a8da5c43b;src_1ccd6f136c60;src_1d5655887d0a;src_1e268c00b0de;src_1e585244ccbe;src_20bf5d646f0c;src_21673dc541ba;src_2178270acaad;src_22a0386b30d6;src_23b668cbe3b1;src_24c82f29da65;src_24febe225615;src_272b23d24d70;src_292f4c4a9cb0;src_2c15204358d3;src_2ccaed3bbcec;src_2d1148e16885;src_2dab1a115838;src_2e355c28ea4c;src_2f0f7c24195c;src_2f22cab3dbf3;src_31856d42e4f9;src_34178768aa2b;src_34e98f1279d1;src_38e1816aec93;src_39bed2f8a107;src_3a20fabcb702;src_3da857abed9e;src_3e32907835de;src_3edc179e1fbd;src_3f42105789b6;src_3fe25cc6eb95;src_3fe8d4c94fdf;src_41ea47a6f741;src_4311589d954e;src_43369dbc95f1;src_43b088078568;src_465e5be8b2f3;src_46dc7d27d709;src_46e84d6d89d8;src_473902c3ad9b;src_47e7a3b90e1e;src_4926f3523f65;src_4a853d1f6d9e;src_4aca4e216321;src_4b02ec432339;src_4b6583fcf3a4;src_4b7519516553;src_4bb561e9f927;src_4d12965f9352;src_4d711c02c0c8;src_4eafd4642e04;src_4f0c5dda734d;src_4f76bed3e422;src_4fe97040362f;src_501888209aec;src_534d4aef4d8e;src_53aafe64d873;src_53dc645742b8;src_568c9083326e;src_56e5293105c0;src_597b03744f01;src_598ba01ea85c;src_5999893f3ec1;src_59a80d7ca6c7;src_5b0ccfaf2494;src_5e9ff38889c6;src_602f7b4c22cc;src_604eda41d763;src_615c1eb4c640;src_625665b305a4;src_6280910f125d;src_62d05f832a31;src_643a35cf6b99;src_65c54647e67c;src_665d76c81c26;src_668f73d79fa0;src_670956a4f3f4;src_6976e820ff92;src_6d1ec68e54dc;src_6f216d6d7b56;src_6f3144540c85;src_70243fe1fa5d;src_704aee9e6c38;src_711f1ac83f06;src_716ecc2fe49f;src_721eef35b477;src_72eaf8f746a9;src_7401e581c1cd;src_7447e06aa26e;src_7607ad5d4b8a;src_77599c9d7a1e;src_7d39d44087d3;src_7f7c65b48784;src_7fd2e0953617;src_834691804625;src_83c0a6c6aca9;src_8443c75ae8bc;src_8771089b3e1b;src_87a8e2b40c34;src_87f11cb0c3bb;src_881d729dfc52;src_8850438505bc;src_88a84ab2b0eb;src_8a28d04529e3;src_8cc71205a4d1;src_8d0049c9b504;src_8d341a7e7e2f;src_8d8132bcc129;src_90420f8b807f;src_9127f114ac04;src_91d8136ae223;src_922577564ec3;src_971292180b44;src_98fbedce93bb;src_9a411c6a3765;src_9aa30a9bdd95;src_9e6ef80718cc;src_9e85ee08512e;src_9f34185b4d12;src_9f4ecfc81982;src_a053be7ae8d5;src_a0a70bdff708;src_a24b106f7a08;src_a36b04d0adec;src_a42159968b2a;src_a491abd9601f;src_a4afd58af4d4;src_a71be20b0013;src_a75beaa762f0;src_a8d0a90d6fca;src_a9e4bbff3b19;src_a9ed1bab6e30;src_abe19c567812;src_ac33020a550f;src_af25c2808e1c;src_b0997cf57101;src_b2b324ebdad0;src_b2e8b6fb462d;src_b3029e43eba6;src_b3fac135c74e;src_b46a87871c12;src_b87b15248f1c;src_b8c8902f7753;src_b9f517c34e0a;src_bc150e23f863;src_bc81d5b4a84b;src_bf60fcd021fa;src_bfe8ce299479;src_bff641e3ddb1;src_bff7d7511576;src_c13fd203be7e;src_c1857c8ff81e;src_c2a9d866e89c;src_c45030d8864e;src_c5792d8dfd7b;src_c5b9418fdcbe;src_c5eaaa0b05ec;src_c641c521e744;src_c64ee1148759;src_c7a8ba021173;src_c865881c18b8;src_c93445ac3a6b;src_cc97d26f219e;src_cde3829ae23d;src_ce5a0b2166fd;src_cea4869f8b3d;src_d2a558862f15;src_d34e68b0ab0d;src_d465f6054df7;src_d6dcf879f383;src_d719bd2fbf75;src_d9f5aa679ddd;src_da16c9b8b51c;src_db0867f90d4d;src_dc860347f752;src_dcd6fa7c8fe0;src_dd776caeee53;src_ddf47c403ba9;src_de4bbcf41ea9;src_e06ed994b043;src_e18a8f7199bb;src_e2062c445adf;src_e38525fe1af9;src_e4cf10780527;src_e4ddd18a3167;src_e5d44828865b;src_e6571fd2259c;src_e697fffaeba3;src_eb1484e5e98f;src_eb1ecc767d94;src_ec9bbbaf5b68;src_ecc2669c1441;src_f1cd837b1a80;src_f218560cec8f;src_f23a6014bf16;src_f320cfb76525;src_f3769daa5aa7;src_f37f737b9e33;src_f3bc83e2a3a9;src_f53e11eefeb3;src_f586645db124;src_f6d40a8cfc6c;src_f7f2ca82edd3;src_f85f75d1f741;src_f8e0f4b06021;src_f97cebb07044;src_fbd91b0da9d4;src_fc411ef78bc3;src_fca33c043206;src_fed144a1a177;src_fee34fe2dd16,asap,CC BY-NC-SA 4.0;mixed
exp_066277c659f5,Wolfgang Amadeus Mozart,Classical,wrk_4cc12b754443,wrk_4cc12b754443,rec_c725b3163888,sources/ACPAS-dataset/subset_S/Mozart/376_CPM_Sonata_No.12_F_major_KV_332_3/S_1508_CPM.mid,,data/derived/rendered_audio/fluidsynth-2.5.6-musescore-general-0.2-v1/rec_c725b3163888.wav,sources/ACPAS-dataset/subset_S/Mozart/376_CPM_Sonata_No.12_F_major_KV_332_3/S_1508_CPM.mid,data/canonical/alignment_events.csv,,1,490,mid,cpc_canonical_beat,licensed_for_research,complete_movement,,true,true,ready,cmp_9ccf70ee127a,Sonata No.12 F major KV 332 3,scv_6203f27a3d89,prf_2f4027313fb2,aln_32d86bc996c3,synthetic_rendering,beat,source_provided_beat_annotations,source_exact,1.00,src_060973e15890;src_761d4112b936;src_85306f63ea05;src_98e80603d674;src_a80bc86a4c74;src_c1cfce25106a;src_cf53f576de39,cpc-rendered,MIT;derived audio; source MIDI terms apply; SoundFont MIT;mixed
exp_06d4c086f588,Frédéric Chopin,Romantic,wrk_c75095618219,wrk_c75095618219,rec_c1cae28b0033,sources/asap-dataset/Chopin/Ballades/1/midi_score.mid,,data/downloads/maestro-v2.0.0/2004/MIDI-Unprocessed_SMF_12_01_2004_01-05_ORIG_MID--AUDIO_12_R1_2004_07_Track07_wav.wav,sources/asap-dataset/Chopin/Ballades/1/midi_score.mid,data/canonical/alignment_events.csv,,1,264,mid,cpc_canonical_beat,licensed_for_research,complete_movement,,true,true,ready,cmp_1cb3d72ba143,Ballades 1,scv_59b6f3605ed2,prf_f5d8cf9a77f2,aln_478671d57f9f,source_recording,beat,source_provided_beat_annotations,source_exact,1.00,src_009b10f4f596;src_025991459456;src_05103d14abdc;src_0537b489083e;src_0543b0a7170d;src_0562ff5c5942;src_07ca589fb032;src_0899f3238bb5;src_09162744e255;src_0c02bba966a8;src_0d24cec54883;src_0db7b3124811;src_0e0af0bf184d;src_0e78d9da8c2b;src_118e6a773bae;src_168b4d75315e;src_16a155eaaaea;src_16e7444e4b6d;src_186a1d293b71;src_18b56ee1d27b;src_19da3ee76006;src_1af871e60756;src_1c529d6d6933;src_1d8e086581cb;src_1e74f087d54c;src_1e8341c7cfba;src_205e4a5d014d;src_20f529f8c338;src_227253a3e9e3;src_232354cc6f64;src_2556c91e67bb;src_26df00d01433;src_278111129341;src_2856952fafae;src_285bcb9fc89c;src_2932604d20af;src_2c5eb7f512b1;src_2c619f16abbd;src_2d6a741f6477;src_2e30a7f88ce3;src_2fdb9ea6290f;src_3013241dd9ab;src_31102c63604d;src_32fab4fdab3d;src_3555be65c0c8;src_35f7e4cc286d;src_3637acc220a8;src_3887eb116906;src_391fa557268a;src_3935eb6b5e85;src_394e6c46ed33;src_3a706206642a;src_3d5fe4b447a6;src_3e2b019eaae7;src_3f05ef317091;src_400400ef93b2;src_409725e2885a;src_42c63833086f;src_44091181db60;src_450ac44a1afb;src_4625c2abe13e;src_466a3b9009d4;src_4a6cf1ef5775;src_4c964809a4cb;src_4fc8888dcabe;src_5381ae42774a;src_567c4f4d2f5f;src_5718fe509e3a;src_5775ac0deecb;src_5bca46f475f0;src_5cea08b1dc47;src_5d29af041b88;src_5d2cea2421fa;src_5e478dfb9bee;src_5f20b3796ca5;src_5f4fbde05558;src_6130370e4067;src_66211965846c;src_67e8ff96c842;src_68ad5c7ba690;src_6b6b5b1294f3;src_6beb77c14d93;src_6cc0ec48f7d9;src_72823405bc7c;src_72ff9b8c52f9;src_73db15e2333b;src_761c11a5cc26;src_77cfdc3dbadd;src_78ac78965e75;src_78d1104d8494;src_7b0b94ab2c82;src_7ce54bea1fe3;src_7eef51ec8789;src_7fa60a7cae54;src_811a68571301;src_81b21be2fb27;src_83da6a346aa5;src_85f712b805f1;src_8610d4de1caf;src_88a95b186042;src_895524a2c8ef;src_8a9dbde686aa;src_8c2f645399c3;src_8c400de06eec;src_8dcad0534646;src_8e58892a03f4;src_900072a16c0b;src_92ff6bec8701;src_93679dd5fbe4;src_93a5c187e704;src_93b8640c1d91;src_96f45b86cf01;src_9802a5ced74b;src_98bb7a204dda;src_9b8b647390e9;src_9cf6edfaffec;src_9e7230249b16;src_a00f3bd77638;src_a15f1743ddf6;src_a187242d3308;src_a22b47aea52d;src_a41975d22736;src_a575bdbd879d;src_a5977da214ca;src_a5a3fa7b163f;src_a5b5c46e8b10;src_a6bf2b6f0896;src_a8a472ed12f1;src_a9112c31f7c1;src_ac213eb5c4f6;src_ad12faf3ca99;src_ad1b5050d62f;src_aec3e3168276;src_af0becf41bb2;src_af9572bacc7a;src_afdbff0c7d10;src_b29e8cbde524;src_b440088a9d1a;src_b47f5d9aa0fa;src_b4df0b99b753;src_b5c862f30733;src_b6d6bbac6a5d;src_b7e825387ad1;src_b868ad6a7f56;src_bb5e3260cca7;src_c1541bdc410b;src_c1be2165efad;src_c2efb88085b2;src_c4599ac33e36;src_c5c87f6732ae;src_c797f95ffb13;src_c7c38fa1b3b5;src_c8332657f7ec;src_c8d3460d463e;src_c972e7f7e3b3;src_c97f3f0a8b7f;src_cc4f52829c03;src_cd061e352eff;src_cf722bb50cc1;src_d612a3fedb12;src_d80f2e35380c;src_db4d9db670a1;src_db9d4e860748;src_dbc6f5b5db4b;src_dbdff94727a5;src_dbe936e212df;src_dcc985e5315e;src_e0603351c6ab;src_e1142ef6c426;src_e44686bac85c;src_e52e9e9102e9;src_e68eb8c3743b;src_e6eb7df6b513;src_e70179ca2d41;src_e735d1e325cc;src_ea6de5969434;src_ea733840b86c;src_ed8742cba477;src_effa7253ff9c;src_f3a950fc8de8;src_f400741011c6;src_f5119b4108c8;src_f76a93df4c0c;src_f8cc65b8c40e;src_f96d868cb16e;src_f99b8c58bacd;src_fa28683b9736;src_fb8242c01209;src_fdce6fa4ee7c;src_fe1268e0a59c;src_ff0978c3468a,asap,CC BY-NC-SA 4.0;mixed
exp_0b2bf9699b41,Frédéric Chopin,Romantic,wrk_a9c43c60ce38,wrk_a9c43c60ce38,rec_c5d8d61d4a24,sources/asap-dataset/Chopin/Etudes_op_10/2/xml_score.musicxml,sources/asap-dataset/Chopin/Etudes_op_10/2/xml_score.musicxml,data/downloads/maestro-v2.0.0/2015/MIDI-Unprocessed_R1_D2-13-20_mid--AUDIO-from_mp3_15_R1_2015_wav--2.wav,,data/canonical/alignment_events.csv,,1,49,musicxml,cpc_canonical_beat,licensed_for_research,complete_movement,,true,true,ready,cmp_286d812feb37,Etudes op 10 2,scv_cdb97a2dbce9,prf_a6c8bb8c1bb2,aln_4c098033b65e,source_recording,beat,source_provided_beat_annotations,source_exact,1.00,src_01a6f55742fd;src_04d277144d93;src_09e79204ff51;src_09fb99d7ecf8;src_0a3f84c44b4c;src_0b5a4689dfa0;src_0b902455a175;src_0cdc3aa5f1a6;src_0d1fbfd0cbe2;src_104e000ca339;src_104ee617323b;src_12e2d546916d;src_13695dacc56a;src_15772bbea3d0;src_16cd08d86890;src_185e54b49b4e;src_1d16c5028adb;src_1fd177414d46;src_225acb2f7d40;src_228e2829729b;src_23ebdd17a6fa;src_245de0f814d0;src_27a463901a83;src_2a61c8bb177d;src_2bc8afc94894;src_2ee2174a9b41;src_36f9ff58b1e3;src_3797890d5c22;src_382649739729;src_386a286b216c;src_3fa36daf0907;src_4294cd13da81;src_496f0857e8ee;src_4c374cf93734;src_4c9136aa879d;src_4d2849731e3d;src_517829fb625a;src_53f819fd27d7;src_54f05e5bbbf0;src_551141cf155b;src_580502c806db;src_586cd98bf5b0;src_5a065eca7a2a;src_5d11db572c0f;src_6315fb55f6b4;src_63d76878b21d;src_70b2e700c924;src_753ec15a3948;src_764dacc6388e;src_78b1ef1cd246;src_79e82e63d6c3;src_80fd41bca47d;src_83883a40788c;src_87be1b36469c;src_8be665690b37;src_8c0fcc0d6bf4;src_8cf5edbf5b1f;src_8f97761bc5dc;src_9067a3a52db5;src_90a3ddcaa820;src_93a298aa00c2;src_947c17c3a3f6;src_951c308abe75;src_97cf76d56f0d;src_97eef76543e0;src_9863651b5b14;src_9c30afc4f3cf;src_a2f7914b17ac;src_a2fdff172a90;src_a460ef1157ce;src_a5bc39c9edbe;src_b7acf743aa22;src_b85011f6d988;src_b94108559867;src_bdd2441cb575;src_c043b7c47bfe;src_c0876b91093f;src_c14208e936f1;src_c18a6b5088b6;src_c1bc8c4b40e6;src_ca6bb5bd213c;src_ca92241ba4cd;src_cad137952ea6;src_d2315620322a;src_d2c671208bcc;src_d73c9647ecbe;src_d7fa5429f890;src_da41f220da7e;src_dc6722cffee6;src_e0cbeb89e48f;src_e447ad82114f;src_e7ff7aa25bed;src_e8246e7ceac7;src_ee5481f825a3;src_ee673c5a7ba7;src_ef9ca4fba8af;src_f48305ad703f;src_f6c6a9cc3b5c;src_f7dc495777b0;src_f8fc3ada54c3,asap,CC BY-NC-SA 4.0;mixed
exp_0c5ee97ee0f7,Frédéric Chopin,Romantic,wrk_73caf2ce98c8,wrk_73caf2ce98c8,rec_ac72894afc40,sources/asap-dataset/Chopin/Etudes_op_25/10/xml_score.musicxml,sources/asap-dataset/Chopin/Etudes_op_25/10/xml_score.musicxml,data/downloads/maestro-v2.0.0/2017/MIDI-Unprocessed_041_PIANO041_MID--AUDIO-split_07-06-17_Piano-e_1-01_wav--3.wav,,data/canonical/alignment_events.csv,,1,119,musicxml,cpc_canonical_beat,licensed_for_research,complete_movement,,true,true,ready,cmp_d1e69a1bc1c8,Etudes op 25 10,scv_ff519277a743,prf_134535726eb2,aln_0d63fe3c095d,source_recording,beat,source_provided_beat_annotations,source_exact,1.00,src_052bd98b7608;src_0c10c6764adb;src_0c1f6cdba10e;src_0c8caad494d2;src_108b034ab492;src_10a0b7334479;src_10dadb5872f2;src_12537457a600;src_134db4d05f16;src_1623db091e33;src_167ed80c73f4;src_16f3c38be475;src_17219f5fd792;src_18417ff852ae;src_19d1818ef892;src_1a2823aa96ba;src_1b5fd0e4fbaa;src_1bdd95bc292f;src_1f34b6100874;src_258323954a03;src_25ba9baca9de;src_274548bb563e;src_27cf7dc0cbe9;src_29065bf3d6ac;src_29def3dc0f69;src_2a8e1232dbc8;src_2fb74dff63ce;src_30b64a290f1c;src_31f4cdc32e9a;src_378d58c1d9f3;src_387a72bfa22c;src_3c903f7e5fa3;src_3ea82cec1915;src_426621b9f008;src_45dba40b90e6;src_4c3082c0364d;src_4ec8957f9fcd;src_50b71b16c916;src_51033555bae9;src_563e57d0e68c;src_573e81ff651e;src_576a6fe8b22b;src_581078c15cd1;src_5851d41881b3;src_58ecd2c62cbe;src_5adc07942aa0;src_5d61a8f402bb;src_5e7589aebd45;src_614cc6f86538;src_63afac83e057;src_64f89094df08;src_68619e5d35bb;src_6f1069aa4145;src_77173eed93a1;src_77dad917eb17;src_7a95fd4fa48d;src_7bb620da396b;src_7d1fc1f15f46;src_7db7d6b41308;src_83fb2a0982e3;src_848c18a9591b;src_8535f7df3143;src_86c2fae8f5ca;src_87415b8ab25d;src_8f52e0ce3e24;src_952f385d6caf;src_9771cdeb06b8;src_9880dd49837d;src_9ac82e3bdc49;src_9c851ee4cf49;src_9d20a45fbca8;src_9f436b8cb78d;src_a1e873e5d7d1;src_a205cd5755a8;src_a9768c8b5194;src_aa856bd9ae4f;src_af8eec4a8d9e;src_b02a525a4055;src_b174b65cc4b3;src_b2065f42bb86;src_b8bd01c7fb20;src_bc2a3cffa13c;src_befda25d26f3;src_bf52d9a6aed3;src_c031e780f96a;src_c0cbd5feeae5;src_c21d75d8fbfc;src_c4890a560653;src_c5ce7657b8f3;src_c9e34cd06128;src_c9fad67f2000;src_cffc57a44e3b;src_d4b34d84b203;src_d7838d9f6402;src_d8b8a47a340a;src_d90bd21defdd;src_dafe19cda4dc;src_db08d8670fcf;src_e739ac493ea6;src_ea81f539f70e;src_eac9ea742b45;src_eb47307ad677;src_ecc492f22e02;src_ed1a7ecc3ab6;src_ed2fd66636a9;src_ed6897ebbe74;src_ee76835ee821;src_f16a9d41a454;src_f527495438a2;src_f8cfd3fc6ffe;src_fc812b968ebf;src_fd3b0afc9701;src_feb206882f9b;src_ff9dacba79ef,asap,CC BY-NC-SA 4.0;mixed
exp_0dc6759b6227,Wolfgang Amadeus Mozart,Classical,wrk_6ce03f05af78,wrk_6ce03f05af78,rec_967be27cc07c,sources/ACPAS-dataset/subset_R/Mozart/379_CPM_Sonata_No.13_Bb_major_KV_333_3/R_35_A_MAPS_mz_333_3_ENSTDkCl.mid,,data/derived/rendered_audio/fluidsynth-2.5.6-musescore-general-0.2-v1/rec_967be27cc07c.wav,sources/ACPAS-dataset/subset_R/Mozart/379_CPM_Sonata_No.13_Bb_major_KV_333_3/R_35_A_MAPS_mz_333_3_ENSTDkCl.mid,data/canonical/alignment_events.csv,,1,226,mid,cpc_canonical_beat,licensed_for_research,complete_movement,,true,true,ready,cmp_597e34f68688,Sonata No.13 Bb major KV 333 3,scv_df6e32893b18,prf_1741260b2efb,aln_f37d1d57dbeb,synthetic_rendering,beat,source_provided_beat_annotations,source_exact,1.00,src_0640c63aba27;src_0950ca8b92b8;src_0dcb28645532;src_0fd6b783c1b8;src_28096b2e13e3;src_2b0ec5457abc;src_31e6285994f4;src_46fbd15de8fa;src_7648271d60a6;src_7bea5aaf912b;src_8b75b4e68eeb;src_98e80603d674;src_a4fd97027fe1;src_a80bc86a4c74;src_bdc23eefd745;src_c8a16abdb42d;src_e42854aa5938;src_ee891eb762bb;src_f2b90cf613d2,cpc-rendered,MIT;derived audio; source MIDI terms apply; SoundFont MIT;mixed
exp_0dc8ed1f813c,Frédéric Chopin,Romantic,wrk_2ea4ae59ea14,wrk_2ea4ae59ea14,rec_c3e47cf47263,sources/asap-dataset/Chopin/Etudes_op_10/4/xml_score.musicxml,sources/asap-dataset/Chopin/Etudes_op_10/4/xml_score.musicxml,data/downloads/maestro-v2.0.0/2017/MIDI-Unprocessed_049_PIANO049_MID--AUDIO-split_07-06-17_Piano-e_2-06_wav--3.wav,,data/canonical/alignment_events.csv,,1,83,musicxml,cpc_canonical_beat,licensed_for_research,complete_movement,,true,true,ready,cmp_3840f26af604,Etudes op 10 4,scv_828c93ba4c1e,prf_bd4fa9cf65ba,aln_ff76b4206a50,source_recording,beat,source_provided_beat_annotations,source_exact,1.00,src_00435d154e8e;src_00493e711d06;src_02d5f448e252;src_06661b8a0af2;src_074098c68b87;src_08d3d01fb869;src_0bb476b5b453;src_0bee72ecedb1;src_0e8411e873d7;src_0f6994d36e3c;src_133c0b50fe48;src_142e62f5af0e;src_1568a1206855;src_175bf20b0beb;src_18fcd5845910;src_1a8e7c4c3ae7;src_1ab40fcf30b2;src_1b1c0b6fb982;src_1b81d7198d7c;src_1e61197f7f3b;src_1e92e6c4aa44;src_1fb68ddeb4e7;src_22abd18cd1e7;src_23fbf1d7152c;src_24accc41700e;src_25be3551181a;src_25f3f1cfdfe6;src_260ff8936ac1;src_27091cb2b7c1;src_2a9c97c6263e;src_2ac16978e6f1;src_2bf3b5d35c6a;src_2e04a5aaf970;src_2eb90af37b6d;src_2f568fc374a7;src_301883723571;src_315b19b0a72c;src_319948a6ee86;src_31fc3ead56c3;src_3203be84752d;src_363b658499bb;src_36434f9715d0;src_39c8ed66d683;src_3ac1fa0c9463;src_3e0134e92264;src_3ee5897a59f8;src_40ecf364b7dd;src_43b0fb9c4a91;src_43bc146ebb76;src_45622a59eed8;src_46af1c2989f5;src_48b69c87e5f6;src_49c19bd547fd;src_4b12f6fb0dfb;src_4b17aa1b6659;src_4d23ffbe64d3;src_4dd63d710066;src_4f01e6ad10b1;src_50c9596611aa;src_517e5cd89b51;src_52dde52a34ed;src_53746fe22635;src_5433fff9f958;src_546bc53839d0;src_546fb58f0e79;src_54958adef32c;src_56ebe5323c91;src_574a22f2a78e;src_584252941fc5;src_599738ef8f07;src_59d344ed4a31;src_5a0df20488a4;src_5ab73682c4c1;src_5c52a40481f6;src_5c5ca63bac97;src_5ffd3d804cdc;src_614231554a72;src_62bd7a5da2a0;src_64deedb2002e;src_66b5ae995323;src_66dd8490f08f;src_68a5d4edcf17;src_68cc0e1f735e;src_712f757a8898;src_71516b3eb864;src_71a33f189040;src_722a5a46897b;src_72740c399dac;src_7296f0509261;src_72df3fcf6a78;src_73e6ef81c38d;src_7517776f1a48;src_76817c986ecf;src_77b937613ab9;src_79208e685b4e;src_79a659586b70;src_7a8ff5d1ee58;src_7ba6c5115038;src_7d797ed95ab0;src_7f0479e52676;src_7f84f882bab0;src_80bc2719d6f2;src_818313d9c6ef;src_819e473011cb;src_8436ecdf80bb;src_84cede3136f0;src_85561b46e4ac;src_88a78fba425c;src_88f456185e42;src_88fb456b207b;src_890db1098a74;src_8932adaef3db;src_8accf80be009;src_8beae127cb2e;src_8c69cedc9552;src_8d1421f7c6d5;src_8e0f31f5c660;src_8e68636225be;src_90b77a2440b9;src_91510879e4f3;src_93c7e1341dd0;src_93d7378bf0b8;src_943bf152a149;src_94aa636b5b62;src_96267656faf4;src_96567c396e1d;src_966dc4721014;src_9670cb76f632;src_967c0d91894f;src_983daf52931d;src_9be8a2c5c60f;src_9cb41b6fc217;src_9da8a8ae9ef1;src_9ec72286206e;src_9f1cf138ee42;src_a04ebe63c80b;src_a41b4d5ead6f;src_a514af7d8a2a;src_a65dc5011930;src_a7665abb2178;src_a7e0cd1ec2d6;src_a831131fa8bd;src_a96d16500d3a;src_aa09b1ed01f3;src_aa7124c0fbf6;src_aac33758e112;src_ac75d76cf9b7;src_ac9571007754;src_ae0809a8c3c8;src_af2e4edae436;src_af5b9ef2e611;src_b0ff2ce14afe;src_b2f1ee6182b7;src_b440731d0e5c;src_b444849616c4;src_b45722bf9d36;src_b59cf9da73a2;src_b71321f5af8c;src_b7c4c58b5eda;src_b8b17b66730d;src_b8d4799103b0;src_bc0024852ba7;src_bdd09519724a;src_be5eeb31d7ee;src_be789afd4ed9;src_bee0aea3f3ac;src_bf72b993ddb8;src_c0eadba0e5dc;src_c167a56c87fe;src_c19195c14130;src_c1eddaecccf6;src_c27b43bfc925;src_c2d0a26e50b7;src_c32991d3213b;src_c523603361fd;src_c9d66e884e9f;src_cb8b1b94e443;src_cc97c188fdf8;src_ccead01ae2c8;src_ce9f765d92fe;src_cfdd3b4360f0;src_d08790730873;src_d120954538f3;src_d241690bee53;src_d394125bf16d;src_d50de97ae7a2;src_d70d1a85c779;src_d8defb8b6812;src_dae18a78f4a1;src_dc35f738ea75;src_dc4be58cf824;src_de496ed6d4d3;src_deedd6b985e0;src_e0f596b7bc08;src_e11723d1127f;src_e1276e6d1733;src_e159e5d150a4;src_e3022ae1a44d;src_e39ba0db8f7b;src_e3bf1b01f721;src_e44308f8330d;src_e53d853a3cab;src_e5bcc2023b0d;src_e7f423e3cd53;src_e82bf45d3171;src_ea08f8a7b770;src_ea31f1942ff1;src_eac2e58d066d;src_ec84238ee412;src_ec9d66968101;src_ee5176015da6;src_ef521e81b719;src_f58748654ad8;src_f59850e84dd5;src_f60ba7fcde2b;src_f6b3d1da4934;src_f71cf5923d91;src_f8549196f39c;src_f9b1fac75d23;src_fa64efb924ef;src_fc1e8cf023fa;src_fc226cb27a46;src_fca5df633f7d;src_fd24d379b6d4;src_fe4bb24e7485;src_ff07dae714ff,asap,CC BY-NC-SA 4.0;mixed
exp_0fae2f6ca290,Wolfgang Amadeus Mozart,Classical,wrk_ae99d9f81630,wrk_ae99d9f81630,rec_52ef4bc2644e,sources/ACPAS-dataset/subset_R/Mozart/372_CPM_Sonata_No.11_A_major_KV_331_2/R_31_A_MAPS_mz_331_2_ENSTDkCl.mid,,data/derived/rendered_audio/fluidsynth-2.5.6-musescore-general-0.2-v1/rec_52ef4bc2644e.wav,sources/ACPAS-dataset/subset_R/Mozart/372_CPM_Sonata_No.11_A_major_KV_331_2/R_31_A_MAPS_mz_331_2_ENSTDkCl.mid,data/canonical/alignment_events.csv,,1,250,mid,cpc_canonical_beat,licensed_for_research,complete_movement,,true,true,ready,cmp_1eedc0bd6874,Sonata No.11 A major KV 331 2,scv_8bdc2a36b858,prf_3b8930ca527a,aln_eaef8349d879,synthetic_rendering,beat,source_provided_beat_annotations,source_exact,1.00,src_116883edd29c;src_1304b8fb1eb7;src_19f07905eeb9;src_1a42e413bb1f;src_1d2ee2947769;src_24b7a7b143ec;src_2e8677ff6dc8;src_2f1abb4f81db;src_2f4e98a92b75;src_376047e41d29;src_378d21479789;src_3997ddbfaa06;src_4a7e29ee7c17;src_4b8e859206eb;src_59e0857890df;src_64eaef620cbb;src_721e6784f536;src_98bbb4195c1c;src_98e80603d674;src_9be8a40f2a97;src_9f18011b574a;src_a80bc86a4c74;src_ac53671461b4;src_b1cc6076e5e8;src_be0f7e1a1182;src_c8c8adae040c;src_cfe46bca5648;src_d63361ca9ede;src_f97d13df53ea;src_fa44aac5e5de;src_ff52dc8a6d86,cpc-rendered,MIT;derived audio; source MIDI terms apply; SoundFont MIT;mixed
exp_106ff705f3b2,Wolfgang Amadeus Mozart,Classical,wrk_ab0f834b90b5,wrk_ab0f834b90b5,rec_22f80a180d47,sources/ACPAS-dataset/subset_R/Mozart/375_CPM_Sonata_No.12_F_major_KV_332_2/R_33_A_MAPS_mz_332_2_ENSTDkCl.mid,,data/derived/rendered_audio/fluidsynth-2.5.6-musescore-general-0.2-v1/rec_22f80a180d47.wav,sources/ACPAS-dataset/subset_R/Mozart/375_CPM_Sonata_No.12_F_major_KV_332_2/R_33_A_MAPS_mz_332_2_ENSTDkCl.mid,data/canonical/alignment_events.csv,,1,82,mid,cpc_canonical_beat,licensed_for_research,complete_movement,,true,true,ready,cmp_2d3dbfa86295,Sonata No.12 F major KV 332 2,scv_f24ff234277b,prf_5912a5b3512b,aln_2ec54ff7f7cb,synthetic_rendering,beat,source_provided_beat_annotations,source_exact,1.00,src_299f50cfea1d;src_2ce218411100;src_2e2f1892630b;src_32af3d8002bf;src_46f1c5045232;src_6b2bbaa820f4;src_8dcb6182abfe;src_98e80603d674;src_a1290df090af;src_a80bc86a4c74;src_bb1904e8eb5e;src_bc8b18cc3782;src_c46870226add;src_c58e7833417a;src_c7e02667684f;src_d1d28b0a40ab;src_e4dcb9013b50;src_e82de3db48da;src_f2f6651e07ea,cpc-rendered,MIT;derived audio; source MIDI terms apply; SoundFont MIT;mixed
exp_131fc90e0a41,Frédéric Chopin,Romantic,wrk_606fee96925f,wrk_606fee96925f,rec_765471cbc2d3,sources/asap-dataset/Chopin/Etudes_op_10/8/midi_score.mid,,data/downloads/maestro-v2.0.0/2011/MIDI-Unprocessed_19_R1_2011_MID--AUDIO_R1-D7_14_Track14_wav.wav,sources/asap-dataset/Chopin/Etudes_op_10/8/midi_score.mid,data/canonical/alignment_events.csv,,1,96,mid,cpc_canonical_beat,licensed_for_research,complete_movement,,true,true,ready,cmp_fe9c731c2d2e,Etudes op 10 8,scv_f0f703f3e9b9,prf_bcd8959014e9,aln_7a37a6f74098,source_recording,beat,source_provided_beat_annotations,source_exact,1.00,src_00fb2ab1f099;src_02b7ae40da98;src_038c4a50ebfa;src_05d94747641a;src_072ef64e1663;src_085e3744b85d;src_089f94e75645;src_090082af5269;src_099dda31de0a;src_0b46c4fdda35;src_0bb7a0d0ce99;src_0bda4d1b489f;src_0c46d9e72591;src_0c8cdeb310b2;src_0df6a20b7416;src_0eef7d0d4c3e;src_0fe3629fa37b;src_10240904eb54;src_110ed238b9fe;src_11b576871983;src_1278647ae551;src_12d07b73b62f;src_138018434599;src_16cace67cbae;src_17f1725162ff;src_17f7fd7ad6a5;src_1828da8e6e09;src_182e3e29ca8e;src_183bbd01ff2c;src_1879919033b6;src_18d85268ba31;src_1be798941779;src_1c2e01c00e5e;src_1ce0325457b3;src_1d5967a7cc33;src_1f94413366e4;src_2049593e2719;src_216270244598;src_2197042a7721;src_235b3fc7f290;src_268d5b1f4c8c;src_28acd7791147;src_29812e6e0665;src_298c0dd9e190;src_2a3af8a60840;src_2ab70c5bc726;src_2c654890aa0c;src_2ccec1099c0a;src_2dcc0164e6c6;src_2ec1d1c52749;src_2fe77c3ee703;src_310c8946e093;src_3196bb3c22cd;src_31ceac59dd8a;src_31cecb90bb80;src_33a26205e123;src_3432824105f4;src_365516aad317;src_36dd5502594d;src_37ad9e2cc9fa;src_37b665b42cc3;src_37e312b46957;src_37ffc5e33f82;src_39265cdb4ffb;src_3aa9ca48d031;src_3ad21c47a6f5;src_3b5f415cc619;src_3d3ced5a9495;src_3f6c2f62d2da;src_441753383ab0;src_44ae43783277;src_44f53230b8df;src_44fbfe6b8a57;src_45f7160c4622;src_468e514fb98d;src_46f1aed7e95d;src_4a2a6e18ccd9;src_4b95644f95f3;src_4dba99b9caea;src_4e9f93e7d6b7;src_50b3f7848081;src_5144c02197a7;src_5169667dbe48;src_54da0eedec54;src_5540d8243860;src_5562a5b0d1af;src_58afec9d79f9;src_5ae1a930a2e3;src_5af9d3ded6a7;src_5bd2f6a05515;src_5bdfcbc128a2;src_5d3225323b5c;src_5d6ea3c0d41f;src_5fba218de0df;src_618f0b052897;src_618f5445c761;src_6474c1717933;src_66974f90b4cb;src_670e0fd3f309;src_67cab02b53b8;src_67f88a79e215;src_6b3da2e4154d;src_6c2e534d55a6;src_6c5eec5d077c;src_6df323b447d4;src_6f3ac011f3ba;src_708abc36ec1c;src_70946139805c;src_712e80a4912e;src_7226c7750c68;src_72475bd874f2;src_72668957b68c;src_75397e9b7c2d;src_758cf9b10aea;src_7645230df260;src_776fe98fd5c0;src_783f293d08ca;src_78e1b998f186;src_79dd36d9e241;src_7ace75a5b669;src_7c3e863462fd;src_7c6ed992a322;src_7d2902f1c449;src_7e67fd68c879;src_7e73baf5f983;src_7fca3cdcf74d;src_8161ddedf130;src_81896e947563;src_81eb9e0bcd25;src_821d22f222c6;src_82823d1aa8b3;src_8326f3673c5f;src_8603cd9e82a0;src_8631816ea650;src_8b8ba665556d;src_8c468ec2b465;src_8c58053492eb;src_8d63b87b11b4;src_8de8b1cac623;src_8f9f6c8e9578;src_914fc2161264;src_91af059a8182;src_924e77da85ce;src_925aadfa3878;src_92690bc54d1d;src_932eb5cee157;src_94153027dcfe;src_9751eefc3d18;src_97845f4c5e3a;src_983cfca2562c;src_99587d3d8423;src_99dd350b336f;src_9a94be92b38e;src_9adb3c6219a2;src_9b3dbbf781a3;src_9d6178dfbc9c;src_9f6fbb27a9b5;src_a1621a69a473;src_a27d1b64bd60;src_a584c6da4f16;src_a5bd7d7c4018;src_a5e1ad2eee2e;src_a7c819ad4c06;src_a800e70517cc;src_a835d5f69722;src_a98b9021d738;src_a9d1c560faf3;src_ac170020d68c;src_ac3ebc613a32;src_ae0c9a91cec6;src_aed303f82311;src_af5fe9a07505;src_b0a0a97d1d1a;src_b0b1d748bfd3;src_b1c8ce9ef83e;src_b2ac53a90fee;src_b33f556e5b8f;src_b35ed6446371;src_b3ca864103cf;src_b4e9ff3644d5;src_b5751dcf04ae;src_b603a774d99f;src_b6c3419e33df;src_b7ecd6999f12;src_b8c849717b40;src_b9f9d42e248f;src_ba2385ad8ae5;src_bf860b344422;src_c1915c1312bc;src_c1e2273a12b2;src_c1f0228fc509;src_c20416ad0e21;src_c243ae24d9e1;src_c27eebafcd6f;src_c37e4406d4c2;src_c46e81e83019;src_c5f9461232bc;src_c64eed48d007;src_c68548cacb36;src_c7dfdcd9c7a9;src_c84351594900;src_c8a00245560b;src_ca6c3fd7e6e9;src_cc1b212d6cfa;src_cd51bea977cc;src_cdfcc266d00b;src_ce38e8712eb4;src_cfcd724cf447;src_d105f75c9ad4;src_d1e165960c84;src_d7656efd4e64;src_d871d3889087;src_d959d1305423;src_d97d95a978d3;src_dc4defe14af3;src_dc7ddc962aaa;src_dd3688ce642d;src_dd6ec7547419;src_de537c075522;src_df808a66434f;src_dfb450f02894;src_e0449913f2be;src_e069271508b5;src_e12437d1d52a;src_e2f1be47d58f;src_e2f2981c9653;src_e388b2070915;src_e46b3344c145;src_e471e84ea415;src_e54f117eaca1;src_e5ed3f9a448a;src_e6021dfd43c3;src_ea710362b6a0;src_ec911df903b5;src_ece931201587;src_ed2fd6bdbf59;src_ef17f0b1d558;src_ef348b3b1e1b;src_ef3e3d245fdf;src_ef517a789d29;src_efc0b4491cb8;src_f06c135195de;src_f2fa37dc5ab6;src_f4192f8dba4b;src_f52cfd4d1398;src_f6a92ff2070a;src_f6cd7caffb33;src_f6f9a816a94b;src_face2fbc6a9e;src_fc40231c51e7;src_fcde41ded186;src_fd7695e78070;src_ff56764aedac;src_fff8413d4a07,asap,CC BY-NC-SA 4.0;mixed
exp_1382f1c9e996,Frédéric Chopin,Romantic,wrk_2dba713813f1,wrk_2dba713813f1,rec_b9bc2be6a9c4,sources/asap-dataset/Chopin/Scherzos/31/midi_score.mid,,data/downloads/maestro-v2.0.0/2015/MIDI-Unprocessed_R1_D2-13-20_mid--AUDIO-from_mp3_20_R1_2015_wav--4.wav,sources/asap-dataset/Chopin/Scherzos/31/midi_score.mid,data/canonical/alignment_events.csv,,1,780,mid,cpc_canonical_beat,licensed_for_research,complete_movement,,true,true,ready,cmp_4fade9260416,Scherzos 31,scv_e60623ce59c0,prf_1d081303d623,aln_2b56dea7fa10,source_recording,beat,source_provided_beat_annotations,source_exact,1.00,src_006c839a80ea;src_03ec7fb9092f;src_08134f626795;src_08e670c23d34;src_0b72c15addfc;src_0bc1fe84af4a;src_0dd11732e425;src_0de8ac2c8599;src_0e645eceece1;src_10216435519e;src_12ab227cb34c;src_138362adddcc;src_14c2683c4513;src_14d189b77f6d;src_154ebb60d6f5;src_1790fe670e03;src_1a9b66ff8c11;src_1b9267d8f580;src_1df244266d31;src_2045dfef6313;src_2155a88bcac7;src_22f872c756fb;src_24b52b2550ed;src_257509ed30ce;src_2697395bb90b;src_2941af989b7a;src_2a41a71b037b;src_2bfe1367fa4c;src_2c721d5823c0;src_2e4cea999436;src_2f2baef5f837;src_306784351627;src_3720177a070c;src_381c1815b9fd;src_38cf01742654;src_3977569a818b;src_3aa959d83570;src_3c623434f0cb;src_3e2b714e90e2;src_3fed61a3c179;src_42fff87e78ee;src_432ba7627149;src_45d579dddcc7;src_4867c43d87ac;src_4894f57f1e0d;src_48af8ece423c;src_4b09869d8f59;src_4d2af982e022;src_4e226bb1d5e0;src_4ece58d294e6;src_4f57168c8a61;src_50610cfb75e2;src_526fb353580e;src_533c262d36d8;src_534397905719;src_5432f36db989;src_54c8541a49b9;src_564dbf2b0b7b;src_58166fd764cc;src_5895a19e2275;src_5af8a4700c33;src_5b87e9a003f5;src_5ba9446f5ade;src_60a6cd80c5de;src_60fcad5eaf59;src_64810fc38756;src_64f52ae94b8e;src_6516c808d60b;src_692f3b741b24;src_6b6a3431c666;src_6b8ed8c853cc;src_6beaa5b745af;src_6e37149a3e76;src_71461211c7d2;src_722d73269a95;src_729431c61f4b;src_72e63fbbb92b;src_7300493c7fd1;src_7304bb751c4c;src_74c11e6f192d;src_7987bf888a1e;src_7ba2aefcdb1f;src_7e8c5df43048;src_7ff138bcccab;src_814bbb422235;src_867532b5b031;src_87ec9ed6d64f;src_88f7d0aec04e;src_89aa3aea0d3e;src_8c66bdabd602;src_8d7ad4dab8a3;src_8f44534f098d;src_8f60608fccdc;src_91ced24f2e96;src_926302821870;src_936f10781a02;src_96a7deb336de;src_97cce262d259;src_98f719dced96;src_9a7257ae1b31;src_9adb5f5e3832;src_9dd276267da2;src_a2c9d3bac2b4;src_a399d487b701;src_a3ccc4e39419;src_a46c4fea6fdb;src_a48c2c298d22;src_a66a981e9a0d;src_ac126b2eb8ff;src_ac764ad03507;src_af3d62b60ee6;src_b1ca61d09313;src_b2eb510e1015;src_b30f3a46d9de;src_b5193a49f80f;src_b5fa21a0069d;src_b6d96a177074;src_b717036bdff2;src_b737eeddc19b;src_ba1fbeaec487;src_bc52bc0d513d;src_c1b1c5d55de7;src_c1d294de8f4b;src_c57bfd32e89a;src_c5e7f534504f;src_c64723536af8;src_c6c9fe8d00ca;src_c72bffb14df2;src_c79b85f3a1bb;src_c90c9a180971;src_cca667697101;src_cd9d1d4dc41b;src_ce53fcca9859;src_ce65f42219d6;src_ce7979f711b0;src_ce81b5d116da;src_cf55a418092c;src_d16ae8fe4a03;src_d4031242fadc;src_d6bfd3c9e23e;src_d75bc1c20019;src_d87ad2691f42;src_d9e86a5dd044;src_dabc69505eb5;src_dc3a8d8f3f0a;src_dfe223d7f6af;src_e1ab36671867;src_e275c071d331;src_e77359a112b4;src_e818678be8c0;src_ea723e07821a;src_f1096d55bc87;src_f1f6ba1d1f97;src_f3a4a4ad2b15;src_f4fa56d49a32;src_f5e5dc0427d6;src_f668cdd75351;src_f80172d9a37f;src_f844561cb65f;src_f97f6ebc8fa0;src_fc4fe9e1037e;src_fe8cb323dd18;src_fe97db8a4888,asap,CC BY-NC-SA 4.0;mixed
exp_14d536932e81,Frédéric Chopin,Romantic,wrk_73caf2ce98c8,wrk_73caf2ce98c8,rec_5ebb0ffcf4b7,sources/asap-dataset/Chopin/Etudes_op_25/10/xml_score.musicxml,sources/asap-dataset/Chopin/Etudes_op_25/10/xml_score.musicxml,data/downloads/maestro-v2.0.0/2013/ORIG-MIDI_02_7_7_13_Group__MID--AUDIO_18_R1_2013_wav--5.wav,,data/canonical/alignment_events.csv,,1,119,musicxml,cpc_canonical_beat,licensed_for_research,complete_movement,,true,true,ready,cmp_d1e69a1bc1c8,Etudes op 25 10,scv_ff519277a743,prf_8ed9f3cc2e2c,aln_5708c32713e4,source_recording,beat,source_provided_beat_annotations,source_exact,1.00,src_052bd98b7608;src_0c10c6764adb;src_0c1f6cdba10e;src_0c8caad494d2;src_108b034ab492;src_10a0b7334479;src_10dadb5872f2;src_12537457a600;src_134db4d05f16;src_1623db091e33;src_167ed80c73f4;src_16f3c38be475;src_17219f5fd792;src_18417ff852ae;src_19d1818ef892;src_1a2823aa96ba;src_1b5fd0e4fbaa;src_1bdd95bc292f;src_1f34b6100874;src_258323954a03;src_25ba9baca9de;src_274548bb563e;src_27cf7dc0cbe9;src_29065bf3d6ac;src_29def3dc0f69;src_2a8e1232dbc8;src_2fb74dff63ce;src_30b64a290f1c;src_31f4cdc32e9a;src_378d58c1d9f3;src_387a72bfa22c;src_3c903f7e5fa3;src_3ea82cec1915;src_426621b9f008;src_45dba40b90e6;src_4c3082c0364d;src_4ec8957f9fcd;src_50b71b16c916;src_51033555bae9;src_563e57d0e68c;src_573e81ff651e;src_576a6fe8b22b;src_581078c15cd1;src_5851d41881b3;src_58ecd2c62cbe;src_5adc07942aa0;src_5d61a8f402bb;src_5e7589aebd45;src_614cc6f86538;src_63afac83e057;src_64f89094df08;src_68619e5d35bb;src_6f1069aa4145;src_77173eed93a1;src_77dad917eb17;src_7a95fd4fa48d;src_7bb620da396b;src_7d1fc1f15f46;src_7db7d6b41308;src_83fb2a0982e3;src_848c18a9591b;src_8535f7df3143;src_86c2fae8f5ca;src_87415b8ab25d;src_8f52e0ce3e24;src_952f385d6caf;src_9771cdeb06b8;src_9880dd49837d;src_9ac82e3bdc49;src_9c851ee4cf49;src_9d20a45fbca8;src_9f436b8cb78d;src_a1e873e5d7d1;src_a205cd5755a8;src_a9768c8b5194;src_aa856bd9ae4f;src_af8eec4a8d9e;src_b02a525a4055;src_b174b65cc4b3;src_b2065f42bb86;src_b8bd01c7fb20;src_bc2a3cffa13c;src_befda25d26f3;src_bf52d9a6aed3;src_c031e780f96a;src_c0cbd5feeae5;src_c21d75d8fbfc;src_c4890a560653;src_c5ce7657b8f3;src_c9e34cd06128;src_c9fad67f2000;src_cffc57a44e3b;src_d4b34d84b203;src_d7838d9f6402;src_d8b8a47a340a;src_d90bd21defdd;src_dafe19cda4dc;src_db08d8670fcf;src_e739ac493ea6;src_ea81f539f70e;src_eac9ea742b45;src_eb47307ad677;src_ecc492f22e02;src_ed1a7ecc3ab6;src_ed2fd66636a9;src_ed6897ebbe74;src_ee76835ee821;src_f16a9d41a454;src_f527495438a2;src_f8cfd3fc6ffe;src_fc812b968ebf;src_fd3b0afc9701;src_feb206882f9b;src_ff9dacba79ef,asap,CC BY-NC-SA 4.0;mixed
exp_1639a57ca435,Wolfgang Amadeus Mozart,Classical,wrk_16208b873f55,wrk_16208b873f55,rec_75024038659c,sources/asap-dataset/Mozart/Piano_Sonatas/8-1/midi_score.mid,,data/derived/rendered_audio/fluidsynth-2.5.6-musescore-general-0.2-v1/rec_75024038659c.wav,sources/asap-dataset/Mozart/Piano_Sonatas/8-1/midi_score.mid,data/canonical/alignment_events.csv,,1,133,mid,cpc_canonical_beat,licensed_for_research,complete_movement,,true,true,ready,cmp_fef1cb83d033,Piano Sonatas 8-1,scv_f5ed897586b0,prf_13ebe43e626e,aln_b8618da5689e,synthetic_rendering,beat,source_provided_beat_annotations,source_exact,1.00,src_00a034d80378;src_02351c287cce;src_0959f7f0c921;src_0c5b459f3713;src_120b85d303a3;src_12ac25a9c7d0;src_133fdd89d752;src_1495fd782897;src_1736c0a3ec30;src_1bfba426e3b5;src_1f601191f854;src_20272ab6e36a;src_2030b845ba85;src_2309bfc3c6e7;src_266b4a8f2871;src_2801af45cdb9;src_311cc910ec9c;src_35dc9a227b9d;src_37bb36627b0a;src_38b76ad6d621;src_39888cae09c0;src_3bb556ce074c;src_4335e7ba518b;src_455287f24eaa;src_46ea18ccd982;src_479d2731f25a;src_4974f6228fc1;src_4bb84f052046;src_5382eb64bc78;src_55b5558dc332;src_5dc6eea1d153;src_6e4e2af83481;src_70c832462968;src_76d67f0ab033;src_8146ea358c72;src_8636358d19c6;src_901fd94d7cbe;src_93a7d93d653b;src_958e85443ca9;src_98e80603d674;src_a5055e4ad044;src_a52f8efce7e9;src_a80bc86a4c74;src_abdb8cb63de8;src_adaecf4c039d;src_ceafeec6e80b;src_d5ecb237c645;src_d70d4ac7f1d1;src_d9d6678516c9;src_da251a703348;src_ddb68c27212e;src_e64c5f847c93;src_f170e550391c;src_f772fe35a149,cpc-rendered,CC BY-NC-SA 4.0;MIT;derived audio; source MIDI terms apply; SoundFont MIT;mixed
exp_1827d11a50b2,Wolfgang Amadeus Mozart,Classical,wrk_16208b873f55,wrk_16208b873f55,rec_128c2e36aab8,sources/ACPAS-dataset/subset_S/Mozart/386_ASAP_Piano_Sonatas_8-1/ASAP_8-1.mid,,data/derived/rendered_audio/fluidsynth-2.5.6-musescore-general-0.2-v1/rec_128c2e36aab8.wav,sources/ACPAS-dataset/subset_S/Mozart/386_ASAP_Piano_Sonatas_8-1/ASAP_8-1.mid,data/canonical/alignment_events.csv,,1,133,mid,cpc_canonical_beat,licensed_for_research,complete_movement,,true,true,ready,cmp_fef1cb83d033,Piano Sonatas 8-1,scv_e800c11bc3c7,prf_24f307656f35,aln_2aa73efb93b3,synthetic_rendering,beat,source_provided_beat_annotations,source_exact,1.00,src_00a034d80378;src_02351c287cce;src_0959f7f0c921;src_0c5b459f3713;src_120b85d303a3;src_12ac25a9c7d0;src_133fdd89d752;src_1495fd782897;src_1736c0a3ec30;src_1bfba426e3b5;src_1f601191f854;src_20272ab6e36a;src_2030b845ba85;src_2309bfc3c6e7;src_266b4a8f2871;src_2801af45cdb9;src_311cc910ec9c;src_35dc9a227b9d;src_37bb36627b0a;src_38b76ad6d621;src_39888cae09c0;src_3bb556ce074c;src_4335e7ba518b;src_455287f24eaa;src_46ea18ccd982;src_479d2731f25a;src_4974f6228fc1;src_4bb84f052046;src_5382eb64bc78;src_55b5558dc332;src_5dc6eea1d153;src_6e4e2af83481;src_70c832462968;src_76d67f0ab033;src_8146ea358c72;src_8636358d19c6;src_901fd94d7cbe;src_93a7d93d653b;src_958e85443ca9;src_98e80603d674;src_a5055e4ad044;src_a52f8efce7e9;src_a80bc86a4c74;src_abdb8cb63de8;src_adaecf4c039d;src_ceafeec6e80b;src_d5ecb237c645;src_d70d4ac7f1d1;src_d9d6678516c9;src_da251a703348;src_ddb68c27212e;src_e64c5f847c93;src_f170e550391c;src_f772fe35a149,cpc-rendered,CC BY-NC-SA 4.0;MIT;derived audio; source MIDI terms apply; SoundFont MIT;mixed
exp_198ef65812f2,Wolfgang Amadeus Mozart,Classical,wrk_cf678ce9514a,wrk_cf678ce9514a,rec_33b7058272b1,"data/downloads/pianocore/1.0/refined/Mozart,_Wolfgang_Amadeus/Piano_Sonata_No.16_in_C_major,_K.545_""Sonata_facile""/1._Allegro/score_ATEPP_mini_refined.mid",,data/derived/rendered_audio/pianocore-1.0-a-star-mozart-fluidsynth-2.5.6-v1/rec_33b7058272b1.wav,"data/downloads/pianocore/1.0/refined/Mozart,_Wolfgang_Amadeus/Piano_Sonata_No.16_in_C_major,_K.545_""Sonata_facile""/1._Allegro/score_ATEPP_mini_refined.mid",data/canonical/alignment_notes.csv,,1,73,mid,cpc_canonical_note,licensed_for_research,complete_movement,,true,true,ready,cmp_73762bb69b7b,"Piano Sonata No. 16 in C Major, K. 545 ""Sonata facile"": 1. Allegro",scv_6eee34e8c7ae,prf_f5683c0679e6,aln_41f36cdfa12c,synthetic_rendering,note,pianocore_rascop_refined,pianocore_a_star,0.9736,src_0014d18d5827;src_0022a105df63;src_00c8bddce80e;src_00f0f931f0fa;src_010cb8412442;src_011ddb569289;src_0120aac3cf10;src_0121f35be743;src_01276429bf05;src_017be0a88173;src_0228233e6e46;src_023ff63fbb73;src_025828425c0e;src_029158ccd892;src_02dd02edf8f6;src_02f6c1d93cf5;src_037d196b130b;src_03982ba5df03;src_03a4d2db87dc;src_03a99b5adfcc;src_03f85280a7ff;src_040d80870232;src_0410825fa7d9;src_04202ed82640;src_0430ae0ca311;src_04713dfa33c4;src_04bc23801383;src_04c20a89076c;src_04e4b70f849c;src_05243e272d59;src_0555bcac6771;src_0578e5d0fcc8;src_05b2843a8da9;src_05b6c9828e35;src_061755fbd654;src_063ce3e03c9a;src_0675d7d6c504;src_067d594b9e52;src_069ff0ef5463;src_06a17a90365d;src_06d22004755b;src_06d861175a9a;src_06eb3494f33e;src_06fc285eb4a7;src_0709ac30b51d;src_070f72d8960b;src_07437f7e47b6;src_0757f6be1a78;src_0773189f115d;src_078ea0bcf7b5;src_07ae573345e3;src_07b301092b1e;src_07d6c5cd1835;src_0803131ff0fe;src_0827214710ef;src_08584ac43c79;src_0885b44ad382;src_08b8ceb6c5b0;src_08c6437bfcc9;src_09203d9da3a9;src_093344552154;src_093fce677f48;src_0989493f9085;src_09990b8aa8a3;src_09a367d06051;src_09ebefd2cb60;src_0a201f2d2f16;src_0a95c1869299;src_0aad98ccd3ab;src_0ab63d86b52c;src_0ac826b3fb26;src_0ae3b6edfbe4;src_0af161830329;src_0b382af2320b;src_0b7b07f5ce23;src_0b972bab007f;src_0bc939de545f;src_0bf1d69ae464;src_0c0d561c410b;src_0c343c6076f4;src_0c63e7886670;src_0c9ab0c172e5;src_0c9aed960449;src_0cf7a4d975f5;src_0d19af457b2c;src_0d1f42ab306f;src_0d7f4f3dd8bb;src_0d8523878016;src_0d85ec6cc002;src_0d87f5500577;src_0d8915580521;src_0da04f2ebf3b;src_0daba4714e93;src_0dd850ac6468;src_0de328ed693c;src_0e7add930f29;src_0eaee53c9239;src_0ebed335959c;src_0ed151924323;src_0f3c95c32db1;src_0f64bb60cd4b;src_0faa68425f0e;src_0fcd424e21d5;src_0fea38aeba53;src_1007f8be9da3;src_1050a7f46daa;src_10593990fa63;src_10672f0b051f;src_107a9c9dafec;src_107b34df3596;src_10a5b69928d9;src_10f3365ac21c;src_110ccb82304b;src_1111419b25a0;src_111b6f20b83b;src_115a2b6e7f98;src_1160f47fd00c;src_1166154f1b47;src_11739ba99fbe;src_123a5bb968cc;src_1248043e6de5;src_1250aa79953a;src_12f5e5875345;src_12f8376ebdba;src_12f8d361be5b;src_131f6e594c11;src_1365af8c4ed9;src_136d25fcfc62;src_139df9228699;src_13b04621aede;src_13e9f980ced4;src_13f76a69fae0;src_1403543f6002;src_140589404d39;src_1407fd4678f0;src_1434f6616b0a;src_144da8ecd909;src_1469c0eee7bd;src_148d5c7fbf89;src_14a3af7436fb;src_14ba3ec06e74;src_14eecea5fc63;src_15097aad2f01;src_15135e566398;src_1517870f15e3;src_1520b4dd940c;src_1531bd74dbd4;src_155db7edfe84;src_156417d24468;src_157f7300466c;src_15a5bbfcbcbb;src_15ac4c6c3c70;src_15fd126d3f3c;src_1604ee58e7f8;src_1606a4202e90;src_162ca87fe058;src_166213e03f7f;src_1675a9c1f6b7;src_16815983c050;src_1689852c046e;src_168b18189943;src_1732f883edbe;src_173ba064890e;src_17633eab4f09;src_17828630769e;src_17a1812799b2;src_1850e88c2afe;src_185d7d0b2b8a;src_18cb4073e57e;src_18cf25bf3a57;src_18fb5853f7f4;src_1904b67f99ec;src_1936ffc9640d;src_197067d4b5ec;src_19b895acd0bc;src_19c61c95da53;src_19c9830777a9;src_19d26005c784;src_19db9dd15149;src_1a075abb8b46;src_1a0827974971;src_1a1958827cd1;src_1a3f9135be3b;src_1a6a3d225faa;src_1a836ca554d1;src_1a87a4d999a4;src_1a954f28f544;src_1aa6b1446afc;src_1afbcebbbba9;src_1b0847b30404;src_1b28cb654582;src_1b5c7591851b;src_1b5fe6da536d;src_1ba5aff8afd7;src_1bb178aa533f;src_1be77641d647;src_1bf08474a2fb;src_1c4b0380a356;src_1c88505cf4a0;src_1c9793b2fc16;src_1c9effed52ff;src_1cf79a870c11;src_1d147ede77e4;src_1d241439ca9a;src_1d2a40c620f8;src_1d5154982319;src_1d5cc698df4d;src_1d790509c5f2;src_1d8d53df566b;src_1e140fb3a8fa;src_1e2ecce59c32;src_1e3300f0d90a;src_1e8450c311b6;src_1e913faf729b;src_1ea1667300e1;src_1eab7c8d3c6e;src_1eb489a7a464;src_1eb5185b840a;src_1f0edfd8ef35;src_1f3743a921f3;src_1f3d2a9da235;src_1f764bf9d796;src_1fa1d165467a;src_1fb88d157437;src_20212ef73b7e;src_2025c636ea73;src_20535e0cd8de;src_205f62a01c6d;src_206801ca620e;src_208637d4f9de;src_208c2fbaf88d;src_209e6d4c5070;src_20e94b3774f1;src_20eba12c654b;src_211882354f14;src_21241629b3aa;src_21288290e25c;src_2180f403b533;src_2189809ae472;src_21cda57955e3;src_2222dc7c0b11;src_223580f491d6;src_22514f933f93;src_2252d433408d;src_22c004ad8ce6;src_22fd820dc1bf;src_23269a1e33cf;src_2329246037c0;src_233b244b8f44;src_23551c2fdf52;src_235f12d15289;src_23946933dcca;src_23e5acfed917;src_2426947eafcf;src_243dde757210;src_245ec6591262;src_2461df13d40c;src_2464bc8ce28f;src_24ccddff96cd;src_2543d29b3d45;src_255be73646e7;src_256193d910d9;src_25664bfdf57c;src_25681b751b3c;src_25826c67de98;src_25919359f564;src_25972786f322;src_25b895ec5972;src_25c5f39f8a6c;src_25ff33507751;src_26837bac79ba;src_2728cdcc5a6c;src_272a65260028;src_2737e1e1f2ee;src_274c287285df;src_27a2347fa1fe;src_27b2714bdc24;src_27b396657075;src_27badd5355ba;src_27cc11658f8f;src_27e1f259f23d;src_27e9eefa4d54;src_28410f27ad9a;src_285addb491d1;src_28b22fbde4c8;src_28b8496c8ef5;src_28bf276ee202;src_28cd4519388f;src_28de57b01170;src_28f5607ad09e;src_290c20675c25;src_2923b18b7dc7;src_29778ef49500;src_299fe1161d86;src_29a7648a87b9;src_29ac446ef97c;src_29b836b2081d;src_29dc36e986a9;src_29facfa78a07;src_2a05e2766249;src_2a3222812a44;src_2a4703bd716c;src_2a475a6268ec;src_2a6e9d1f2782;src_2a95de134c3c;src_2a96b13a6a48;src_2aa57f4f7faa;src_2aadad45193c;src_2ab11566ca39;src_2ab2126d86c1;src_2abd2d7de75e;src_2add7ecb1894;src_2ae4fe6857b8;src_2b03b55a5b56;src_2b064c552f2a;src_2b0ca0785020;src_2b2ad56cf66d;src_2b6b1e456315;src_2b9f86da88ac;src_2bc47e39fc8f;src_2bcd62117d05;src_2bf36c8e1fee;src_2c1879a507a4;src_2c1cb1dc5c77;src_2c20032bdb3e;src_2c52b25ac652;src_2c7a2c3b18fa;src_2c7d1331e305;src_2c7ddaa9305c;src_2c8197d1cc51;src_2ca8acf0499f;src_2cf693818b3d;src_2d0de72ed703;src_2d1f432a1134;src_2d3bb7595d6f;src_2d63b4f44f51;src_2d6737f5d7be;src_2d6c3e8325ba;src_2d8d44124925;src_2db8feac7244;src_2db8ffa8571a;src_2dfdbf510b32;src_2e00e8e0b858;src_2e3671f1edc6;src_2e568bebd205;src_2e5c3865a540;src_2e72c9e3ddbd;src_2ec1ea576fa9;src_2efce74eb785;src_2f21ee8a2174;src_2f508a9681da;src_2f54d79786eb;src_2f7ac405ab9b;src_2f9b060a72cc;src_2fbc34e0513e;src_2fd2ff8663d4;src_2ff0312c6103;src_2ff938ae6ad4;src_2ff9520271ac;src_3008d579a23a;src_3012d2db5884;src_30915f9802c6;src_30af0004493f;src_30c0b145a943;src_30d73332259c;src_30ff68a866f8;src_311c4c5aec57;src_313cbf8de600;src_3144eef703eb;src_3160522c5a8f;src_3194ece66b38;src_31a5fe48e463;src_32000cb01942;src_325c3faaaaf1;src_327f83a26be4;src_32e09613a024;src_32f9dc54f3a9;src_33187f350246;src_3322d6a4ed11;src_33844189c5ff;src_344d00f3061b;src_345a1ddd84a3;src_34ccec8d42fb;src_34f36a5fb45c;src_353e8d664e86;src_354453b13ed0;src_356aa01703e0;src_358443f4bf6b;src_35a661391497;src_35b80165cf0f;src_35c8e9c129d5;src_35deaafd70f4;src_35e1ad21d438;src_35e4dda4c4f3;src_35f1415a266d;src_365eac912339;src_3675bc4e1a34;src_367dbd556bfb;src_368ba9f5fea2;src_36a6d08facb9;src_36b4ce7eb757;src_372463434416;src_375a0e31423c;src_375e81a9a60c;src_37a966af58e6;src_37c648abe9bf;src_37f51fd1eda9;src_37fc418dec25;src_3814ab20b262;src_383e8df02e8d;src_3846558461a3;src_3857bb90b916;src_388cc99763ea;src_38954669fbc4;src_3897e4419420;src_389d9549064c;src_38accdc825d2;src_38d0f700ff05;src_391ef3bdcddc;src_3920e2e3c8f9;src_393b496c0459;src_395c93499ae9;src_397834c89f9f;src_39d4ba616bfd;src_3a0b19fcbdc1;src_3a1f09c9a4a7;src_3a325ff92def;src_3a516678fcd9;src_3a6c4517785d;src_3a827337cea7;src_3ab8b4a77313;src_3ac82df6084e;src_3ad99f06db6e;src_3b041b7e23ce;src_3b1a62c0e30c;src_3b370d89859c;src_3b8b73b4ef32;src_3b8cf3ffde60;src_3ba097f9c927;src_3c91522f6877;src_3ca89796022f;src_3cf4ab33a2af;src_3cfc70d92d5b;src_3d390bfe55db;src_3d8345561553;src_3d9b67760878;src_3dbbd67272aa;src_3dbd4630cd1d;src_3e24df041d22;src_3e3313645e46;src_3e3374659d1e;src_3e6f613b6fd6;src_3e77acb94537;src_3eb58a97253c;src_3ebef81115c1;src_3eca6e3ea12f;src_3fa1e2f54754;src_3fe81fc65a90;src_3fead334c16d;src_401aadbaa57e;src_407cefe2700e;src_40cfe0810302;src_40fbd16371b1;src_410ddffc64f2;src_4122b08735b7;src_413d986b2654;src_41a142e2f081;src_41f1b1dca241;src_41f417e1a028;src_4201c4b59808;src_423ad68beb44;src_4242acc0382b;src_4246dde3891a;src_425ec0fa60ae;src_426d3d90c987;src_426f098c2bbf;src_42ace20a7b62;src_42f23a7919eb;src_436ed1bca961;src_437fd86480d7;src_4399e267ebee;src_43a97070ec3c;src_43eece0e5643;src_43febdec5e33;src_4401a88644cf;src_4425696bd87a;src_446a208899c8;src_4484a7948632;src_44898d6f1bb1;src_44da2758fd52;src_45231c0e7f57;src_45396d6fd3a7;src_453a177e4a13;src_453c508b63b0;src_455b7af0a736;src_456c2a06860f;src_4589c4f92010;src_458a850f42af;src_45af2dd2ec7e;src_45e449a7e904;src_45ef563f2c88;src_461ff27f4330;src_46598f28b91a;src_46648e03a8b0;src_46660919114c;src_468321d7fe6a;src_4686a168be77;src_46a29508423d;src_46d1160ec873;src_46d5e6cfcc00;src_47578d213498;src_477d1b5f31f7;src_479afc6b9dea;src_47a022974233;src_47a1d9b3a95d;src_47d13dd8d91a;src_47e74ff8abb4;src_48728dda5db1;src_48be5b13e942;src_48d3498e5d76;src_48decb8c8b14;src_48ee8a796d63;src_48faa0ed5e09;src_493a480c7857;src_493a4baf9daa;src_4986b4332e78;src_49985df94e6f;src_49f007b5d4cf;src_4a00e5de2862;src_4a097a43b9e0;src_4a2daa4c1b30;src_4a4e4cc28149;src_4a6609768a02;src_4a98ea8af4d7;src_4aa582313e56;src_4aaa28f96230;src_4ad609081aec;src_4adf4411f87b;src_4b02652901f3;src_4b05068f60a5;src_4b0f26cd7a43;src_4b61c3e1751b;src_4b64dbc84e67;src_4b9d5f819dcd;src_4baa31e2b474;src_4bd8ae625e32;src_4bdd524d9aab;src_4beb9e58ef02;src_4c1b908ff2a4;src_4c2a1603ccf7;src_4c59d7f06a27;src_4c7f050db8f9;src_4cabae639aa3;src_4cc220ece979;src_4d0bbe2686e3;src_4d26df96165e;src_4d2c22485f9a;src_4dc85c1f29b7;src_4dea8ade6a12;src_4e42cf9739dd;src_4e586380eacb;src_4e5c265631fc;src_4e68244b2287;src_4e752d5cb30b;src_4e9fe4d30b5e;src_4eab6619efc1;src_4eaf8a52e3c2;src_4ecd3c72e674;src_4ecf7864288b;src_4ef4a4dca991;src_4f25ef5245e0;src_4f5c4e00472a;src_4f6c84b8437d;src_4fd46f2bf54d;src_4fe4600527d2;src_4fe6c5880a6c;src_505c2c7492c1;src_508f9fed5375;src_50a7bac59462;src_50f2d789ae9c;src_514187a07a1a;src_51450b903f8a;src_515722f38fcf;src_516560002f51;src_517aac45a886;src_519d9a754226;src_51b7d80bee80;src_52454fca6167;src_52590d151b4a;src_52a553e11795;src_52d206cfe056;src_52de2c5434d8;src_52f524c4bfb8;src_52facc7b72fc;src_5328b779ef6f;src_534c02315640;src_53891e155011;src_53b75ebe897a;src_53d6fa2307b3;src_53e191ca9bc2;src_53f0733bd7ce;src_54245f28d544;src_543cd04ce034;src_547d3ec5a741;src_548be84c5351;src_549cd0f88715;src_54c0f5bc8f4a;src_54cbfe8b7d05;src_5515b501a6bd;src_5560fe016a65;src_5563234797a1;src_557dd20d9d18;src_55be35eeb9f8;src_55c3584b3c87;src_55ca4b3a1bd5;src_55e337024264;src_55e62c979f5e;src_55e9ae9efba2;src_5609d17946af;src_561690069598;src_5637590057fe;src_566057fad98a;src_567a24f28b40;src_5698afdf3f25;src_56cba7e3a50d;src_5719e50d5093;src_5780bfd8bb3f;src_578939ade764;src_57c22ae6d026;src_57d204aa9065;src_57dfd7f77e3b;src_5832118f704e;src_5846e7c9272f;src_585d90417b7a;src_5872a9d445fb;src_587932f59b34;src_5894a5495fe2;src_58f93f4dfc96;src_590078440cf4;src_590ac60030ce;src_5922d97bae5c;src_5943cb81f53c;src_5950560536b6;src_59e77f5a40d3;src_59e7dca67980;src_59ec55218a88;src_5a43ae671d95;src_5a487ca89f26;src_5a7307867949;src_5a94ae54592e;src_5a9c2ef9cc68;src_5ab04fa82a37;src_5b0c35e42d95;src_5b116bc54d90;src_5b1aa97c45e7;src_5b6995003731;src_5b7b644b3657;src_5bb2e246a3c7;src_5bf2190a7fd3;src_5c14339de30a;src_5c20e2fe77de;src_5c7b79cd5750;src_5c892eee71d1;src_5cf123a6f4c0;src_5d000ba7876e;src_5d207f9b596f;src_5d5057dbdb05;src_5d5b56ec1d16;src_5d74cf790118;src_5db99662dca6;src_5de1ca34841d;src_5df9e4c72d2a;src_5e1a2e6bf6dc;src_5e4867c290f5;src_5e921d33d58d;src_5e9a175ac9b1;src_5ed5b19a15ae;src_5efc6e9b0258;src_5f1462fb40f0;src_5f17d1267dca;src_5f39df15b51c;src_5f5bb6380354;src_5f5e7701b639;src_5f6e23044a5d;src_5f97afa65f9e;src_5fd1008c635b;src_5fe152ddb0be;src_601717e120b8;src_6029b8391119;src_602a843c6de7;src_604271f5af79;src_607f90188b1e;src_608369873493;src_6083d38c2883;src_60b4af3d3cde;src_60c613b07aa8;src_6114ab7f96e1;src_61472777667d;src_61aaae16636a;src_61dd4755677f;src_62495c9191f0;src_626f914b03e0;src_6273ef6cf300;src_6280ad64924c;src_628ddef670ce;src_628f93b92878;src_6293e470c658;src_62a0f3befdd0;src_62d3f4b551d8;src_62deea867da5;src_62e2d059d561;src_631dbff21f40;src_632141e1e599;src_635aa6098009;src_63846e0fcfd6;src_640eb7714db0;src_64214b87e650;src_6435fb8a2f01;src_6454e740dfc8;src_64bee023a060;src_64d4e051ac8a;src_64dc44639700;src_64e6b98adc8a;src_659021e18d38;src_65a65c332dd8;src_65bb0642f029;src_65dadc7b6d53;src_662fd7a2ca4d;src_668ff5cd301f;src_66be8fb1de0a;src_6701f29695f5;src_670a26a8c314;src_670a3783de8c;src_67885461cfb6;src_67b47b435ca2;src_67cee3a5c63e;src_684ca568737f;src_68848801f253;src_68951c749566;src_68a3cf4b95d8;src_68a62cb0092e;src_68a920a448b6;src_68cf5332a045;src_692a51ba8735;src_6931b6dd93b7;src_6946f172ccd4;src_699785cfa130;src_69995be4c919;src_69a220d30e3c;src_69c214e528a3;src_69dcb12c6100;src_6a225f28b95d;src_6a4fddf659c0;src_6ad05faf421c;src_6ae09d1f0011;src_6ae82e7c49f2;src_6aecc6d1f166;src_6af11ac70797;src_6b7cdc38b526;src_6ba1482a10a4;src_6bcb988369e3;src_6c0930dc4fad;src_6c2320c235f1;src_6c35d2c29548;src_6c4c4f816a97;src_6c673dc2b02d;src_6c732d426a3b;src_6c8d7093883a;src_6cbbcbab89a8;src_6ccde9de9170;src_6cd640400cd3;src_6cde3d5e44dd;src_6ce15e3fecb8;src_6d065b54ae40;src_6d5ffc07ca93;src_6d7d3cabdea2;src_6d928ce12700;src_6dbf4037435d;src_6ddc724a4f51;src_6de00973455e;src_6e0a216875e1;src_6e115ca7dcc2;src_6e6290f2dcaf;src_6e71019e4c6a;src_6ea1e621b1bb;src_6ec067138b10;src_6f29cb6e9d8c;src_6f34bc110a48;src_6f5050fb8ebf;src_6f53c90d8339;src_6f8cb6b42b3b;src_6f9d56f473d4;src_6fac7865cc82;src_6fb2c3ac57ec;src_6fca012b0e3d;src_700c559671aa;src_7021d2be73bb;src_7067dbb2ffee;src_7074d7c98eb0;src_7077c513ca7b;src_70d4fbc696e1;src_70e97ee32868;src_7101ff837662;src_7114176e88a1;src_71183cb7995e;src_71a7e053122b;src_71af5f47fddb;src_721dcbc9bd1b;src_721e4d7e323b;src_7246ffc0e8d0;src_7247c67aa433;src_7264c7b4bf5e;src_726c21805f9a;src_726e0769e301;src_72824a161d6f;src_7298ac21d6ff;src_72c41aedb08c;src_72c615939131;src_72f007a95ae9;src_7303b75df422;src_731623ba0df8;src_73b7c57bb261;src_73b9cd949269;src_7414d07f72db;src_742586a3f092;src_7426ccfbbda3;src_745379a50c49;src_749588acc6ef;src_7499c473afab;src_74a0863d13a7;src_74cb8dca8c47;src_7562bc0dc1d4;src_758340319438;src_75868db8be7d;src_759108e3d0ec;src_75ad68135776;src_75cfe499f4a1;src_75d8761c3303;src_760504785cbe;src_76203d111196;src_762f25bf67fc;src_763666d8ba27;src_765415f4225a;src_76a22bf4beac;src_76c6adaf111f;src_7747e21862c6;src_775a88b1c3ee;src_77798e9277b8;src_77bc8c788509;src_77d182cc1bf8;src_77dd86a5df9d;src_78026c05b524;src_7807e5db0292;src_781a42d6757f;src_78521784c8eb;src_786b4502a2ba;src_78a69c27b47f;src_78bd4734cea7;src_78bed764f41b;src_78c99e2d53ae;src_78de3355062f;src_78fd3cf8fdc2;src_798e8fb2b837;src_79a33e06e3c8;src_7a3154d9d4c7;src_7a3b469c7d9e;src_7a5c3a732453;src_7a8d74dfb4eb;src_7a99db027864;src_7add1c85a0d4;src_7af9cda194f2;src_7b02488e137b;src_7b0858e28909;src_7b76ebe2007a;src_7be668d2bee6;src_7c23081079de;src_7c2df04e625f;src_7c32f007a55c;src_7c4d30989aa9;src_7c6296e23e5c;src_7c9766179f13;src_7c9bb1656a62;src_7ca0aaa96e66;src_7ca51b430d64;src_7caf7b1accaa;src_7cd2b3cbce99;src_7cdf009c4b37;src_7cf3815f75f9;src_7d11a164e2e5;src_7d3b13cb5f78;src_7d4357e616ce;src_7d47e96697d3;src_7d575781edbd;src_7dee69d4cc34;src_7e0a556a058c;src_7e21bbe38948;src_7e502aaa9dca;src_7e86d9a0cfe2;src_7eb59465883f;src_7eec6578ffad;src_7ef59f15a019;src_7efa5448104a;src_7f3c63413e3b;src_7fa50fba4a66;src_7fa555990b1f;src_7fb96cd4c6ac;src_7fdf05e8876b;src_800712fa4235;src_8008f8c667d8;src_804033bf4ee7;src_80dacefe5ae0;src_80e7b418fd65;src_81088d37c5e4;src_81266904a337;src_813991b35957;src_81693253d741;src_81a62a60eea8;src_81ce9ad6b0c1;src_81e393790b70;src_8208c5db2d54;src_82767ab3bd87;src_82bb63a9f487;src_82c8f3333552;src_82d01e50965a;src_82df2b156ff4;src_82fd9baedb42;src_831fe497df82;src_839b6b8ca1cf;src_83c5c929077d;src_83d89710f598;src_845e007fe1a4;src_8491a228e3bc;src_8493d03000a0;src_84a073755e06;src_84ace785efe2;src_84c41253a5fb;src_84d3da6ef53a;src_84f2c6a35240;src_8500b0d46721;src_850be3bcef76;src_852abe77431a;src_852b2db571a3;src_8566432e17ec;src_85720f6b9e51;src_85a10a954f00;src_85a98842ae4c;src_85be523968d0;src_85da09a59971;src_85fdfa245beb;src_8625d6d5c4e9;src_865c9fe8528d;src_865e0e91ae6c;src_867a5deba42c;src_869dd9485f6d;src_86a29a074a78;src_86dd40c6de2b;src_86ec506f07cd;src_8706c3837638;src_87a87c10bdc1;src_87b033f92f0c;src_87e8a7966dbf;src_880114018b4e;src_880e2d2d6545;src_882e3c76b12f;src_882f06b2d3d3;src_883d95198d30;src_885758e667ea;src_88794f30127f;src_888feac3e6bd;src_88b3769f0195;src_88ba9202bc13;src_88f4551d3610;src_89216e964218;src_8924ec0450dc;src_89603383a7a2;src_898aaa57e830;src_89e48c2e9fc6;src_89fe52732aa3;src_8a2e9d60560f;src_8aa1d53b6625;src_8ad8623bba7f;src_8b2bada909d4;src_8b4fe3ba41d4;src_8b9cc7a66a44;src_8bcc07bfedb2;src_8bda39b5bba4;src_8bef7e22abb7;src_8c18e9fc8bcc;src_8c1e1d582b51;src_8c3e8e96e108;src_8c5f2aaaaf46;src_8c7e4319b28f;src_8cc72ed82379;src_8d7a7774f274;src_8d7ae0109c2a;src_8da81b7fd6fb;src_8dcb9343f7c5;src_8dd1a04bec0f;src_8e1edbab7222;src_8e6ba7314091;src_8ecc4724edf9;src_8ecfceac0516;src_8edbda27ae82;src_8ee11d38b27f;src_8ef2fceb01e2;src_8ef70a726348;src_8f28b43af0e5;src_8f3a1ebb4954;src_8f3bc41fff4a;src_8f3e1aecfa55;src_8f426c2ad05a;src_8f47111a64ea;src_8f6c2e190aed;src_8f766addc64c;src_8fb1e82ec1d4;src_8fbc77095c79;src_8fe5a90272d5;src_901b738f0522;src_903018b3334f;src_9030af4dc584;src_903d467fdec2;src_904d4db3c6d1;src_90515f7e8b06;src_905aca26033b;src_907ea20aeaf2;src_9099bdb8295e;src_90ab05253662;src_90aea78852a0;src_91031cf63e92;src_910c0dae3609;src_914b5d4ca733;src_9169ca889d66;src_918a064ff6fe;src_91a72fc63989;src_91c8d1433016;src_91d972208820;src_91fd1c324319;src_920973c7400a;src_9227a35357ba;src_924b3ae1bd25;src_925e08568786;src_925ff30e1e68;src_9268688a5020;src_927b49593cf8;src_9287bc2b80e3;src_929cc2ff8132;src_92b2768411d8;src_92d21d29029e;src_92eb6e3cf56f;src_930171c702d8;src_93331045f987;src_93a43dd46886;src_93aa29b397f3;src_9422a4436604;src_942a9006654a;src_9479f1101986;src_948107962da7;src_94847c812b48;src_9489d519adfc;src_94e5e7223365;src_9519602d39bb;src_9533284b5018;src_957b96adf2b4;src_959a4c5d418d;src_95a107c6d37a;src_95a8614cb8f7;src_95db93272cac;src_95e776a58f56;src_96209e4798f3;src_962d5a308ec1;src_96362edf1eb7;src_9636c70b0043;src_967c3e131188;src_96d030153460;src_96fc1680bf29;src_972352481fc2;src_97523af28b27;src_976d05fc9d2e;src_977279960c5f;src_97bb1c4e59d8;src_97f32ba042a8;src_981b49d2c723;src_9852a1403cef;src_98590e4058b5;src_9893c05dd23e;src_989f6d6ec279;src_98a978417aec;src_98bf22c4ea51;src_98f05e66f2de;src_98f7925454c5;src_98fdd582749c;src_991c7d183204;src_99568d753754;src_99b3764d532f;src_9a0785ac95c4;src_9a0e316a1934;src_9a86c54aa0ec;src_9aaaed024046;src_9aed9229b903;src_9b055a250ed9;src_9b064addd761;src_9b1723678e12;src_9b191121e473;src_9b3668b5022f;src_9b61bf9c2f60;src_9b72170e75d5;src_9b73b993ddca;src_9b8db8a7421d;src_9c272f4e969a;src_9c4c9254e229;src_9c62a44f7966;src_9c6bdc0a7429;src_9c7009826579;src_9c80ef0dca79;src_9cc47c56af9f;src_9d4ef7a07352;src_9d938d7399a5;src_9da46880c58b;src_9dc61d39c1cd;src_9dd65dc17708;src_9e34ab370a88;src_9e391dc31ff8;src_9e5b5a840bc8;src_9ea29194e995;src_9ef2f6705218;src_9f0b0001c1a7;src_9f3c20ffc7f8;src_9f41ecf3df01;src_9f6a126d671a;src_9f7201b4af38;src_9f9d52363f18;src_9fbf2445629e;src_9fe44c01141e;src_a0005f539f2f;src_a02cd871b20c;src_a038f09e2536;src_a03911499f47;src_a0521c49fc1b;src_a0866db1a7f8;src_a0af6e4ce358;src_a0dc0f048d96;src_a0f1a7bb5802;src_a11d3a584294;src_a120ec42ff37;src_a14cbdacf468;src_a161f676a521;src_a17487106cc9;src_a1a25922dfe3;src_a1ab3db8f04e;src_a1ab6e95580f;src_a1abd60d23e6;src_a23daa480924;src_a26b31a9743c;src_a2724776b960;src_a27b9cda8114;src_a291466c9456;src_a2a6c052f972;src_a2c0bbec0959;src_a2ce98284375;src_a2d646107dcc;src_a32df1bd65d4;src_a34377618bb9;src_a38008cbffd0;src_a3c602cca8d3;src_a3daae152e1c;src_a3fbda4d5c4c;src_a406c8203996;src_a445fc59a542;src_a45cbd0dfc6d;src_a4610060c0aa;src_a46e424a55a5;src_a494177a98ce;src_a4990a39c7fc;src_a4ac0b883d11;src_a4adb730c126;src_a4cc2e256399;src_a4f073c1b940;src_a53a3429a210;src_a544df271930;src_a566df398e25;src_a57172dde3ad;src_a58bc63f2c9c;src_a5f8045ca7b9;src_a60a8657ef36;src_a6116f9444d3;src_a629135e01f0;src_a62af24a3040;src_a63d06e21c31;src_a6672fba15d9;src_a66ad69f41d6;src_a6800a877325;src_a69426be4c34;src_a6a929003b81;src_a6d2e3af1087;src_a738c2d241c9;src_a7a9c231fcac;src_a7dadbdb9477;src_a7eff1fd1fb0;src_a80bc86a4c74;src_a83eafe7e878;src_a8514b2b5f3f;src_a852eb4d04ff;src_a86686a0616e;src_a86df08818d9;src_a8ba2480da44;src_a8f1b373d49a;src_a9496bc2e977;src_a95791ee5002;src_a9d55cea0d2b;src_a9ead9a94796;src_aa34956c98ac;src_aab5947fbcd1;src_aad50cea873e;src_ab128776a20f;src_ab2aaff4f662;src_ab316a7d1f8d;src_ab5d88d473ae;src_ab8b44b0127f;src_ab95ee13d040;src_ab9d9cb960d4;src_abe3c40cf306;src_ac0bb6a5d7da;src_ac63cb2a7405;src_acbc7f41c926;src_acdc6ba8a1ba;src_ad0f93be7e3d;src_ad1702e4b245;src_ad2e26f9a3b8;src_ad483fabf2c4;src_ad4ebeac0298;src_aded8ee92373;src_adee244bd71d;src_ae492c7b8893;src_ae56352d48ac;src_ae69751074ed;src_aeb0ddaf29c6;src_aeece7dc1d8d;src_aef948521f6a;src_af68897887e1;src_af7781b7760c;src_afa488b93e6f;src_afdcde3c440c;src_b08eed16b6bd;src_b0cb6370f695;src_b1131adcf9af;src_b11b2cfe9668;src_b12de216006e;src_b18ec79602a3;src_b1a135e7c3f1;src_b1e1f2348de7;src_b1ed9f9912f3;src_b227be56ddbc;src_b22e5f146ad1;src_b23afc314d57;src_b2479f9abd7b;src_b24cdb8b648f;src_b257cea3244b;src_b290b66b5029;src_b2b0ebc071cc;src_b2c810bd57fe;src_b2ef4190464f;src_b31fa301a02b;src_b349627e1c32;src_b357056b20b1;src_b36c5f4cc2c4;src_b3752cc7628f;src_b37fcc738214;src_b39b502d2c91;src_b3a69fb65851;src_b3d9cc0baaa0;src_b40223e4022b;src_b42b5454c2e3;src_b45dbfd86c43;src_b45ea5c486df;src_b496891a5c60;src_b4ffae277f68;src_b4fffd999404;src_b531f7073b4c;src_b56db1393483;src_b5710efa51b6;src_b584fe387651;src_b5a66374f6b1;src_b60384b4550b;src_b64e5cd13e68;src_b659218469a6;src_b6648b877191;src_b6704d801f3a;src_b683a10dc881;src_b6860f1a874a;src_b688c4f43b8a;src_b69104016123;src_b6acc3d42759;src_b6c34d648c83;src_b71c2a3594f4;src_b72d5dcb3e4a;src_b7478316d60c;src_b751451e7d60;src_b75908c4d763;src_b77c06b2246a;src_b79771a06925;src_b7a54edd4886;src_b7a9e1b4eeb3;src_b7e2e465403e;src_b7faaaf8406a;src_b7fbc65f186b;src_b7fdf6fa5a37;src_b8082b0f4494;src_b822bc510f7e;src_b825803420d2;src_b87b556b55b8;src_b8cf8b705591;src_b900cf19782d;src_b96581e5cee2;src_b97459372e6b;src_b9870c79a20e;src_b9a27cfcbbff;src_b9a9ae15f9d3;src_b9ccac9a44e0;src_b9d6dc0d4512;src_b9e2cb1c1dd6;src_b9f3e1f7ca31;src_ba28ec362a7a;src_ba2fe651fa87;src_ba3645e0b991;src_ba6d5118d6c7;src_babe766a5e1d;src_bac0ac85cd1c;src_bae55b804df0;src_baed77565e43;src_bb0707a7f59d;src_bb333b49a659;src_bbf8c27b9647;src_bc20ac7b4cc7;src_bc85a11a3a7d;src_bc85bfb8c70b;src_bca1a0a48086;src_bcb0a288ecdb;src_bcc7860115e2;src_bcd097e697d8;src_bd4ab5dc632e;src_bd512e2f559c;src_bd709cc976b3;src_bdb9c4e85e0a;src_bdfb224754b5;src_be07466dffdc;src_be5ce38d7251;src_be754b9311bd;src_bebaa62f2209;src_bee9af2d9246;src_bf42a96efa71;src_bfa79151840e;src_bfe6c00c2a10;src_bfef1c4c0b6d;src_bfff918861f2;src_c04c81af1615;src_c06d174939ff;src_c0a1515a6d3d;src_c0b36bc0b649;src_c124fffe9f5e;src_c1712ce61b19;src_c1784d139851;src_c18df3f523f1;src_c19e094044f1;src_c1be0c4b33e4;src_c1db0f034205;src_c1ec987f39c4;src_c1f02a18d303;src_c1fa623fca01;src_c209aec15065;src_c21174a98c9c;src_c22812e3f947;src_c22f2bdcad83;src_c25822573e9c;src_c265139c8edc;src_c294964aa8f8;src_c2c2daa989c5;src_c2f21f9d01f5;src_c2f8b7a81596;src_c2fec2a0f6e1;src_c307d07a443a;src_c3263c5877ce;src_c32f2cbe7590;src_c38a5393cc98;src_c3ccb90ebf9a;src_c4178d4a45fd;src_c41e807debc7;src_c45be4862e77;src_c4789d8f9b31;src_c48e6c896f22;src_c4c98a638991;src_c4eae14cd87e;src_c4eff3fe1434;src_c5386943a768;src_c53d1b57cf22;src_c553c54c6fd5;src_c583189a7ca7;src_c5a6748d3273;src_c5c1323f17ec;src_c621300fd9c0;src_c654465aa4ec;src_c65c102c4943;src_c67244d12218;src_c677ab2a9601;src_c69f40d68bba;src_c6d29fbdb5d8;src_c7090d514d9b;src_c71dd961b876;src_c71fcfb82b54;src_c73bf93db5df;src_c73cc09a6016;src_c74755f122d2;src_c768e605d66d;src_c7ae396cb5b3;src_c7c3ade939a8;src_c7d83055535b;src_c7e12892e678;src_c7e5b03f7f20;src_c7ebeaf21632;src_c7ecf7381eae;src_c7f1baff28d2;src_c7f3bda43094;src_c82490f602e6;src_c83b059c3507;src_c83cc9ee9788;src_c84bb22214cf;src_c8c41ffb3538;src_c8fcb23b7a55;src_c90c497a5cb1;src_c92dbc0590cf;src_c93e0f255481;src_c96561b7f133;src_c9bb4c11a7d6;src_c9e1b019807e;src_c9ee79e09be3;src_c9f0f7b02347;src_ca3348af45f4;src_ca7f918fe90c;src_ca88045b6780;src_ca905831b214;src_ca9a37cdc97d;src_cabf5177182f;src_cacf9c1e708a;src_caf1b93da0ac;src_caf76076fdf7;src_cb340f59a002;src_cb5c33d57886;src_cb709acc6f0c;src_cb9df040c197;src_cba4fe586bdf;src_cbaaa8b734de;src_cbb59e22ce60;src_cbe74fb5204c;src_cbfe9e3f8e06;src_cc049a9776b4;src_cc43465b7116;src_cc48489f98ef;src_cc540d5ea31c;src_cc62eba72cfd;src_cc7be2e1a327;src_ccb620f6b210;src_ccc23aad2602;src_cd706451d21a;src_cd76af0e7dfd;src_cdd4b18c9699;src_cde1ecb0343b;src_ce0b0ab812ef;src_ce1924a8fa16;src_ce50d8855690;src_ce54adba9c14;src_ce81f6f3abd6;src_ce8a60f481d5;src_ceb428986bac;src_cee5b71eeb39;src_cf210edf58cf;src_cf76088abd99;src_cf817e823a79;src_cf8645e416a1;src_cfa3e26e4012;src_cfd66d9aac73;src_d05d27b4dc6e;src_d0938975bdca;src_d097925cc3c1;src_d0b75cfb8868;src_d1144c1a789a;src_d124f8c44985;src_d1582612c39a;src_d15b5cbee329;src_d1640dcb6a45;src_d1ae1120fe35;src_d1da2c6e2835;src_d2029b5b2301;src_d22361844519;src_d2282f6d6746;src_d24c91950765;src_d29f1a2c3744;src_d2b3d18b8fa4;src_d2cbefbd43b7;src_d30890f8d313;src_d31feefe918a;src_d32bb9d2cbbe;src_d3fbc657fc2c;src_d40ac317fc9c;src_d44989465108;src_d453be42c52b;src_d462046fa7fa;src_d46a43002b60;src_d4a0ac3be8f8;src_d4a4da6b0177;src_d4ad3aeeb7b3;src_d4be38b2d1a4;src_d4c929937ad6;src_d4d1f1a0b155;src_d4e9d54f1984;src_d514f22105c6;src_d5170a5d4d1e;src_d53238432472;src_d554c25d766e;src_d596833a16a2;src_d5a1b0fee69a;src_d5c6b69144a5;src_d5deb2ab7b2b;src_d61336d141a2;src_d6199ad3583e;src_d63761f34a33;src_d6435d133eec;src_d68f4db67537;src_d6a2651bb4fd;src_d6c699891a08;src_d6d4b54426f8;src_d708c1aad359;src_d708cb089db0;src_d709b79bba32;src_d71bb5f43814;src_d7262b0d2c5d;src_d7420a9fa4f2;src_d750900bbbc4;src_d7591996cd03;src_d7738249becf;src_d7afc355797d;src_d7b4c32f64dd;src_d7b9509f7a0e;src_d7de213fb136;src_d836a5a6b703;src_d866f4f66439;src_d8993ea7e195;src_d8cc3e89f962;src_d8d156f99b7a;src_d8e36bc243ab;src_d8e6e2d32c7b;src_d94dcc6c90c8;src_d9ab4ffbc617;src_d9b1235a0b5d;src_d9fa504ab2f1;src_da0e4d625ba0;src_da130a238920;src_da415aa65c4d;src_da59354c8b61;src_dacabc5ae8a2;src_dae392356569;src_daf66dea1238;src_db183513ca58;src_db1959664cfb;src_db20d7872cc8;src_db5f06977b05;src_db647a8d7b9b;src_dba63b166b44;src_dbdd09df3a11;src_dc0286208d62;src_dc05f7dcf7ac;src_dc300eae25e2;src_dc40e6d7c79f;src_dc5bbeec66c9;src_dc9976f956c6;src_dc9a47f13323;src_dccfe57753ce;src_dce844b2b08d;src_dd02c1dd7c9c;src_dd1c8665ffbb;src_dd38db73d1d9;src_dd3fb03dc4c4;src_dd47307ff611;src_ddbba3525704;src_ddc752c4a52e;src_de321ccc7ed7;src_de613319b848;src_de88fae92f74;src_de8957f34fd5;src_de8e058a9252;src_dea4403235c6;src_dec0daa9512f;src_ded86e76e344;src_ded8e66083b6;src_dedaef26f7c4;src_df068c8bbbe9;src_df4efd74f79f;src_dfb1ef4d2292;src_dfcb3ff574c2;src_dfde7dc292b5;src_dffec4f2015c;src_e00b3dfc9390;src_e046a10a0f72;src_e0606d3ceaf4;src_e07dd6939371;src_e0b6ea3bc465;src_e0b97c747088;src_e0e08f5b26a3;src_e10025c860b9;src_e17528beb934;src_e185a77b68b3;src_e191d3862923;src_e1b00b1f7df6;src_e1c83033d67b;src_e1ce3451b1f9;src_e1dad0539626;src_e1e5b7b09edb;src_e20c04e0dd50;src_e225466b956b;src_e23468a620cf;src_e270bde2dbba;src_e279f5888d34;src_e29fcc03073d;src_e2b6b285f618;src_e2e341b7e052;src_e2ea6a5745c0;src_e2fc36dc6fd8;src_e310339e4cee;src_e347847d399c;src_e3480c46e2f9;src_e373cf1cc1ef;src_e394c4d4e58c;src_e39e2ddf59cc;src_e3b4056ec8fe;src_e3b62f3687f7;src_e3b7acd46988;src_e4043eb5a67b;src_e429cfbfd043;src_e465bd015570;src_e47c7e59738c;src_e4dd0ead157f;src_e508d230f992;src_e50eb31aa93d;src_e55464095da6;src_e55b103de9a6;src_e55d89d51933;src_e5613230de9d;src_e57beec8c7c3;src_e60b30d8830b;src_e61a625f4093;src_e6428da8d8de;src_e64a386f7fc5;src_e68b078a9019;src_e6d6333ee43d;src_e6d667934570;src_e6fcffc500aa;src_e7086801da64;src_e712c06e5f56;src_e7b0872c5255;src_e7bdec9d90bc;src_e836132cec12;src_e83ca478fdf0;src_e8a802f25213;src_e8adca79cd4d;src_e9032e7e68db;src_e91247a50c0d;src_e9837ab6ad80;src_e998a6f89522;src_e99b5288f7ec;src_e9c4a85837ee;src_e9c500189359;src_ea1e049860e1;src_ea7723699608;src_eaca4681237e;src_eae8357996ae;src_eb33e3a05bf6;src_eb3702c008dd;src_eb4e1471269b;src_eb7e4c74473e;src_ebeeeef9772f;src_ec28e178b177;src_ec49990698ca;src_ed3c6b74f374;src_ed5a054f181a;src_ed634fe968d7;src_ed657698ae4f;src_ed709bc64f46;src_ed751fd0c5de;src_ed9356c87199;src_edaf35b61282;src_edc3ef422656;src_edcdcc9c78f7;src_edf42f5aafe4;src_edfffee308f1;src_ee0edf5662a3;src_ee389af11d12;src_ee560b877a18;src_ee8282a35765;src_eedade208d33;src_ef27ea182764;src_ef40f470002e;src_ef8ee964cafd;src_efb75cb7df40;src_efbd2aaebcba;src_efc1b9eeb4c2;src_f0245e1001f8;src_f04203ba5dc7;src_f0435b4c1644;src_f08c397489e7;src_f0c1a3f8f4c5;src_f0edda335d85;src_f0ee18bbf3ed;src_f1412782661a;src_f16e8a4bcbf4;src_f1984a58d31a;src_f1c1006632e4;src_f1ec34b125ac;src_f217400591fd;src_f21f5dc93f1a;src_f2bd92984cc1;src_f2e085db3459;src_f2f6bbc0a0f7;src_f2ff0aef6558;src_f30d40798ee9;src_f327513b7840;src_f3960f73d2e6;src_f39693767af7;src_f3d1cc35ad83;src_f3e93e3531f6;src_f3f28b0ce18f;src_f4225f799e2f;src_f42f9af6f763;src_f4315a5bc440;src_f439d1e9f5d4;src_f48af92b56aa;src_f4afc22f5869;src_f4b03b88256e;src_f4c73c0b93d1;src_f4d67c26e4e8;src_f4e78873cc89;src_f4f532459a10;src_f526d6984b4d;src_f57910c75b64;src_f57d4c74ed26;src_f59ea215b832;src_f5c90e4a1221;src_f5caf8b0673d;src_f667820e5511;src_f69211bd56b2;src_f6abe3e1f253;src_f6def98c1c24;src_f6ec0d1d89b5;src_f70963e301f4;src_f71588fefd03;src_f750126a8031;src_f76162159cb7;src_f771adf9170e;src_f7c800f0ca56;src_f8a9f0a77c4b;src_f8d4e5bad9c3;src_f9237679b8e1;src_f9f2afe8e5c9;src_fa0146447b48;src_fa09ff614261;src_fa75b472e55b;src_fa79a789d58a;src_fa8643c9f2cf;src_fa90356409e1;src_faf355c33fb1;src_fb0091f3a038;src_fb07013a2f12;src_fb335660402b;src_fb39b0fe3b65;src_fb3fbecb7409;src_fb687973b270;src_fba708501130;src_fbb7bad4368b;src_fc200b543a38;src_fc40f6b8c61c;src_fc7629a24ba9;src_fca279c3c00c;src_fcc21ccf2295;src_fced176611fd;src_fcf53748047d;src_fd389f12f861;src_fd837a8d4bec;src_fd8c34e0a4ec;src_fdae760f41a3;src_fdedbd022269;src_fdef10a8a811;src_fdf00a0aaa1b;src_fe0d095b4257;src_fe4241957d77;src_fe42edc89bf5;src_fe583df5a815;src_ff0b82599e63;src_ff133f09799b;src_ff3025cf341b;src_ff3dd40708a3;src_ff7ffe9a300f;src_ff922d56c33f;src_ffa766213e64;src_ffd28c701fc4,PERiScoPe,CC BY 4.0;CC BY-NC-SA 4.0; non-commercial research and education;MIT;derived audio; source MIDI terms apply; SoundFont MIT;external recording; rights not granted by ATEPP metadata license
exp_1aa906244000,Frédéric Chopin,Romantic,wrk_786dea046290,wrk_786dea046290,rec_4937a0248204,sources/asap-dataset/Chopin/Etudes_op_10/10/midi_score.mid,,data/downloads/maestro-v2.0.0/2017/MIDI-Unprocessed_053_PIANO053_MID--AUDIO-split_07-06-17_Piano-e_3-04_wav--2.wav,sources/asap-dataset/Chopin/Etudes_op_10/10/midi_score.mid,data/canonical/alignment_events.csv,,1,77,mid,cpc_canonical_beat,licensed_for_research,complete_movement,,true,true,ready,cmp_2b576e958877,Etudes op 10 10,scv_7bdb2118e48a,prf_1e82a0a483c6,aln_42f1eaa7ffd9,source_recording,beat,source_provided_beat_annotations,source_exact,1.00,src_023ae64550ad;src_038aa3477fd8;src_0db139935c9a;src_0f5e31c63735;src_11209da36e0c;src_172f61bb6398;src_1ded4f570cc5;src_219bf2d3dfc3;src_2623fd593216;src_271321e945c1;src_29792330d020;src_332ba1308252;src_373ecc099fac;src_3a9b91a3d972;src_3d1ac5512ab5;src_446163ca4ab2;src_4de1b6d6e617;src_4f03e3e02046;src_552cafe9cbc5;src_5cfd130962ef;src_6ea8aa836155;src_72a0e3f12da3;src_752787344cf9;src_79b8c776dd77;src_7c685d8a6167;src_8565e8804931;src_8b867cba1b3f;src_958935e2f3a1;src_9b799e720b01;src_9bb8a3e15da3;src_ac0a5886d3ab;src_ad919b093141;src_b1ec69a2be60;src_b4772072f288;src_b90dae471f5c;src_bafd1ca40c83;src_bd8953a1e2e3;src_c38c53fc26b3;src_cb255fdf3eed;src_cf21296845d4;src_d1b70a19b75e;src_da4e1716d441;src_f5d54829d309;src_fc208204b5a3,asap,CC BY-NC-SA 4.0;mixed
exp_1af2cdc77ee5,Frédéric Chopin,Romantic,wrk_606fee96925f,wrk_606fee96925f,rec_49c0590179fd,sources/asap-dataset/Chopin/Etudes_op_10/8/midi_score.mid,,data/downloads/maestro-v2.0.0/2008/MIDI-Unprocessed_15_R1_2008_01-04_ORIG_MID--AUDIO_15_R1_2008_wav--4.wav,sources/asap-dataset/Chopin/Etudes_op_10/8/midi_score.mid,data/canonical/alignment_events.csv,,1,96,mid,cpc_canonical_beat,licensed_for_research,complete_movement,,true,true,ready,cmp_fe9c731c2d2e,Etudes op 10 8,scv_f0f703f3e9b9,prf_4c8d485d53ef,aln_face228a4587,source_recording,beat,source_provided_beat_annotations,source_exact,1.00,src_00fb2ab1f099;src_02b7ae40da98;src_038c4a50ebfa;src_05d94747641a;src_072ef64e1663;src_085e3744b85d;src_089f94e75645;src_090082af5269;src_099dda31de0a;src_0b46c4fdda35;src_0bb7a0d0ce99;src_0bda4d1b489f;src_0c46d9e72591;src_0c8cdeb310b2;src_0df6a20b7416;src_0eef7d0d4c3e;src_0fe3629fa37b;src_10240904eb54;src_110ed238b9fe;src_11b576871983;src_1278647ae551;src_12d07b73b62f;src_138018434599;src_16cace67cbae;src_17f1725162ff;src_17f7fd7ad6a5;src_1828da8e6e09;src_182e3e29ca8e;src_183bbd01ff2c;src_1879919033b6;src_18d85268ba31;src_1be798941779;src_1c2e01c00e5e;src_1ce0325457b3;src_1d5967a7cc33;src_1f94413366e4;src_2049593e2719;src_216270244598;src_2197042a7721;src_235b3fc7f290;src_268d5b1f4c8c;src_28acd7791147;src_29812e6e0665;src_298c0dd9e190;src_2a3af8a60840;src_2ab70c5bc726;src_2c654890aa0c;src_2ccec1099c0a;src_2dcc0164e6c6;src_2ec1d1c52749;src_2fe77c3ee703;src_310c8946e093;src_3196bb3c22cd;src_31ceac59dd8a;src_31cecb90bb80;src_33a26205e123;src_3432824105f4;src_365516aad317;src_36dd5502594d;src_37ad9e2cc9fa;src_37b665b42cc3;src_37e312b46957;src_37ffc5e33f82;src_39265cdb4ffb;src_3aa9ca48d031;src_3ad21c47a6f5;src_3b5f415cc619;src_3d3ced5a9495;src_3f6c2f62d2da;src_441753383ab0;src_44ae43783277;src_44f53230b8df;src_44fbfe6b8a57;src_45f7160c4622;src_468e514fb98d;src_46f1aed7e95d;src_4a2a6e18ccd9;src_4b95644f95f3;src_4dba99b9caea;src_4e9f93e7d6b7;src_50b3f7848081;src_5144c02197a7;src_5169667dbe48;src_54da0eedec54;src_5540d8243860;src_5562a5b0d1af;src_58afec9d79f9;src_5ae1a930a2e3;src_5af9d3ded6a7;src_5bd2f6a05515;src_5bdfcbc128a2;src_5d3225323b5c;src_5d6ea3c0d41f;src_5fba218de0df;src_618f0b052897;src_618f5445c761;src_6474c1717933;src_66974f90b4cb;src_670e0fd3f309;src_67cab02b53b8;src_67f88a79e215;src_6b3da2e4154d;src_6c2e534d55a6;src_6c5eec5d077c;src_6df323b447d4;src_6f3ac011f3ba;src_708abc36ec1c;src_70946139805c;src_712e80a4912e;src_7226c7750c68;src_72475bd874f2;src_72668957b68c;src_75397e9b7c2d;src_758cf9b10aea;src_7645230df260;src_776fe98fd5c0;src_783f293d08ca;src_78e1b998f186;src_79dd36d9e241;src_7ace75a5b669;src_7c3e863462fd;src_7c6ed992a322;src_7d2902f1c449;src_7e67fd68c879;src_7e73baf5f983;src_7fca3cdcf74d;src_8161ddedf130;src_81896e947563;src_81eb9e0bcd25;src_821d22f222c6;src_82823d1aa8b3;src_8326f3673c5f;src_8603cd9e82a0;src_8631816ea650;src_8b8ba665556d;src_8c468ec2b465;src_8c58053492eb;src_8d63b87b11b4;src_8de8b1cac623;src_8f9f6c8e9578;src_914fc2161264;src_91af059a8182;src_924e77da85ce;src_925aadfa3878;src_92690bc54d1d;src_932eb5cee157;src_94153027dcfe;src_9751eefc3d18;src_97845f4c5e3a;src_983cfca2562c;src_99587d3d8423;src_99dd350b336f;src_9a94be92b38e;src_9adb3c6219a2;src_9b3dbbf781a3;src_9d6178dfbc9c;src_9f6fbb27a9b5;src_a1621a69a473;src_a27d1b64bd60;src_a584c6da4f16;src_a5bd7d7c4018;src_a5e1ad2eee2e;src_a7c819ad4c06;src_a800e70517cc;src_a835d5f69722;src_a98b9021d738;src_a9d1c560faf3;src_ac170020d68c;src_ac3ebc613a32;src_ae0c9a91cec6;src_aed303f82311;src_af5fe9a07505;src_b0a0a97d1d1a;src_b0b1d748bfd3;src_b1c8ce9ef83e;src_b2ac53a90fee;src_b33f556e5b8f;src_b35ed6446371;src_b3ca864103cf;src_b4e9ff3644d5;src_b5751dcf04ae;src_b603a774d99f;src_b6c3419e33df;src_b7ecd6999f12;src_b8c849717b40;src_b9f9d42e248f;src_ba2385ad8ae5;src_bf860b344422;src_c1915c1312bc;src_c1e2273a12b2;src_c1f0228fc509;src_c20416ad0e21;src_c243ae24d9e1;src_c27eebafcd6f;src_c37e4406d4c2;src_c46e81e83019;src_c5f9461232bc;src_c64eed48d007;src_c68548cacb36;src_c7dfdcd9c7a9;src_c84351594900;src_c8a00245560b;src_ca6c3fd7e6e9;src_cc1b212d6cfa;src_cd51bea977cc;src_cdfcc266d00b;src_ce38e8712eb4;src_cfcd724cf447;src_d105f75c9ad4;src_d1e165960c84;src_d7656efd4e64;src_d871d3889087;src_d959d1305423;src_d97d95a978d3;src_dc4defe14af3;src_dc7ddc962aaa;src_dd3688ce642d;src_dd6ec7547419;src_de537c075522;src_df808a66434f;src_dfb450f02894;src_e0449913f2be;src_e069271508b5;src_e12437d1d52a;src_e2f1be47d58f;src_e2f2981c9653;src_e388b2070915;src_e46b3344c145;src_e471e84ea415;src_e54f117eaca1;src_e5ed3f9a448a;src_e6021dfd43c3;src_ea710362b6a0;src_ec911df903b5;src_ece931201587;src_ed2fd6bdbf59;src_ef17f0b1d558;src_ef348b3b1e1b;src_ef3e3d245fdf;src_ef517a789d29;src_efc0b4491cb8;src_f06c135195de;src_f2fa37dc5ab6;src_f4192f8dba4b;src_f52cfd4d1398;src_f6a92ff2070a;src_f6cd7caffb33;src_f6f9a816a94b;src_face2fbc6a9e;src_fc40231c51e7;src_fcde41ded186;src_fd7695e78070;src_ff56764aedac;src_fff8413d4a07,asap,CC BY-NC-SA 4.0;mixed
exp_1c7dd3fa1656,Wolfgang Amadeus Mozart,Classical,wrk_fcd5cca72191,wrk_fcd5cca72191,rec_ba20bf5aab64,"data/downloads/pianocore/1.0/refined/Mozart,_Wolfgang_Amadeus/Twelve_Variations_in_C_on_""Ah,_vous_dirai-je_Maman"",_K.265/score_PDMX_mini_refined.mid",,data/derived/rendered_audio/pianocore-1.0-a-star-mozart-fluidsynth-2.5.6-v1/rec_ba20bf5aab64.wav,"data/downloads/pianocore/1.0/refined/Mozart,_Wolfgang_Amadeus/Twelve_Variations_in_C_on_""Ah,_vous_dirai-je_Maman"",_K.265/score_PDMX_mini_refined.mid",data/canonical/alignment_notes.csv,,1,322,mid,cpc_canonical_note,licensed_for_research,complete_movement,,true,true,ready,cmp_bc59e382c64c,"Twelve Variations in C on ""Ah, vous dirai-je Maman"", K.265",scv_9dd07f89d5df,prf_df2bd1716f90,aln_0befdeb1d4d7,synthetic_rendering,note,pianocore_rascop_refined,pianocore_a_star,0.9676,src_0017f46f84bc;src_00fd2ad45bd1;src_012b6007b3b5;src_0198593af7b5;src_029b3c6a2e9b;src_0368a304989b;src_0398b9bbb963;src_03bdfd5eef1b;src_0450b361db09;src_04caf84e8c08;src_05283c387fce;src_0549ac2e6ec5;src_05678917c4a9;src_05f191c8c926;src_0662a852715b;src_069cbb32557a;src_06affe19ad5f;src_072411f70856;src_07a4b3eff4e4;src_084979950610;src_088561f28a48;src_08e89f317366;src_091e59a5cb50;src_09317574ba3e;src_095d15919c92;src_099d41865afc;src_09fd9efb5f7a;src_0a806b05c69c;src_0b0e9f6ef561;src_0b7b18516467;src_0bd90ca1df7f;src_0be1e05876cc;src_0c99d96fc53d;src_0de09a313b5c;src_0e2156fe5f10;src_0e939eab0f43;src_0eb7bd86cb58;src_0fc67e6b7a83;src_103445cc0c9c;src_104dff41da50;src_1065bd6ac0f7;src_11c21deb0602;src_11e6f04fa175;src_1329b0ccca63;src_138eceef8bfc;src_14d2afd0ae32;src_14df79f20286;src_1580c0cf43f1;src_15e37157577f;src_1630d54132d3;src_1660ee79107b;src_167b4bafc358;src_16c1f83d2978;src_16ff5ff25cba;src_1728b0423f28;src_1760e5f296d5;src_17663fd334db;src_176c96338e72;src_1791c507a181;src_17d323b486fb;src_17d7d87394ed;src_1800a371fe16;src_18487d99d644;src_1888678df82b;src_18b8184e638b;src_190b7adde3ef;src_1a9da2be7564;src_1ad3604ec6aa;src_1b53b0f7155b;src_1b545233a439;src_1baf1757429c;src_1bf893d7e097;src_1c39d313aae9;src_1cd9a9890917;src_1d4222965398;src_1e204584f138;src_1e2ecce59c32;src_1e440a8fcf9d;src_1fefcd8650c8;src_2122ffc6897c;src_226d06194d0c;src_228f87546e64;src_22aff0cd08a2;src_22cf65245f9b;src_239f5f8593b8;src_24a65f8e0eb7;src_24de685b7eec;src_25091ac5f7b3;src_2519908c63ad;src_2569ccd4a490;src_25868fde5d03;src_25ae9466d45e;src_25c138541281;src_25d4d00b162e;src_263bff76334e;src_26cfa5fcdb0d;src_26e336da2ef9;src_2703e7e0baec;src_272700d01b41;src_27b1f6053dc4;src_27ca976156da;src_28081fa36bd6;src_28f39fb8e482;src_2945ab3a57cb;src_2a5cb0de0aa7;src_2c767d81fb1d;src_2c79ce9455fc;src_2cca682551d5;src_2cf76460dcab;src_2d853aff8390;src_2f31d7afa93e;src_2f9fd7f96f5b;src_2fc50e6f1f79;src_3026b50ff42e;src_306595f84b8f;src_308e50433337;src_30bce2d1498b;src_31d1ebeb49c4;src_323ec1dba468;src_32b995b902c3;src_33afa12795c6;src_33cc8e5dd414;src_3499dbd1b17c;src_349ef69f2d1d;src_34a7c1c34b7a;src_34f7590bcd5b;src_35693dcc03d8;src_357e32fba887;src_364c678b7b92;src_37c68e114029;src_37e18aef2dd3;src_38490b9ff5f7;src_39505a1de5dc;src_39af5b4b0447;src_3a40bed57571;src_3bd6bcafc167;src_3bf63fde70c7;src_3c317bab3dc5;src_3c32bf1cb620;src_3d97f621dd06;src_3e5756ac9ed1;src_3ec0c164f876;src_3f759d23dd89;src_3fd6dc8d7714;src_4062a3934232;src_4077288b364c;src_41189e9ddf03;src_41b39bf0d00a;src_41e48f45776b;src_427f833676ce;src_42f4c83e5ddb;src_43881075084d;src_43b352769c18;src_43cd8f5a7766;src_443d9a4c2632;src_444d5ae07c1c;src_44bdbc7456fb;src_44e2bb193b7e;src_45bf573065b9;src_45f8cdbb38cb;src_460ad221942c;src_46140b43746f;src_462359f8e8f3;src_46a728a6c279;src_46c088706342;src_477c6c769960;src_47b6b50504f3;src_48c3a2a15d11;src_48ea506d3418;src_48f0f2bac1bd;src_493d68b5cce6;src_4a00fb4a0745;src_4a31072675a0;src_4b4b653711f8;src_4c533f0cf4e9;src_4caca352fb64;src_4cca4a2649e5;src_4d916045c0ac;src_4ddeea3a814c;src_4e870116617f;src_4e95683e6c8b;src_4ebe9fc932a0;src_4f4a311df58e;src_5087f2798c40;src_50e6e5e9644b;src_5182340ceb3f;src_51c5c5348b0c;src_52632f379ef1;src_526866234691;src_52c4fe638724;src_52ff3ca25823;src_53033070e3e2;src_5306b1f62868;src_535519db7b30;src_53f98c73e5af;src_555853b51b3d;src_55b69f2b0bba;src_56088c5394d2;src_56e6f3d66b58;src_57670b8b3147;src_57e540fc6977;src_57fab30eb131;src_5827490fc344;src_58c02bd2febc;src_597d5f5aa434;src_5989952f2323;src_59c00b70c527;src_59f33c348cee;src_5a50da41b64b;src_5b1b6cad3975;src_5b3a3dc546b1;src_5be488a9717f;src_5bfd95e3d9de;src_5c14647a726b;src_5c4867d6564c;src_5c5bb17f8377;src_5c8b20d95d37;src_5c95d07ae0be;src_5cf980fefcad;src_5d726e99361f;src_5db46466a87b;src_5db9d269d439;src_5dcce4265c5b;src_5e587e754837;src_5f5efdb4ac13;src_5f99ac63348d;src_603a8a3d3956;src_609609ec3c2a;src_621c5c60a288;src_6318d605a53d;src_633513fb7fb2;src_63c7b8396ff5;src_64fc224e27cb;src_652ccb2ab47c;src_6688ea0f043c;src_6739d0740880;src_67d70667e537;src_684edf1860cb;src_69e199dd6e0c;src_6b07d69a3a2a;src_6b10c6649bea;src_6b2ede1b2d04;src_6bc2c417518c;src_6ca19f61084c;src_6d9f441a8e24;src_6e9dad405d3f;src_6eb7835e3787;src_6f0f801a1bd2;src_6f78db5581ef;src_701e7e3d0a1d;src_708a96daeeeb;src_7129dcf3d1e0;src_7189a1160c17;src_71d5139c34ab;src_71e193b8b60f;src_71fd907fe0e0;src_7298075aa1d8;src_729d494d0293;src_729e1829b232;src_7337944f75c4;src_743a14e65047;src_7478625fc907;src_749f78f923b8;src_7505e176f94b;src_75f3279e5857;src_76d044fe9d8f;src_7721915b05c8;src_77713ce6d787;src_7817975339fa;src_781fd364b59f;src_7965d0f9eaa8;src_79c5ae206769;src_7a13afbb6dba;src_7a50ad6a9ebe;src_7aaed658afac;src_7aff2d4db745;src_7b541cc6c06c;src_7bc115282a9d;src_7bdbe404a4ad;src_7c5e62e15c72;src_7c7491893b0a;src_7c9ebe82d812;src_7d325e9de5df;src_7dae134d1cb5;src_7f3047bf63ba;src_7f4406a9607c;src_7f7711c90cf5;src_80311415bb97;src_80f4ca3a3bd3;src_8135c88203d8;src_81aee1c7b0c3;src_81bca10ec4c4;src_81db8c169758;src_822db4dcb1f5;src_828860354855;src_8293531a54c7;src_82d8543cc73e;src_82dd7f8dc3f2;src_8300cf723227;src_83ca44c3f0e7;src_8438a0fbe55e;src_84668c642d09;src_858ca9a4a205;src_85d9299f703f;src_85ee7b21d203;src_864e2de416bb;src_86cce73b9b7e;src_86e2f861fc87;src_88ac7bcde092;src_88da419f89c5;src_8a2feeba9c5c;src_8a305d87b63b;src_8a7279f7e1e6;src_8a785852ef48;src_8a9a8f8d4726;src_8b0ea13be60e;src_8b717d23a555;src_8bb45a2c5a61;src_8c6f2db22646;src_8cb7f198bf28;src_8d034c62c74d;src_8d2368cd6d36;src_8e56cf71eb0c;src_8eaa17ae09aa;src_8eb849fb6bea;src_8f140e762812;src_8f32ad8ba0ad;src_8fb616e99a52;src_8fd386d06270;src_908664c4f0a1;src_908c0736d79d;src_90926cb07137;src_9106f97e17ac;src_91289b0fe398;src_915c8e1331bd;src_91bd29cfb26b;src_91caf57eee5d;src_91e6c32709e7;src_92208354e784;src_93afc83b1bcf;src_93b05cf924d3;src_93ff988db4af;src_941943299d46;src_953824bcb34e;src_95d7a1078448;src_964708fa7141;src_96597cf9ca38;src_967dff43c209;src_97a5b3c8f261;src_97a71dcecaa7;src_984a3d010117;src_9858a31eac54;src_986956efa053;src_98cad7814838;src_98cc49f06817;src_9a36be98a184;src_9a908b13ec44;src_9a9558a7e76b;src_9ae653f814f4;src_9b0d81cd7a35;src_9b67b98ff33e;src_9c2b883fb4ad;src_9ca6448ff2f1;src_9d9a6ed6278a;src_9dcd24856714;src_9dd30e737add;src_9efd83161a02;src_9f88be804d36;src_9fa33eeb8ead;src_9fcaa7c1bfcf;src_a05b40ffd92e;src_a06be397a3ce;src_a0878a96c8f0;src_a0da35e6d969;src_a0f8393e7f02;src_a163091fd0ff;src_a183a4c07b81;src_a18d748f71e3;src_a2b49bdfffa2;src_a3e4a8525f58;src_a41ae0d648d3;src_a44ff8eb6431;src_a46c6b9e644e;src_a4a246b16a33;src_a606607f1f6f;src_a66b8af4ff3f;src_a6786152dc3c;src_a67db6221796;src_a6c421fc5b16;src_a6e33fa310b2;src_a784bf141d40;src_a7a0155503d2;src_a7cdbdbfeb9a;src_a80bc86a4c74;src_a81896745c0f;src_a8d55a34a951;src_a8d6caa67b26;src_a995673d31fe;src_a9b8d601875a;src_acc9a982b4e1;src_acf9fa06ab09;src_ad732c3c4ddc;src_adba38330f2f;src_add5683ed31a;src_ae9116ccb826;src_aeaa898d6530;src_af3f94074cd1;src_af77b87e90b1;src_b11682ae75e7;src_b16cce8108d8;src_b16f531b3d09;src_b1cfb282e2e2;src_b24b84d3c67c;src_b2ab91bbd86e;src_b2e649b3a878;src_b2ff64c6d3c4;src_b39038f192e0;src_b4a26556f9d6;src_b4af44b82e02;src_b4edd906ace5;src_b5cedb7f21c0;src_b5d981be4cf3;src_b61adb3e83cd;src_b620c28f346e;src_b681c8d56c40;src_b6b113611714;src_b726ded278a7;src_b8e746a82e64;src_ba7fecd41b22;src_ba83c580b49c;src_badeeb5cd4a2;src_bc1322c47122;src_bc6892014a26;src_bc7bc7f21eba;src_bc8bc8647e9a;src_bc916297aa35;src_bcc32b99e9a3;src_bcfc7d508937;src_bd30fd3ecb34;src_be0a33a8d225;src_be1eaf69300c;src_bf99c0ca9293;src_bfcb24f2cd86;src_bff7e19e977f;src_c046e5560bf9;src_c134418baa01;src_c135a830510a;src_c143c9b2da3d;src_c165df9f1339;src_c207841ded27;src_c286d6a11875;src_c2a116c15658;src_c2ac2177a165;src_c2c90dfec49d;src_c37c1836a1fe;src_c41fa53a1d87;src_c42f41c222b4;src_c4358fa8de43;src_c44550370ac5;src_c4609d43091c;src_c4b835b9ea3b;src_c52b267f83ea;src_c5440f1c1b37;src_c5605527d251;src_c73ef9501510;src_c761b1ad7107;src_c78dee9fea54;src_c80c00684fa0;src_c88e556fdeb9;src_c922ec22884a;src_c97db8add1cd;src_cb0ce283cf60;src_cb6e32a61a18;src_cbbdfb1b0b8a;src_cc07e516626f;src_cd606d9cdc61;src_cd6b150aa022;src_cd9e309cadbd;src_cf5c8508d140;src_cf754c700cc0;src_cf7e44e16123;src_cfd15f6448b4;src_d00549d1dfe5;src_d113780824fc;src_d188c245406d;src_d1cc2b2bf7c5;src_d204d3ac41e0;src_d218d38f2dcb;src_d25b290ae39e;src_d2a35a6b4d49;src_d2b0ca0f58f0;src_d2c3a372893d;src_d407d0d2f1c2;src_d41473aaa250;src_d47039d026aa;src_d4d9aed246fa;src_d584fd24fc36;src_d5899973a3a5;src_d5bb05324b13;src_d618317c5c7e;src_d676bf7d2bdf;src_d690e20ba9b0;src_d6915a38f3ba;src_d77066759756;src_d7a49c883ed1;src_d7aa03b7d4ab;src_d7e3275595f3;src_d81b3312067f;src_d833da53fb97;src_d992d8981f38;src_d9b637a2450c;src_d9fe67f7126c;src_db622f4eb3a7;src_dba00b6381be;src_dbc9e19b9865;src_dc8111987191;src_dcbdf4a7a426;src_dcd9facaf9c9;src_dce897376109;src_dcf8f84a4e49;src_dd17f38d0270;src_dd49b6cc6af6;src_de389d15846c;src_de3cfb42adc6;src_df0f87f05249;src_df591e50f4df;src_df6657ca279e;src_e0105db96f76;src_e0371b814589;src_e09431a0fc16;src_e109b2279427;src_e121a90f629c;src_e1d272d3d33a;src_e218a6b976b9;src_e21ddcccd502;src_e22cb499fbb8;src_e2a40b949edc;src_e30e6869533b;src_e34ac67aa360;src_e44f8080db14;src_e4cbce31e778;src_e4fb9308d29b;src_e56902153bca;src_e6272671c886;src_e64d3d5480ac;src_e6704686e5a7;src_e7eba6610d91;src_e82ad4cf308d;src_e98f4253b804;src_e9a3b168987b;src_eaf315764240;src_ebc8134d739d;src_ebe5fdc0b15d;src_ec02c923d886;src_ec1d6df176eb;src_ec8ce7f669c5;src_eca11814505b;src_ecd2733db41c;src_ed20bea15d99;src_ed378b599f4a;src_ed6c4388ec56;src_eddf5c1e4d46;src_ede23abcadbf;src_edf16cf252ca;src_eed8b0666470;src_eed9087dd71b;src_f04506cced5c;src_f0add582948b;src_f0eb7f03d4b6;src_f106c3602a95;src_f119e63d8a14;src_f1fb7226e0b6;src_f2e4ecdfd49d;src_f3f4ab8e94e0;src_f4038cf0ecdd;src_f41be1134f62;src_f431098c6686;src_f4b781fcd358;src_f59cdc7598b1;src_f5c72ed0dc27;src_f5e7e41f982d;src_f60c0d24abe2;src_f63782535e47;src_f6856ddd6479;src_f6f5d5810594;src_f71a3e4bbf24;src_f81d4e6fd496;src_f8b89d5e8df1;src_f9184bb3fc4d;src_f99175903f12;src_f9b0d016c397;src_f9e4d254e1f0;src_fa7c09b53dc7;src_fae95c4d77cb;src_fc219d05346d;src_fd910750d903;src_feb7b181a07a;src_ff74879a08ea,Aria-MIDI,CC BY 4.0;CC BY-NC-SA 4.0; non-commercial research and education;MIT;derived audio; source MIDI terms apply; SoundFont MIT;external recording; rights not granted by ATEPP metadata license
exp_1d12ff7208f9,Wolfgang Amadeus Mozart,Classical,wrk_95ceb95e11bc,wrk_95ceb95e11bc,rec_6f11e478e2ad,sources/ACPAS-dataset/subset_S/Mozart/383_CPM_Sonata_No.17_Bb_major_KV_570_1/S_155_A_MAPS_mz_570_1_StbgTGd2.mid,,data/derived/rendered_audio/fluidsynth-2.5.6-musescore-general-0.2-v1/rec_6f11e478e2ad.wav,sources/ACPAS-dataset/subset_S/Mozart/383_CPM_Sonata_No.17_Bb_major_KV_570_1/S_155_A_MAPS_mz_570_1_StbgTGd2.mid,data/canonical/alignment_events.csv,,1,419,mid,cpc_canonical_beat,licensed_for_research,complete_movement,,true,true,ready,cmp_c19fe5402db5,Sonata No.17 Bb major KV 570 1,scv_f10724ea41f6,prf_d5b50efae9f0,aln_e78a017f3cc2,synthetic_rendering,beat,source_provided_beat_annotations,source_exact,1.00,src_17b58c1af9ba;src_26a0f0d71458;src_273fe883705e;src_2a1a7cd52341;src_3088826ddba6;src_33305ebd7c5b;src_44c57ec1be70;src_4c153d3344c1;src_56d64769b9f0;src_6947cb78d66b;src_706d54ef94c5;src_81806c295ef0;src_8bab48ed13da;src_8bc5418af039;src_98e80603d674;src_a80bc86a4c74;src_d60d96f53242;src_ecedef7a70b4;src_fb952cf4a76e,cpc-rendered,MIT;derived audio; source MIDI terms apply; SoundFont MIT;mixed
exp_1e7c521f286d,Wolfgang Amadeus Mozart,Classical,wrk_b048d36402d4,wrk_b048d36402d4,rec_29fcc47851dd,"data/downloads/pianocore/1.0/refined/Mozart,_Wolfgang_Amadeus/Piano_Sonata_No.7_in_C_major,_K.309/1._Allegro_con_spirito/score_PDMX_mini_refined.mid",,data/derived/rendered_audio/pianocore-1.0-a-star-mozart-fluidsynth-2.5.6-v1/rec_29fcc47851dd.wav,"data/downloads/pianocore/1.0/refined/Mozart,_Wolfgang_Amadeus/Piano_Sonata_No.7_in_C_major,_K.309/1._Allegro_con_spirito/score_PDMX_mini_refined.mid",data/canonical/alignment_notes.csv,,1,155,mid,cpc_canonical_note,licensed_for_research,complete_movement,,true,true,ready,cmp_88d5e3c5451a,"Piano Sonata No.7 in C major, K.309: 1. Allegro con spirito",scv_516154d2692c,prf_c1224ef9e365,aln_1f40843590af,synthetic_rendering,note,pianocore_rascop_refined,pianocore_a_star,0.9587,src_00c3dcc32f10;src_01d9a29f0f23;src_02289f34ff90;src_02757ef35a13;src_02c8d7bf5730;src_0315f5ed0e4d;src_0440b4fed908;src_0579622d953b;src_05888d2ea522;src_05fd30d9a04e;src_06649496f1ff;src_07c3dd5d8913;src_08c3644149fd;src_091ba85d6f0f;src_094b4138e95b;src_09b232bc0414;src_09ca2c293c20;src_0a40c84d7b48;src_0ceadf0c61d0;src_0d0d7b978733;src_0d1a733fe4ec;src_0d3f6aed8768;src_0d4ff82f0583;src_0ddd40a60a5d;src_105dad764167;src_11ed0e91838a;src_1366a7384570;src_1445887b5823;src_1529e47325cc;src_154ad2703f8e;src_1604c4d49283;src_17a9e5f05da2;src_18770856b8be;src_18cf66edd101;src_19afa68f29db;src_19e3a2549e67;src_1a02140d9a29;src_1a1539c057b5;src_1b4be4d1e9ff;src_1b7c7e30de62;src_1cb9c5d8909c;src_1e2ecce59c32;src_1e50344b708c;src_1fc02a450970;src_203408874d96;src_2067598e5493;src_20874c24e83b;src_225411ba9ea4;src_2590165c9e04;src_2614cafe1235;src_264282025cc2;src_27189ce59d5e;src_274da4ca8e24;src_27afc9c7d099;src_2900a260af49;src_290d9278dabb;src_2cd518576a71;src_2cdbee56d589;src_2f4d1ca95a91;src_30630f0d680b;src_30e8cfabb7d6;src_317436300c75;src_35ad8434799c;src_35b8cc2ce0f2;src_37fc8b9291c2;src_3849b2f4f168;src_3a4b1a94ffd7;src_3ae5852d5901;src_3c4086524c27;src_3c608bb762c5;src_3dbc13ea59ae;src_3e17c8c527ff;src_3e3a48a4f1b0;src_3e4a8cf1e7c6;src_3eb81c3d68ee;src_3efb5fe847f4;src_3f0608ebfff5;src_414501833a93;src_41ed18afa8e9;src_42e1ec07be6d;src_42fd8311b029;src_43bdc1ed7f26;src_43e848113812;src_43eba67c7712;src_441520dea7b0;src_45d3eeffb66a;src_45ed4193d8fa;src_48834465d43a;src_48c1e21f314d;src_499f9b4fb2da;src_4a4db38ac556;src_4b6c71e1b55c;src_4b8556d862eb;src_4c57745bf044;src_4e807e9703df;src_4ef4afb9db77;src_5011e82aa9d5;src_5145afcf70b6;src_51ac3cec12dd;src_522993265852;src_524438e5b2f8;src_52674b465b65;src_527afe70ffe9;src_528ade42208f;src_52e7ed73bc71;src_53b5b9272e58;src_53d20f46840a;src_5463f4cf568a;src_55bf0a720d64;src_57317202f189;src_5759222850b6;src_576e31b6a84a;src_579a1e8983a8;src_58036ece4502;src_5824e0b95ece;src_583daca17d10;src_5971197d591c;src_5a2dbcfbe64a;src_5add453103d9;src_5b0c7884cc3f;src_5b34e94ec8ab;src_5c3c51000935;src_5d139e94ca20;src_5dc90d5bf8ec;src_5ddeaabb77d5;src_5e65dcee9977;src_675319cba287;src_67d847c94eb9;src_682afeb0fb27;src_6904fc57bbe0;src_69eacc6a0ab5;src_6aaf5bcf3a46;src_6ae0d9edd43a;src_6c127b1e7bba;src_6d4f6d62327f;src_6d994426ed62;src_6d9a5d2015b4;src_6de5ba5e3b37;src_70b2ea5d1f32;src_7107e30f673c;src_723c21f4fd78;src_72ab5f95eb56;src_72e4dd31bbfe;src_72e97013d51c;src_73fc99a3c843;src_745df63179bd;src_74896b86cd19;src_7554f28dc410;src_755faba4f7d0;src_763ad6cf6bfb;src_77b1414cfddb;src_784cc648b61a;src_7a0b77acbc22;src_7a228d38b5ab;src_7aa8403f906b;src_7add65095d7a;src_7b090602f6d8;src_7d55e98123fb;src_7e333295f478;src_7e53e59742b0;src_7eb593f5e4a3;src_7ed5e68e71c0;src_7f4ac49e0e0f;src_7fe73b33ae8c;src_81e9ae376569;src_82196959b441;src_826c2d73ba86;src_82e02b6e9c47;src_8375421b2b6f;src_84c78a52c3d1;src_85a58d824ba4;src_877c70303adf;src_893e99ce236e;src_89c3488ac7b8;src_8a0f84a02563;src_8f39eed196e4;src_8f3f5ebe52ac;src_90caa14f373d;src_932bab246a56;src_938070dcb4ce;src_94ae91deedad;src_9633f4d24dc2;src_9667b5192d62;src_976fac523746;src_988a3d6f9fe5;src_9a1532234a85;src_9a907d3fc586;src_9adab06ee81e;src_9b6b0e557e14;src_9e950aeafb80;src_9e9c87a6c30e;src_9eeec02a5fbc;src_9f9afbfdf8bf;src_a2ec92c5cf5f;src_a2f23c5e0b05;src_a2fc12013088;src_a5eba7578f04;src_a7ad48f9db7a;src_a7c7305dec91;src_a80bc86a4c74;src_a81707dd30fb;src_a8aa5b4fcd3f;src_a984a9a616a0;src_aa115d2aded9;src_aa1a275720b0;src_ad06743c3b28;src_aeb1b0fce8cd;src_af47a5a5b5da;src_affdb6f017a0;src_b0ac0d6d8f48;src_b0ac13d1d960;src_b1200b2a3e8d;src_b2f6ac818a28;src_b54a57e001ad;src_b6065809710a;src_b62ee95b33a0;src_b6b3df18d11a;src_b6c3c64a9fde;src_b74e23729584;src_b8a26b565d9c;src_bc43ea2ddd28;src_bc4f65e6668a;src_bc7227dc08d0;src_bcfd3a1181a5;src_bdddfcb39925;src_bde8b96ba3e6;src_be37a639a375;src_bfb4a261a50f;src_bfe6f1118e50;src_c02b2751abb8;src_c2a12bf05e48;src_c2a89825d64e;src_c41a4d53cef8;src_c6fb9a46c87a;src_c7068edef220;src_c742974c6d6b;src_c9218b258271;src_cb3e10430884;src_cd67128287e4;src_cdaa58006dec;src_cdccf21cc097;src_ce6166f1e941;src_ce743fe0d386;src_cea9a3aac487;src_cfeb02606cb2;src_d077b10ff0e6;src_d09604d20160;src_d114e9111c64;src_d1595ddad7e7;src_d1db4ca26dfd;src_d263ba070fb6;src_d354a0b8ad41;src_d437747b34d8;src_d9f4e403ec5c;src_dbaaf80887d4;src_dbfe973a31a6;src_de36500289a8;src_e23652258334;src_e253b34dc928;src_e2973920bb08;src_e2e5cb1cb9c8;src_e4ef3a80ff2a;src_e4fbceafc90c;src_e5aeb1f5077f;src_e5c0d4e5a437;src_e744c51526e0;src_e7b0f67a5b58;src_e89ecd745679;src_eb0d69ca44ea;src_eb24176f8b75;src_edf7317a555a;src_ee0d2ffeed21;src_ee77e8bbb57f;src_ef5a691234c4;src_efd098bd3e90;src_f00a8f5a81d6;src_f0fc462f3727;src_f1ecd82d4399;src_f1f494b806a1;src_f25172841e89;src_f2f638ca8237;src_f60829b70e5a;src_f65082548a0a;src_f857fb65eb90;src_f9bf166975d9;src_f9d9811d44a0;src_f9f653c00aaa;src_fb08260d9753;src_fb0c0b397f19;src_fc7afb84fdf7;src_fdd93cc59408;src_ff1339994ece;src_ff91c98b407a,Aria-MIDI,CC BY-NC-SA 4.0; non-commercial research and education;MIT;derived audio; source MIDI terms apply; SoundFont MIT
exp_1ebed579bf61,Wolfgang Amadeus Mozart,Classical,wrk_2fa6d226fadc,wrk_2fa6d226fadc,rec_68edf82d66df,sources/ACPAS-dataset/subset_S/Mozart/374_ASAP_Piano_Sonatas_12-1/ASAP_12-1.mid,,data/derived/rendered_audio/fluidsynth-2.5.6-musescore-general-0.2-v1/rec_68edf82d66df.wav,sources/ACPAS-dataset/subset_S/Mozart/374_ASAP_Piano_Sonatas_12-1/ASAP_12-1.mid,data/canonical/alignment_events.csv,,1,229,mid,cpc_canonical_beat,licensed_for_research,complete_movement,,true,true,ready,cmp_adac7544dea5,Piano Sonatas 12-1,scv_7366396ee839,prf_73513a9a6fcc,aln_5ce8afa444ce,synthetic_rendering,beat,source_provided_beat_annotations,source_exact,1.00,src_07c22c5396d6;src_0afebc7f4cff;src_0c94bc9a0e09;src_0d15c86aa340;src_0d5603dbe5e3;src_0fd8d55cd61b;src_15c2c8e7aaaf;src_1abf3c8199ca;src_24f037f265a0;src_2feafe77fb45;src_3161b43d12a2;src_398046b41b1f;src_39bc93a264a3;src_3ef7724dcb93;src_42c5a7472dd4;src_449c619e7b06;src_44c9e83e2d34;src_46036bca0454;src_460e23dafbfc;src_47e3eb9be6ce;src_4d473ef2028b;src_504f51622168;src_5455dc5e0fa6;src_5966c9239ca1;src_59cf516a57bf;src_6517247c666e;src_6795939e6905;src_681be5f7819e;src_6b06642a3a16;src_6d2472e2eb85;src_6d5c740f350c;src_772c8d92b1ac;src_7ad99a4a6282;src_8267604413ee;src_829ca567d246;src_8389b18fede1;src_8afeb6414517;src_8ca285a77009;src_8e75c9965045;src_91f15e348e6d;src_969c75c98765;src_98e80603d674;src_9d2daae1dc76;src_9d66394bc6b2;src_a0235c846619;src_a0ec28194667;src_a18c5fba0ec8;src_a5f6b1f808ce;src_a80bc86a4c74;src_abc1e0a78631;src_ad95a65e4d1d;src_b1d09323c87c;src_b215e701b9ef;src_b8961303feef;src_b9a375b16e03;src_be798d1d6a18;src_c049239c45e6;src_cab548b856fb;src_ce5143c5b12f;src_d17a07d367c8;src_d2adad0aa7f7;src_d44fe079d778;src_d8111c00e6a7;src_e005ca1d8e02;src_e1aeb70d3627;src_e3a1a16defb3;src_e625d38f1681;src_ea16300f0a82;src_ec60949d9db9;src_ecc096c385aa;src_f1007a97618e;src_f2ded2ea8b0d;src_f30c0b1b8b1c;src_f36c44d72230;src_f551b24ef60f;src_f665ed0359ed;src_f9e88dfd3a1f;src_fc48810e4a22;src_fcec570aa9d5;src_ffaea669dcba,cpc-rendered,CC BY-NC-SA 4.0;CC BY-NC-SA 4.0; non-commercial research and education;MIT;derived audio; source MIDI terms apply; SoundFont MIT;mixed
exp_2090c8e3437e,Wolfgang Amadeus Mozart,Classical,wrk_2fa6d226fadc,wrk_2fa6d226fadc,rec_90bc3dcc3257,sources/ACPAS-dataset/subset_S/Mozart/374_ASAP_Piano_Sonatas_12-1/ASAP_12-1.mid,,data/derived/rendered_audio/fluidsynth-2.5.6-musescore-general-0.2-v1/rec_90bc3dcc3257.wav,sources/ACPAS-dataset/subset_S/Mozart/374_ASAP_Piano_Sonatas_12-1/ASAP_12-1.mid,data/canonical/alignment_events.csv,,1,229,mid,cpc_canonical_beat,licensed_for_research,complete_movement,,true,true,ready,cmp_adac7544dea5,Piano Sonatas 12-1,scv_7366396ee839,prf_bf716db590f4,aln_46da66d92efd,synthetic_rendering,beat,source_provided_beat_annotations,source_exact,1.00,src_07c22c5396d6;src_0afebc7f4cff;src_0c94bc9a0e09;src_0d15c86aa340;src_0d5603dbe5e3;src_0fd8d55cd61b;src_15c2c8e7aaaf;src_1abf3c8199ca;src_24f037f265a0;src_2feafe77fb45;src_3161b43d12a2;src_398046b41b1f;src_39bc93a264a3;src_3ef7724dcb93;src_42c5a7472dd4;src_449c619e7b06;src_44c9e83e2d34;src_46036bca0454;src_460e23dafbfc;src_47e3eb9be6ce;src_4d473ef2028b;src_504f51622168;src_5455dc5e0fa6;src_5966c9239ca1;src_59cf516a57bf;src_6517247c666e;src_6795939e6905;src_681be5f7819e;src_6b06642a3a16;src_6d2472e2eb85;src_6d5c740f350c;src_772c8d92b1ac;src_7ad99a4a6282;src_8267604413ee;src_829ca567d246;src_8389b18fede1;src_8afeb6414517;src_8ca285a77009;src_8e75c9965045;src_91f15e348e6d;src_969c75c98765;src_98e80603d674;src_9d2daae1dc76;src_9d66394bc6b2;src_a0235c846619;src_a0ec28194667;src_a18c5fba0ec8;src_a5f6b1f808ce;src_a80bc86a4c74;src_abc1e0a78631;src_ad95a65e4d1d;src_b1d09323c87c;src_b215e701b9ef;src_b8961303feef;src_b9a375b16e03;src_be798d1d6a18;src_c049239c45e6;src_cab548b856fb;src_ce5143c5b12f;src_d17a07d367c8;src_d2adad0aa7f7;src_d44fe079d778;src_d8111c00e6a7;src_e005ca1d8e02;src_e1aeb70d3627;src_e3a1a16defb3;src_e625d38f1681;src_ea16300f0a82;src_ec60949d9db9;src_ecc096c385aa;src_f1007a97618e;src_f2ded2ea8b0d;src_f30c0b1b8b1c;src_f36c44d72230;src_f551b24ef60f;src_f665ed0359ed;src_f9e88dfd3a1f;src_fc48810e4a22;src_fcec570aa9d5;src_ffaea669dcba,cpc-rendered,CC BY-NC-SA 4.0;CC BY-NC-SA 4.0; non-commercial research and education;MIT;derived audio; source MIDI terms apply; SoundFont MIT;mixed
exp_211da613d476,Wolfgang Amadeus Mozart,Classical,wrk_f2fd7348d34e,wrk_f2fd7348d34e,rec_43b1b9fbaf71,sources/ACPAS-dataset/subset_S/Mozart/376_ASAP_Piano_Sonatas_12-3/ASAP_12-3.mid,,data/derived/rendered_audio/fluidsynth-2.5.6-musescore-general-0.2-v1/rec_43b1b9fbaf71.wav,sources/ACPAS-dataset/subset_S/Mozart/376_ASAP_Piano_Sonatas_12-3/ASAP_12-3.mid,data/canonical/alignment_events.csv,,1,245,mid,cpc_canonical_beat,licensed_for_research,complete_movement,,true,true,ready,cmp_ef443eed1fe6,Piano Sonatas 12-3,scv_2a284f591bd2,prf_219720bd413b,aln_313eb82442aa,synthetic_rendering,beat,source_provided_beat_annotations,source_exact,1.00,src_00892c94453f;src_05fce6a1c094;src_082f5c6bf2e8;src_08e0bebe976d;src_0c55f3b2d324;src_0c57b0064acd;src_0cc8ec2a9729;src_0d77f89abc0e;src_0fd8d55cd61b;src_15c2c8e7aaaf;src_18c259203e28;src_230b83e7eb73;src_253ba719c792;src_28a2fbdb48e0;src_2d4c3f088c38;src_3a55a4800637;src_3c03b156384f;src_3d278fa1649d;src_3ea8f3df8a60;src_4381359fce9a;src_482a35184ba3;src_503c2db2ad29;src_510e5a6ab9ae;src_57f12b8cee90;src_63b49285a011;src_6517247c666e;src_68750706644c;src_6914081268ab;src_6944674d32bd;src_697613977243;src_6da7d92c3af7;src_7175e59affda;src_723a743b598e;src_73f40f01bd0a;src_76196252854b;src_791e601a8fbb;src_7c64b7722edc;src_7dc1d307f632;src_7ff9adc224ec;src_80a9c89b82ab;src_85955f07b57b;src_89a8148f121a;src_8ca3d224d6b1;src_8f4d84f70757;src_9160550b7c11;src_983129b28bef;src_98e80603d674;src_9c53262fd73d;src_a54e9255e601;src_a80bc86a4c74;src_ad95a65e4d1d;src_bc24ebd953f3;src_bc6797f5e8e6;src_c0c40c6aa029;src_c499401e65d4;src_c6d1c330ce90;src_c90c4af85197;src_d31196f2b412;src_d75b18bee77a;src_d9d40eb428b4;src_db2d4752bd56;src_e5bbb70b5783;src_e7744dfeddfd;src_f30700d5fdeb;src_f34d0412381b;src_f93243e72c48;src_fcae82b0b106,cpc-rendered,CC BY-NC-SA 4.0;CC BY-NC-SA 4.0; non-commercial research and education;MIT;derived audio; source MIDI terms apply; SoundFont MIT;mixed
exp_2128822df04c,Wolfgang Amadeus Mozart,Classical,wrk_16208b873f55,wrk_16208b873f55,rec_d91ae459bdb9,sources/ACPAS-dataset/subset_S/Mozart/386_ASAP_Piano_Sonatas_8-1/ASAP_8-1.mid,,data/derived/rendered_audio/fluidsynth-2.5.6-musescore-general-0.2-v1/rec_d91ae459bdb9.wav,sources/ACPAS-dataset/subset_S/Mozart/386_ASAP_Piano_Sonatas_8-1/ASAP_8-1.mid,data/canonical/alignment_events.csv,,1,133,mid,cpc_canonical_beat,licensed_for_research,complete_movement,,true,true,ready,cmp_fef1cb83d033,Piano Sonatas 8-1,scv_e800c11bc3c7,prf_60b40b5a2377,aln_1b2dea75a5d8,synthetic_rendering,beat,source_provided_beat_annotations,source_exact,1.00,src_00a034d80378;src_02351c287cce;src_0959f7f0c921;src_0c5b459f3713;src_120b85d303a3;src_12ac25a9c7d0;src_133fdd89d752;src_1495fd782897;src_1736c0a3ec30;src_1bfba426e3b5;src_1f601191f854;src_20272ab6e36a;src_2030b845ba85;src_2309bfc3c6e7;src_266b4a8f2871;src_2801af45cdb9;src_311cc910ec9c;src_35dc9a227b9d;src_37bb36627b0a;src_38b76ad6d621;src_39888cae09c0;src_3bb556ce074c;src_4335e7ba518b;src_455287f24eaa;src_46ea18ccd982;src_479d2731f25a;src_4974f6228fc1;src_4bb84f052046;src_5382eb64bc78;src_55b5558dc332;src_5dc6eea1d153;src_6e4e2af83481;src_70c832462968;src_76d67f0ab033;src_8146ea358c72;src_8636358d19c6;src_901fd94d7cbe;src_93a7d93d653b;src_958e85443ca9;src_98e80603d674;src_a5055e4ad044;src_a52f8efce7e9;src_a80bc86a4c74;src_abdb8cb63de8;src_adaecf4c039d;src_ceafeec6e80b;src_d5ecb237c645;src_d70d4ac7f1d1;src_d9d6678516c9;src_da251a703348;src_ddb68c27212e;src_e64c5f847c93;src_f170e550391c;src_f772fe35a149,cpc-rendered,CC BY-NC-SA 4.0;MIT;derived audio; source MIDI terms apply; SoundFont MIT;mixed
exp_23fd8bc521e8,Frédéric Chopin,Romantic,wrk_ef4076dd461d,wrk_ef4076dd461d,rec_d248b7ffb462,sources/asap-dataset/Chopin/Polonaises/53/midi_score.mid,,data/downloads/maestro-v2.0.0/2011/MIDI-Unprocessed_22_R2_2011_MID--AUDIO_R2-D5_11_Track11_wav.wav,sources/asap-dataset/Chopin/Polonaises/53/midi_score.mid,data/canonical/alignment_events.csv,,1,181,mid,cpc_canonical_beat,licensed_for_research,complete_movement,,true,true,ready,cmp_f3d2a1986786,Polonaises 53,scv_4ec7b1b4e164,prf_6ec6c80f5fe0,aln_3133919e3587,source_recording,beat,source_provided_beat_annotations,source_exact,1.00,src_045cc2d312c8;src_15c459e71324;src_24a42b821541;src_2dba6b42631c;src_350863c24a99;src_43114462b711;src_515b573220af;src_5262a6429879;src_5b3a738ef40c;src_5d658937e9d1;src_5efdd69dc5d6;src_646fd86813e8;src_6a251873e383;src_701d62ac8c4b;src_786c72328779;src_94f8f7382a70;src_995328ffbdb9;src_a2045ba809dc;src_a4b9d8b3b669;src_a85e036c6c91;src_a9092e176c6d;src_ac66c523b5fa;src_b72f558fcf73;src_bad3d4754910;src_bc83819f11c9;src_c1e6181ae4e0;src_c822f5a37c1f;src_d0ad6ccfac57;src_d257cccda99e;src_d636f7e399bf;src_d897c7212d9f;src_dce6e273efa2;src_df173a411e7f;src_e27b642c3d44;src_e8d77b743269;src_f269d7e809e4;src_faed116fc7a1,asap,CC BY-NC-SA 4.0;mixed
exp_25932028e2c0,Wolfgang Amadeus Mozart,Classical,wrk_e3f8b040fa7a,wrk_e3f8b040fa7a,rec_79ec8391a9cb,sources/ACPAS-dataset/subset_S/Mozart/371_CPM_Sonata_No.11_A_major_KV_331_1/S_142_A_MAPS_mz_331_1_SptkBGCl.mid,,data/derived/rendered_audio/fluidsynth-2.5.6-musescore-general-0.2-v1/rec_79ec8391a9cb.wav,sources/ACPAS-dataset/subset_S/Mozart/371_CPM_Sonata_No.11_A_major_KV_331_1/S_142_A_MAPS_mz_331_1_SptkBGCl.mid,data/canonical/alignment_events.csv,,1,267,mid,cpc_canonical_beat,licensed_for_research,complete_movement,,true,true,ready,cmp_386b22f29c0d,Sonata No.11 A major KV 331 1,scv_b5b64d494d36,prf_977ed17f019c,aln_a92208ed5dde,synthetic_rendering,beat,source_provided_beat_annotations,source_exact,1.00,src_0652079a61ed;src_143d2083ea3b;src_201721f91bd9;src_5e778ba64441;src_60b4bd31396a;src_98e80603d674;src_a27f1f908d25;src_a80bc86a4c74;src_ab512abc5443;src_b1daedad7128;src_cbd17f29c96b;src_e15cd8fcb9ca;src_f15af9febf8d,cpc-rendered,MIT;derived audio; source MIDI terms apply; SoundFont MIT;mixed
exp_289d13889d2a,Frédéric Chopin,Romantic,wrk_c75095618219,wrk_c75095618219,rec_571e763e31b3,sources/asap-dataset/Chopin/Ballades/1/midi_score.mid,,data/downloads/maestro-v2.0.0/2017/MIDI-Unprocessed_046_PIANO046_MID--AUDIO-split_07-06-17_Piano-e_2-02_wav--4.wav,sources/asap-dataset/Chopin/Ballades/1/midi_score.mid,data/canonical/alignment_events.csv,,1,264,mid,cpc_canonical_beat,licensed_for_research,complete_movement,,true,true,ready,cmp_1cb3d72ba143,Ballades 1,scv_59b6f3605ed2,prf_7a9af72d8ea3,aln_3c43d056a259,source_recording,beat,source_provided_beat_annotations,source_exact,1.00,src_009b10f4f596;src_025991459456;src_05103d14abdc;src_0537b489083e;src_0543b0a7170d;src_0562ff5c5942;src_07ca589fb032;src_0899f3238bb5;src_09162744e255;src_0c02bba966a8;src_0d24cec54883;src_0db7b3124811;src_0e0af0bf184d;src_0e78d9da8c2b;src_118e6a773bae;src_168b4d75315e;src_16a155eaaaea;src_16e7444e4b6d;src_186a1d293b71;src_18b56ee1d27b;src_19da3ee76006;src_1af871e60756;src_1c529d6d6933;src_1d8e086581cb;src_1e74f087d54c;src_1e8341c7cfba;src_205e4a5d014d;src_20f529f8c338;src_227253a3e9e3;src_232354cc6f64;src_2556c91e67bb;src_26df00d01433;src_278111129341;src_2856952fafae;src_285bcb9fc89c;src_2932604d20af;src_2c5eb7f512b1;src_2c619f16abbd;src_2d6a741f6477;src_2e30a7f88ce3;src_2fdb9ea6290f;src_3013241dd9ab;src_31102c63604d;src_32fab4fdab3d;src_3555be65c0c8;src_35f7e4cc286d;src_3637acc220a8;src_3887eb116906;src_391fa557268a;src_3935eb6b5e85;src_394e6c46ed33;src_3a706206642a;src_3d5fe4b447a6;src_3e2b019eaae7;src_3f05ef317091;src_400400ef93b2;src_409725e2885a;src_42c63833086f;src_44091181db60;src_450ac44a1afb;src_4625c2abe13e;src_466a3b9009d4;src_4a6cf1ef5775;src_4c964809a4cb;src_4fc8888dcabe;src_5381ae42774a;src_567c4f4d2f5f;src_5718fe509e3a;src_5775ac0deecb;src_5bca46f475f0;src_5cea08b1dc47;src_5d29af041b88;src_5d2cea2421fa;src_5e478dfb9bee;src_5f20b3796ca5;src_5f4fbde05558;src_6130370e4067;src_66211965846c;src_67e8ff96c842;src_68ad5c7ba690;src_6b6b5b1294f3;src_6beb77c14d93;src_6cc0ec48f7d9;src_72823405bc7c;src_72ff9b8c52f9;src_73db15e2333b;src_761c11a5cc26;src_77cfdc3dbadd;src_78ac78965e75;src_78d1104d8494;src_7b0b94ab2c82;src_7ce54bea1fe3;src_7eef51ec8789;src_7fa60a7cae54;src_811a68571301;src_81b21be2fb27;src_83da6a346aa5;src_85f712b805f1;src_8610d4de1caf;src_88a95b186042;src_895524a2c8ef;src_8a9dbde686aa;src_8c2f645399c3;src_8c400de06eec;src_8dcad0534646;src_8e58892a03f4;src_900072a16c0b;src_92ff6bec8701;src_93679dd5fbe4;src_93a5c187e704;src_93b8640c1d91;src_96f45b86cf01;src_9802a5ced74b;src_98bb7a204dda;src_9b8b647390e9;src_9cf6edfaffec;src_9e7230249b16;src_a00f3bd77638;src_a15f1743ddf6;src_a187242d3308;src_a22b47aea52d;src_a41975d22736;src_a575bdbd879d;src_a5977da214ca;src_a5a3fa7b163f;src_a5b5c46e8b10;src_a6bf2b6f0896;src_a8a472ed12f1;src_a9112c31f7c1;src_ac213eb5c4f6;src_ad12faf3ca99;src_ad1b5050d62f;src_aec3e3168276;src_af0becf41bb2;src_af9572bacc7a;src_afdbff0c7d10;src_b29e8cbde524;src_b440088a9d1a;src_b47f5d9aa0fa;src_b4df0b99b753;src_b5c862f30733;src_b6d6bbac6a5d;src_b7e825387ad1;src_b868ad6a7f56;src_bb5e3260cca7;src_c1541bdc410b;src_c1be2165efad;src_c2efb88085b2;src_c4599ac33e36;src_c5c87f6732ae;src_c797f95ffb13;src_c7c38fa1b3b5;src_c8332657f7ec;src_c8d3460d463e;src_c972e7f7e3b3;src_c97f3f0a8b7f;src_cc4f52829c03;src_cd061e352eff;src_cf722bb50cc1;src_d612a3fedb12;src_d80f2e35380c;src_db4d9db670a1;src_db9d4e860748;src_dbc6f5b5db4b;src_dbdff94727a5;src_dbe936e212df;src_dcc985e5315e;src_e0603351c6ab;src_e1142ef6c426;src_e44686bac85c;src_e52e9e9102e9;src_e68eb8c3743b;src_e6eb7df6b513;src_e70179ca2d41;src_e735d1e325cc;src_ea6de5969434;src_ea733840b86c;src_ed8742cba477;src_effa7253ff9c;src_f3a950fc8de8;src_f400741011c6;src_f5119b4108c8;src_f76a93df4c0c;src_f8cc65b8c40e;src_f96d868cb16e;src_f99b8c58bacd;src_fa28683b9736;src_fb8242c01209;src_fdce6fa4ee7c;src_fe1268e0a59c;src_ff0978c3468a,asap,CC BY-NC-SA 4.0;mixed
exp_28e7dfaa19a5,Frédéric Chopin,Romantic,wrk_699b3980c9b1,wrk_699b3980c9b1,rec_c39b38ecdb2d,sources/asap-dataset/Chopin/Berceuse_op_57/midi_score.mid,,data/downloads/maestro-v2.0.0/2011/MIDI-Unprocessed_25_R3_2011_MID--AUDIO_R3-D9_05_Track05_wav.wav,sources/asap-dataset/Chopin/Berceuse_op_57/midi_score.mid,data/canonical/alignment_events.csv,,1,70,mid,cpc_canonical_beat,licensed_for_research,complete_movement,,true,true,ready,cmp_7a370787218a,Berceuse op 57,scv_2dbd94603060,prf_aff182f1ff09,aln_a73405a92537,source_recording,beat,source_provided_beat_annotations,source_exact,1.00,src_0632c1730e0b;src_140e36746038;src_14c3530a25c6;src_190cfaae0ce9;src_19c259048108;src_1be00e6be8bf;src_1c0f384058cc;src_20bd2af7f71b;src_2c8a6e541c40;src_2ddfd7491c0c;src_2f71a490b698;src_337de6def112;src_34e64e14d16d;src_36a344d0a9bd;src_3cf2118fddb0;src_430f175ceb13;src_4317b9265638;src_4a349cbdef0c;src_4dd1a3260b09;src_5aabaf49dd46;src_5bab14a26f2f;src_65b48a65a025;src_67939cbc28c5;src_67b48e2d98c2;src_6a227e726c9a;src_6b9139ddf508;src_6cf2ce5d76e3;src_6e1ff21831ed;src_7328474f62ed;src_73fcdbdc5deb;src_749c1c59f910;src_74a14c5ec00f;src_74ed67dc0456;src_76675efc4771;src_790d4d3d117d;src_7b318fb8e1e4;src_7b6c23e8a8bc;src_80c2f218c63e;src_81db91779a32;src_823a2e603a1b;src_849c35fe1190;src_86ee7435435d;src_89039232bcc4;src_8ab227ca3bb2;src_8d57759079bc;src_8dff5d796dcf;src_9d5a1eba6951;src_a2070fbe06b7;src_a9a1ed077b61;src_acae3be1fee9;src_ad6f4b5b4f18;src_b4e393e94ffb;src_b5b6bcf39d29;src_ba96bb0b90ff;src_bfb700e84c19;src_c9c76e3169fb;src_d6c8050e1fa5;src_d72202cb7a32;src_d9a36af48c5d;src_db46935788b3;src_dd0579bb408f;src_dd670a9c430e;src_de87f483b836;src_dea4b9362af5;src_dea6ba39600f;src_e4d93d192ea3;src_e5002a3a5e26;src_ea6c3e7142ef;src_ed266f67ef52;src_f043b45734a6;src_f1a9724318af;src_f4cc8925e433;src_f5b222ae4b62;src_f629182e8b52;src_f67cec306fa2;src_f93e2208bb6a;src_fac800026914;src_fc3984fde8b4;src_fe41893e710e,asap,CC BY-NC-SA 4.0;mixed
exp_29017119a262,Frédéric Chopin,Romantic,wrk_2dba713813f1,wrk_2dba713813f1,rec_cba40f3c2cf7,sources/asap-dataset/Chopin/Scherzos/31/midi_score.mid,,data/downloads/maestro-v2.0.0/2015/MIDI-Unprocessed_R1_D1-1-8_mid--AUDIO-from_mp3_07_R1_2015_wav--4.wav,sources/asap-dataset/Chopin/Scherzos/31/midi_score.mid,data/canonical/alignment_events.csv,,1,780,mid,cpc_canonical_beat,licensed_for_research,complete_movement,,true,true,ready,cmp_4fade9260416,Scherzos 31,scv_e60623ce59c0,prf_d6b69fb25a62,aln_697e43b81da1,source_recording,beat,source_provided_beat_annotations,source_exact,1.00,src_006c839a80ea;src_03ec7fb9092f;src_08134f626795;src_08e670c23d34;src_0b72c15addfc;src_0bc1fe84af4a;src_0dd11732e425;src_0de8ac2c8599;src_0e645eceece1;src_10216435519e;src_12ab227cb34c;src_138362adddcc;src_14c2683c4513;src_14d189b77f6d;src_154ebb60d6f5;src_1790fe670e03;src_1a9b66ff8c11;src_1b9267d8f580;src_1df244266d31;src_2045dfef6313;src_2155a88bcac7;src_22f872c756fb;src_24b52b2550ed;src_257509ed30ce;src_2697395bb90b;src_2941af989b7a;src_2a41a71b037b;src_2bfe1367fa4c;src_2c721d5823c0;src_2e4cea999436;src_2f2baef5f837;src_306784351627;src_3720177a070c;src_381c1815b9fd;src_38cf01742654;src_3977569a818b;src_3aa959d83570;src_3c623434f0cb;src_3e2b714e90e2;src_3fed61a3c179;src_42fff87e78ee;src_432ba7627149;src_45d579dddcc7;src_4867c43d87ac;src_4894f57f1e0d;src_48af8ece423c;src_4b09869d8f59;src_4d2af982e022;src_4e226bb1d5e0;src_4ece58d294e6;src_4f57168c8a61;src_50610cfb75e2;src_526fb353580e;src_533c262d36d8;src_534397905719;src_5432f36db989;src_54c8541a49b9;src_564dbf2b0b7b;src_58166fd764cc;src_5895a19e2275;src_5af8a4700c33;src_5b87e9a003f5;src_5ba9446f5ade;src_60a6cd80c5de;src_60fcad5eaf59;src_64810fc38756;src_64f52ae94b8e;src_6516c808d60b;src_692f3b741b24;src_6b6a3431c666;src_6b8ed8c853cc;src_6beaa5b745af;src_6e37149a3e76;src_71461211c7d2;src_722d73269a95;src_729431c61f4b;src_72e63fbbb92b;src_7300493c7fd1;src_7304bb751c4c;src_74c11e6f192d;src_7987bf888a1e;src_7ba2aefcdb1f;src_7e8c5df43048;src_7ff138bcccab;src_814bbb422235;src_867532b5b031;src_87ec9ed6d64f;src_88f7d0aec04e;src_89aa3aea0d3e;src_8c66bdabd602;src_8d7ad4dab8a3;src_8f44534f098d;src_8f60608fccdc;src_91ced24f2e96;src_926302821870;src_936f10781a02;src_96a7deb336de;src_97cce262d259;src_98f719dced96;src_9a7257ae1b31;src_9adb5f5e3832;src_9dd276267da2;src_a2c9d3bac2b4;src_a399d487b701;src_a3ccc4e39419;src_a46c4fea6fdb;src_a48c2c298d22;src_a66a981e9a0d;src_ac126b2eb8ff;src_ac764ad03507;src_af3d62b60ee6;src_b1ca61d09313;src_b2eb510e1015;src_b30f3a46d9de;src_b5193a49f80f;src_b5fa21a0069d;src_b6d96a177074;src_b717036bdff2;src_b737eeddc19b;src_ba1fbeaec487;src_bc52bc0d513d;src_c1b1c5d55de7;src_c1d294de8f4b;src_c57bfd32e89a;src_c5e7f534504f;src_c64723536af8;src_c6c9fe8d00ca;src_c72bffb14df2;src_c79b85f3a1bb;src_c90c9a180971;src_cca667697101;src_cd9d1d4dc41b;src_ce53fcca9859;src_ce65f42219d6;src_ce7979f711b0;src_ce81b5d116da;src_cf55a418092c;src_d16ae8fe4a03;src_d4031242fadc;src_d6bfd3c9e23e;src_d75bc1c20019;src_d87ad2691f42;src_d9e86a5dd044;src_dabc69505eb5;src_dc3a8d8f3f0a;src_dfe223d7f6af;src_e1ab36671867;src_e275c071d331;src_e77359a112b4;src_e818678be8c0;src_ea723e07821a;src_f1096d55bc87;src_f1f6ba1d1f97;src_f3a4a4ad2b15;src_f4fa56d49a32;src_f5e5dc0427d6;src_f668cdd75351;src_f80172d9a37f;src_f844561cb65f;src_f97f6ebc8fa0;src_fc4fe9e1037e;src_fe8cb323dd18;src_fe97db8a4888,asap,CC BY-NC-SA 4.0;mixed
exp_2bb019106e44,Wolfgang Amadeus Mozart,Classical,wrk_b048d36402d4,wrk_b048d36402d4,rec_0b1cdc556f64,"data/downloads/pianocore/1.0/refined/Mozart,_Wolfgang_Amadeus/Piano_Sonata_No.7_in_C_major,_K.309/1._Allegro_con_spirito/score_PDMX_mini_refined.mid",,data/derived/rendered_audio/pianocore-1.0-a-star-mozart-fluidsynth-2.5.6-v1/rec_0b1cdc556f64.wav,"data/downloads/pianocore/1.0/refined/Mozart,_Wolfgang_Amadeus/Piano_Sonata_No.7_in_C_major,_K.309/1._Allegro_con_spirito/score_PDMX_mini_refined.mid",data/canonical/alignment_notes.csv,,1,155,mid,cpc_canonical_note,licensed_for_research,complete_movement,,true,true,ready,cmp_88d5e3c5451a,"Piano Sonata No.7 in C major, K.309: 1. Allegro con spirito",scv_516154d2692c,prf_e765f754a9ef,aln_86d478044947,synthetic_rendering,note,pianocore_rascop_refined,pianocore_a_star,0.941,src_00c3dcc32f10;src_01d9a29f0f23;src_02289f34ff90;src_02757ef35a13;src_02c8d7bf5730;src_0315f5ed0e4d;src_0440b4fed908;src_0579622d953b;src_05888d2ea522;src_05fd30d9a04e;src_06649496f1ff;src_07c3dd5d8913;src_08c3644149fd;src_091ba85d6f0f;src_094b4138e95b;src_09b232bc0414;src_09ca2c293c20;src_0a40c84d7b48;src_0ceadf0c61d0;src_0d0d7b978733;src_0d1a733fe4ec;src_0d3f6aed8768;src_0d4ff82f0583;src_0ddd40a60a5d;src_105dad764167;src_11ed0e91838a;src_1366a7384570;src_1445887b5823;src_1529e47325cc;src_154ad2703f8e;src_1604c4d49283;src_17a9e5f05da2;src_18770856b8be;src_18cf66edd101;src_19afa68f29db;src_19e3a2549e67;src_1a02140d9a29;src_1a1539c057b5;src_1b4be4d1e9ff;src_1b7c7e30de62;src_1cb9c5d8909c;src_1e2ecce59c32;src_1e50344b708c;src_1fc02a450970;src_203408874d96;src_2067598e5493;src_20874c24e83b;src_225411ba9ea4;src_2590165c9e04;src_2614cafe1235;src_264282025cc2;src_27189ce59d5e;src_274da4ca8e24;src_27afc9c7d099;src_2900a260af49;src_290d9278dabb;src_2cd518576a71;src_2cdbee56d589;src_2f4d1ca95a91;src_30630f0d680b;src_30e8cfabb7d6;src_317436300c75;src_35ad8434799c;src_35b8cc2ce0f2;src_37fc8b9291c2;src_3849b2f4f168;src_3a4b1a94ffd7;src_3ae5852d5901;src_3c4086524c27;src_3c608bb762c5;src_3dbc13ea59ae;src_3e17c8c527ff;src_3e3a48a4f1b0;src_3e4a8cf1e7c6;src_3eb81c3d68ee;src_3efb5fe847f4;src_3f0608ebfff5;src_414501833a93;src_41ed18afa8e9;src_42e1ec07be6d;src_42fd8311b029;src_43bdc1ed7f26;src_43e848113812;src_43eba67c7712;src_441520dea7b0;src_45d3eeffb66a;src_45ed4193d8fa;src_48834465d43a;src_48c1e21f314d;src_499f9b4fb2da;src_4a4db38ac556;src_4b6c71e1b55c;src_4b8556d862eb;src_4c57745bf044;src_4e807e9703df;src_4ef4afb9db77;src_5011e82aa9d5;src_5145afcf70b6;src_51ac3cec12dd;src_522993265852;src_524438e5b2f8;src_52674b465b65;src_527afe70ffe9;src_528ade42208f;src_52e7ed73bc71;src_53b5b9272e58;src_53d20f46840a;src_5463f4cf568a;src_55bf0a720d64;src_57317202f189;src_5759222850b6;src_576e31b6a84a;src_579a1e8983a8;src_58036ece4502;src_5824e0b95ece;src_583daca17d10;src_5971197d591c;src_5a2dbcfbe64a;src_5add453103d9;src_5b0c7884cc3f;src_5b34e94ec8ab;src_5c3c51000935;src_5d139e94ca20;src_5dc90d5bf8ec;src_5ddeaabb77d5;src_5e65dcee9977;src_675319cba287;src_67d847c94eb9;src_682afeb0fb27;src_6904fc57bbe0;src_69eacc6a0ab5;src_6aaf5bcf3a46;src_6ae0d9edd43a;src_6c127b1e7bba;src_6d4f6d62327f;src_6d994426ed62;src_6d9a5d2015b4;src_6de5ba5e3b37;src_70b2ea5d1f32;src_7107e30f673c;src_723c21f4fd78;src_72ab5f95eb56;src_72e4dd31bbfe;src_72e97013d51c;src_73fc99a3c843;src_745df63179bd;src_74896b86cd19;src_7554f28dc410;src_755faba4f7d0;src_763ad6cf6bfb;src_77b1414cfddb;src_784cc648b61a;src_7a0b77acbc22;src_7a228d38b5ab;src_7aa8403f906b;src_7add65095d7a;src_7b090602f6d8;src_7d55e98123fb;src_7e333295f478;src_7e53e59742b0;src_7eb593f5e4a3;src_7ed5e68e71c0;src_7f4ac49e0e0f;src_7fe73b33ae8c;src_81e9ae376569;src_82196959b441;src_826c2d73ba86;src_82e02b6e9c47;src_8375421b2b6f;src_84c78a52c3d1;src_85a58d824ba4;src_877c70303adf;src_893e99ce236e;src_89c3488ac7b8;src_8a0f84a02563;src_8f39eed196e4;src_8f3f5ebe52ac;src_90caa14f373d;src_932bab246a56;src_938070dcb4ce;src_94ae91deedad;src_9633f4d24dc2;src_9667b5192d62;src_976fac523746;src_988a3d6f9fe5;src_9a1532234a85;src_9a907d3fc586;src_9adab06ee81e;src_9b6b0e557e14;src_9e950aeafb80;src_9e9c87a6c30e;src_9eeec02a5fbc;src_9f9afbfdf8bf;src_a2ec92c5cf5f;src_a2f23c5e0b05;src_a2fc12013088;src_a5eba7578f04;src_a7ad48f9db7a;src_a7c7305dec91;src_a80bc86a4c74;src_a81707dd30fb;src_a8aa5b4fcd3f;src_a984a9a616a0;src_aa115d2aded9;src_aa1a275720b0;src_ad06743c3b28;src_aeb1b0fce8cd;src_af47a5a5b5da;src_affdb6f017a0;src_b0ac0d6d8f48;src_b0ac13d1d960;src_b1200b2a3e8d;src_b2f6ac818a28;src_b54a57e001ad;src_b6065809710a;src_b62ee95b33a0;src_b6b3df18d11a;src_b6c3c64a9fde;src_b74e23729584;src_b8a26b565d9c;src_bc43ea2ddd28;src_bc4f65e6668a;src_bc7227dc08d0;src_bcfd3a1181a5;src_bdddfcb39925;src_bde8b96ba3e6;src_be37a639a375;src_bfb4a261a50f;src_bfe6f1118e50;src_c02b2751abb8;src_c2a12bf05e48;src_c2a89825d64e;src_c41a4d53cef8;src_c6fb9a46c87a;src_c7068edef220;src_c742974c6d6b;src_c9218b258271;src_cb3e10430884;src_cd67128287e4;src_cdaa58006dec;src_cdccf21cc097;src_ce6166f1e941;src_ce743fe0d386;src_cea9a3aac487;src_cfeb02606cb2;src_d077b10ff0e6;src_d09604d20160;src_d114e9111c64;src_d1595ddad7e7;src_d1db4ca26dfd;src_d263ba070fb6;src_d354a0b8ad41;src_d437747b34d8;src_d9f4e403ec5c;src_dbaaf80887d4;src_dbfe973a31a6;src_de36500289a8;src_e23652258334;src_e253b34dc928;src_e2973920bb08;src_e2e5cb1cb9c8;src_e4ef3a80ff2a;src_e4fbceafc90c;src_e5aeb1f5077f;src_e5c0d4e5a437;src_e744c51526e0;src_e7b0f67a5b58;src_e89ecd745679;src_eb0d69ca44ea;src_eb24176f8b75;src_edf7317a555a;src_ee0d2ffeed21;src_ee77e8bbb57f;src_ef5a691234c4;src_efd098bd3e90;src_f00a8f5a81d6;src_f0fc462f3727;src_f1ecd82d4399;src_f1f494b806a1;src_f25172841e89;src_f2f638ca8237;src_f60829b70e5a;src_f65082548a0a;src_f857fb65eb90;src_f9bf166975d9;src_f9d9811d44a0;src_f9f653c00aaa;src_fb08260d9753;src_fb0c0b397f19;src_fc7afb84fdf7;src_fdd93cc59408;src_ff1339994ece;src_ff91c98b407a,Aria-MIDI,CC BY-NC-SA 4.0; non-commercial research and education;MIT;derived audio; source MIDI terms apply; SoundFont MIT
exp_2d9ff0eb1553,Wolfgang Amadeus Mozart,Classical,wrk_ea0fb259619c,wrk_ea0fb259619c,rec_45fafcfc9f8b,sources/ACPAS-dataset/subset_S/Mozart/374_CPM_Sonata_No.12_F_major_KV_332_1/S_148_A_MAPS_mz_332_1_AkPnBsdf.mid,,data/derived/rendered_audio/fluidsynth-2.5.6-musescore-general-0.2-v1/rec_45fafcfc9f8b.wav,sources/ACPAS-dataset/subset_S/Mozart/374_CPM_Sonata_No.12_F_major_KV_332_1/S_148_A_MAPS_mz_332_1_AkPnBsdf.mid,data/canonical/alignment_events.csv,,1,459,mid,cpc_canonical_beat,licensed_for_research,complete_movement,,true,true,ready,cmp_5a3f42521212,Sonata No.12 F major KV 332 1,scv_988b7201734c,prf_1867f6f10f73,aln_5b441a45b58e,synthetic_rendering,beat,source_provided_beat_annotations,source_exact,1.00,src_09a294db134c;src_0e8abe1e4355;src_443c9a4531aa;src_6d0b8acba2b4;src_70357672fe5c;src_8ca3589ea6ff;src_9434822c7b73;src_98e80603d674;src_a80bc86a4c74;src_aa6be8106aa1;src_b52b7f7899e4;src_cb145d1f512f;src_d1bb387bcba1,cpc-rendered,MIT;derived audio; source MIDI terms apply; SoundFont MIT;mixed
exp_2ee3f07dc86b,Wolfgang Amadeus Mozart,Classical,wrk_57b95df3e8e3,wrk_57b95df3e8e3,rec_6db8e6bf8807,sources/ACPAS-dataset/subset_R/Mozart/365_CPM_Sonata_No.8_D_major_KV_311_1/R_30_A_MAPS_mz_311_1_ENSTDkCl.mid,,data/derived/rendered_audio/fluidsynth-2.5.6-musescore-general-0.2-v1/rec_6db8e6bf8807.wav,sources/ACPAS-dataset/subset_R/Mozart/365_CPM_Sonata_No.8_D_major_KV_311_1/R_30_A_MAPS_mz_311_1_ENSTDkCl.mid,data/canonical/alignment_events.csv,,1,152,mid,cpc_canonical_beat,licensed_for_research,complete_movement,,true,true,ready,cmp_b8edb65ab828,Sonata No.8 D major KV 311 1,scv_289def4fa102,prf_14d636a3df75,aln_bef2ec85e417,synthetic_rendering,beat,source_provided_beat_annotations,source_exact,1.00,src_101a4578ef5b;src_3df6fc0a96af;src_44d1cef07805;src_53736a701265;src_694c7d9d11d8;src_6c7edd68c85a;src_7b89f58d60b1;src_8fae8aa6ae1f;src_98e80603d674;src_9c2037d613a1;src_9cd385c42b12;src_a80bc86a4c74;src_c468e8c1dfe4;src_c87542b84d05;src_d5e4a061a1a0;src_ddaafc69925d;src_df354eb212df;src_edc76505f777;src_f5644eb58ac3,cpc-rendered,MIT;derived audio; source MIDI terms apply; SoundFont MIT;mixed
exp_3046fa619f77,Wolfgang Amadeus Mozart,Classical,wrk_78c58c78daec,wrk_78c58c78daec,rec_f287d8cb3481,"data/downloads/pianocore/1.0/refined/Mozart,_Wolfgang_Amadeus/Piano_Sonata_No.9_in_D_major,_K.311/1._Allegro_con_spirito/score_ATEPP_refined.mid",,data/derived/rendered_audio/pianocore-1.0-a-star-mozart-fluidsynth-2.5.6-v1/rec_f287d8cb3481.wav,"data/downloads/pianocore/1.0/refined/Mozart,_Wolfgang_Amadeus/Piano_Sonata_No.9_in_D_major,_K.311/1._Allegro_con_spirito/score_ATEPP_refined.mid",data/canonical/alignment_notes.csv,,1,121,mid,cpc_canonical_note,licensed_for_research,complete_movement,,true,true,ready,cmp_919e254747c0,"Piano Sonata No. 9 in D Major, K. 311: 1. Allegro con spirito",scv_84573c2a3e21,prf_9ee3cf8c87d9,aln_6cb8e010e851,synthetic_rendering,note,pianocore_rascop_refined,pianocore_a_star,0.9801,src_022d81459ba8;src_026fc443cbac;src_05b41c980977;src_0715aa8c9d40;src_090cd8dfb352;src_0985a6fc923a;src_099a7703db65;src_0a3166577d75;src_0abb83390826;src_0b0bb66f3a7d;src_0de7b0a5512f;src_0e4f558034f4;src_0e6c03ccbf76;src_0fa8adedf609;src_10667cd4907a;src_10bc0bd4dfb3;src_10dafcc66669;src_10feec3c9b2b;src_1209b76d6412;src_1258b9c9e448;src_142af41fa4d5;src_147749197686;src_147a1a9c4cd8;src_14d56a67cf3d;src_1612d85a05a7;src_16f36fa16d33;src_176f681d01d3;src_188dcf866e59;src_19a72b5ddc7c;src_1aebc5253223;src_1b870e459c48;src_1cecfcb4e0fc;src_1d5910ebc4d4;src_1d82dc7c2e25;src_1dd7eca4d1f8;src_1e2ecce59c32;src_1eddd1bd2296;src_1f1f8dcfacfb;src_200cb18cc24c;src_20363abdbcda;src_20d26f59c0f7;src_218f0f266295;src_21a4dc2fb506;src_21b8173f6e63;src_23b03a3df07a;src_24aa89e9983d;src_251b916b1dc4;src_252bc604384e;src_257d94ddff31;src_25ceabf0d19a;src_25df6aa11672;src_27334d57f490;src_27661f5b0810;src_27f21d69e966;src_27f54a65b103;src_285291ded3a4;src_291ff77c3aae;src_29b5bf010379;src_2a5537a95786;src_2b05302eb7ae;src_2b785cb8c3b6;src_2c50cb3332a1;src_2c552aec99d6;src_2cd20b221acf;src_2e5b7e7e0f2d;src_2f09de93a2c1;src_2fae51e6492b;src_2fd136802018;src_2fe4d4b0118a;src_300372f075e2;src_311ab188a46e;src_3130500f953c;src_328837a4c3a6;src_336c75f56713;src_33b6d37ab754;src_35874bd97ffe;src_35b984f02bff;src_36acf34b0531;src_36b8283b21d5;src_376735077216;src_3826041e475b;src_385a982f308d;src_38bdcf182c22;src_38cfee5988c9;src_39046b213fcd;src_391ac5f35756;src_399b1e3ebe77;src_3a7c60a8971c;src_3b032b249fc3;src_3b1fceea5019;src_3b55828387bd;src_3bedb10bbcdc;src_3c4bdc03becb;src_3c6166b98f29;src_3c92dea7f213;src_3c96baa393dc;src_3cb573a5bfe3;src_3ce927cdaa3d;src_3e8373b7c5cf;src_3e9fd2fada72;src_3f2d0faac7b4;src_3f4539dd03fe;src_4176a385d017;src_420dd4f8ee4b;src_42233aeec7f6;src_42b2a63e4f90;src_4313fe242247;src_4456a44d29d6;src_45076a3d02ac;src_455a2fdb1568;src_455cd0ae58b0;src_4561eb5b682b;src_4566968d1898;src_45be947f527f;src_45d5217caf86;src_45e75c944f98;src_471b5f9636d5;src_4755f6f2f51a;src_47ccc101a578;src_4887c74c8d4d;src_491ea78da22e;src_4926f18bb997;src_49cdfd1c3928;src_49dce142a11b;src_4b42f3658019;src_4c4b7ce9f266;src_4cbe64e77415;src_4d6528eb5418;src_501e80f3b8dc;src_50296c65f8ad;src_5043b0feaf0f;src_50cfc1039d44;src_515a534ebedb;src_5164300b2d15;src_51c8a754810a;src_51e42e54e859;src_524170155dad;src_53cd881fce5b;src_53d5d63452c6;src_55dfe7709f82;src_55f041c24909;src_568090fa51e9;src_56ecfce192d7;src_5722828df6a1;src_58a65b77b8eb;src_58dce72e614e;src_5927ff66385c;src_598b9d0e6837;src_5a3013365606;src_5a3b8e47c4cb;src_5bba7e6313b9;src_5d66f3fb5ca4;src_5d83dc0cce59;src_5db82961a6d5;src_5de644003047;src_5e0d9ce077cc;src_5f87271fe1f7;src_5f8c68330f82;src_5fb013382f73;src_6025f28a5c82;src_61e9c7645c18;src_6417fd9e8d22;src_647b52cc7332;src_6585d3bc47e6;src_65b55e8d3808;src_66430f95be74;src_668133d47d9c;src_673815e30d9c;src_675ff30c4648;src_678da155b9bd;src_689f020bbfd0;src_69104fb85541;src_6929f6972e93;src_69eb3a0fffe6;src_6a0b5fd06574;src_6a66edae5e6c;src_6aeb5d6d9be4;src_6b3f63cc3a1c;src_6b9cbc99bc7c;src_6c48e05b31ed;src_6cd5de65905d;src_6e0a5152c65e;src_6e501e1bf5e9;src_6ec634863857;src_6f83656e4ac4;src_6f9b717a2421;src_6fbaf83c22c8;src_705f03c0ebe3;src_70b96392f4d2;src_71d298483939;src_72301e92f957;src_723374bbcf1c;src_728b538e487d;src_7313d91a99fb;src_732d7002277b;src_737ec4806e81;src_74317e2b4af9;src_74e182227b20;src_7578775b74b9;src_758ebbd3d723;src_7681a5e0f36e;src_76919cd6df28;src_7799aa9f161d;src_79d711d91f55;src_7bc985fac7cd;src_7cc5d5c1bdec;src_7cd4acb1bd03;src_7d6f1c63ed6c;src_7dcbe22dc59e;src_7dec4c28b16a;src_7e4eb1b5c072;src_7fd2a813cd5e;src_80bf2bfb3a28;src_80ecc557f423;src_80f67ae2bf0b;src_8199bf18c699;src_81d2c998d616;src_821c70fc3271;src_8238dc05e135;src_82e0576af449;src_853c33003304;src_85e842a2e071;src_864f1229dc60;src_868c47b9608c;src_870deeb5a983;src_875f930cf766;src_885ca61c6e09;src_88f89ca84f4c;src_8aa514269dfc;src_8aebbc644410;src_8b9e103ef021;src_8c55b7083e68;src_8dce8f05dba3;src_8e06d721d925;src_8ea33686c24b;src_8f193a4723db;src_8f306fad4f3a;src_8f63551d5dee;src_9050e46545e1;src_90cff3eea517;src_912645723e38;src_9328189b3a0e;src_93c723316c07;src_95c73b92cd94;src_95d8f01e1af4;src_964e8a0ab1be;src_9654fa42f8d4;src_9831eceebed4;src_9842009ce243;src_986a32fd6b68;src_992955d4647e;src_993cb59193c1;src_99473bd57886;src_9acd50a6e553;src_9b1223892c5b;src_9ce733756e1c;src_9cee04990d19;src_9dc93049f80e;src_9f3614582776;src_9f65299f8342;src_9fc4e3f72757;src_9fceab862900;src_a047a1a9ce44;src_a116d7038309;src_a126ca7297a2;src_a1a15199e5d4;src_a1bba102f52a;src_a1c8719dc012;src_a1ef7f4eec99;src_a28d90e31eb7;src_a2e01245f82a;src_a3a112df865d;src_a464c5759279;src_a4cd23a70637;src_a55c9a6f3718;src_a59e82434e03;src_a80bc86a4c74;src_aba4150138b0;src_ac19af0155ff;src_ac72c2c643c2;src_ac909518194b;src_ac91e812ec8b;src_ac9f5cefc112;src_ace339ff7a26;src_ad75d3f26e96;src_ae198f48b317;src_aeb9a311ad88;src_aeef6801ab2a;src_af769352d78f;src_b0384917250f;src_b0547814fe19;src_b05df9a9d103;src_b08a5149676b;src_b0a6ee223f7e;src_b0d755715368;src_b0f3d1156c1d;src_b17637e051bc;src_b18d74ea5df0;src_b1dc3f7df91d;src_b359947d2b16;src_b3e4e81d1062;src_b411a9438bf3;src_b5422ddf2c6f;src_b57fa185f41d;src_b595f40a4616;src_b60177fcd583;src_bb78856eee4f;src_bbd166dbdc2b;src_be6d54f9b092;src_be7bdc78d335;src_be9ff58fd543;src_bec293252e91;src_bedd8d4d1fca;src_bee1c587f49a;src_bf73c68338ef;src_bf927c3fa63e;src_c001997f2502;src_c010d5bb11b4;src_c03503f66085;src_c05b418a1e87;src_c0611dac30a2;src_c0bdee26b1c3;src_c0e45deedea0;src_c1f361d468d8;src_c2c6aa3a1a25;src_c2cfadc9cbb2;src_c3d579f83b43;src_c4a7df4588a6;src_c55a754768c3;src_c5bc7f051bcc;src_c64bf9d397af;src_c6682acc5f7e;src_c681bd5c0138;src_c7fc108f1a5a;src_c81925520109;src_c8af3ac1842a;src_c8c6c5b6b710;src_c8d18736cecb;src_c9a90e542c19;src_ca613c053ccc;src_ca7e89c38fd2;src_ca92608b4405;src_cae459bceba3;src_cb1ef657f26b;src_cba42af9d4a3;src_cba471f4ae5b;src_cc807e9f5dd1;src_cce2a750f676;src_cd4fe46b7b24;src_cd5e62dd9549;src_ce3df7c00f88;src_ce85e935bbc7;src_cf0b42cc86d0;src_cfb7651c3abe;src_d10b2a23a4f4;src_d26b13ea2665;src_d4562ce4001e;src_d4765566ba42;src_d58100567810;src_d62d45254455;src_d7235beceb04;src_d749c48470f3;src_d77ebc571c93;src_d79bbcb3b782;src_d7d4b8241515;src_d82f0b3d5b31;src_d8b13ebd141c;src_db1f71355a88;src_db9c840d57e0;src_dc08d153b660;src_dd18a39c6ef4;src_dd611a540b1e;src_dd6e6f7046a0;src_ddee6822a766;src_df2fa2ffb8f6;src_df3c935115ce;src_dfaa7a40681d;src_dfc18945c64b;src_e00b15331bc7;src_e037af0311e9;src_e144f041ef32;src_e1a6191e99d9;src_e1af92995385;src_e291c432b341;src_e2b86a1bc3b4;src_e2bc9f3f2fab;src_e341617b2091;src_e37022a35712;src_e3c47f79218d;src_e3c9db6ef386;src_e42974537247;src_e484e9e8ce2e;src_e4c874fca511;src_e50654f26717;src_e50ffb3c4eb4;src_e545c1253e80;src_e5b073d946e1;src_e6e5aa13c5f9;src_e81c32bd3c54;src_e854f31ce6f1;src_e8a753d4c139;src_e9b0af7dde5f;src_ebe65a74fdcb;src_ec3752734a34;src_ec5c5353ff92;src_edcd1ec545ee;src_ee326e5d438a;src_ee6608b92574;src_eeb365c3c926;src_eec1c4ff5f4b;src_eeccc9b1b2ef;src_eeedd6d9d3a8;src_ef2882a45773;src_ef4c3eb7971e;src_ef675c3cfcc7;src_efec13932cba;src_f04b1526ff8e;src_f0b28dd81e9c;src_f15721772064;src_f18c49bbab68;src_f3591b73f5b7;src_f5029e88ab7b;src_f5455bcee9c8;src_f5adf159bb4b;src_f6100c511a74;src_f62690f1f110;src_f6d347319064;src_f6d95a746a51;src_f764f7b04cf5;src_f80ead04b69c;src_f84462fb266d;src_f895cb85c3db;src_f896e6b972e1;src_f8d53f59562e;src_f92401bc4b37;src_f9bcc454e898;src_f9ff33a73064;src_fad1a86a66bb;src_fae8a2d2af21;src_fb385efa7e01;src_fba86bf8996d;src_fc1310c50074;src_fd44893c8a35;src_fd55c1f64ef8;src_fd8437e5102b;src_fd87ce07255f;src_fdb855709966;src_fde6b9d6963b;src_febfb1e883b1,Aria-MIDI,CC BY 4.0;CC BY-NC-SA 4.0; non-commercial research and education;MIT;derived audio; source MIDI terms apply; SoundFont MIT;external recording; rights not granted by ATEPP metadata license
exp_3070e1256033,Frédéric Chopin,Romantic,wrk_2dba713813f1,wrk_2dba713813f1,rec_5d92948919b1,sources/asap-dataset/Chopin/Scherzos/31/midi_score.mid,,data/downloads/maestro-v2.0.0/2017/MIDI-Unprocessed_057_PIANO057_MID--AUDIO-split_07-07-17_Piano-e_1-07_wav--5.wav,sources/asap-dataset/Chopin/Scherzos/31/midi_score.mid,data/canonical/alignment_events.csv,,1,780,mid,cpc_canonical_beat,licensed_for_research,complete_movement,,true,true,ready,cmp_4fade9260416,Scherzos 31,scv_e60623ce59c0,prf_202660ea3fe5,aln_eeca94a4b5e5,source_recording,beat,source_provided_beat_annotations,source_exact,1.00,src_006c839a80ea;src_03ec7fb9092f;src_08134f626795;src_08e670c23d34;src_0b72c15addfc;src_0bc1fe84af4a;src_0dd11732e425;src_0de8ac2c8599;src_0e645eceece1;src_10216435519e;src_12ab227cb34c;src_138362adddcc;src_14c2683c4513;src_14d189b77f6d;src_154ebb60d6f5;src_1790fe670e03;src_1a9b66ff8c11;src_1b9267d8f580;src_1df244266d31;src_2045dfef6313;src_2155a88bcac7;src_22f872c756fb;src_24b52b2550ed;src_257509ed30ce;src_2697395bb90b;src_2941af989b7a;src_2a41a71b037b;src_2bfe1367fa4c;src_2c721d5823c0;src_2e4cea999436;src_2f2baef5f837;src_306784351627;src_3720177a070c;src_381c1815b9fd;src_38cf01742654;src_3977569a818b;src_3aa959d83570;src_3c623434f0cb;src_3e2b714e90e2;src_3fed61a3c179;src_42fff87e78ee;src_432ba7627149;src_45d579dddcc7;src_4867c43d87ac;src_4894f57f1e0d;src_48af8ece423c;src_4b09869d8f59;src_4d2af982e022;src_4e226bb1d5e0;src_4ece58d294e6;src_4f57168c8a61;src_50610cfb75e2;src_526fb353580e;src_533c262d36d8;src_534397905719;src_5432f36db989;src_54c8541a49b9;src_564dbf2b0b7b;src_58166fd764cc;src_5895a19e2275;src_5af8a4700c33;src_5b87e9a003f5;src_5ba9446f5ade;src_60a6cd80c5de;src_60fcad5eaf59;src_64810fc38756;src_64f52ae94b8e;src_6516c808d60b;src_692f3b741b24;src_6b6a3431c666;src_6b8ed8c853cc;src_6beaa5b745af;src_6e37149a3e76;src_71461211c7d2;src_722d73269a95;src_729431c61f4b;src_72e63fbbb92b;src_7300493c7fd1;src_7304bb751c4c;src_74c11e6f192d;src_7987bf888a1e;src_7ba2aefcdb1f;src_7e8c5df43048;src_7ff138bcccab;src_814bbb422235;src_867532b5b031;src_87ec9ed6d64f;src_88f7d0aec04e;src_89aa3aea0d3e;src_8c66bdabd602;src_8d7ad4dab8a3;src_8f44534f098d;src_8f60608fccdc;src_91ced24f2e96;src_926302821870;src_936f10781a02;src_96a7deb336de;src_97cce262d259;src_98f719dced96;src_9a7257ae1b31;src_9adb5f5e3832;src_9dd276267da2;src_a2c9d3bac2b4;src_a399d487b701;src_a3ccc4e39419;src_a46c4fea6fdb;src_a48c2c298d22;src_a66a981e9a0d;src_ac126b2eb8ff;src_ac764ad03507;src_af3d62b60ee6;src_b1ca61d09313;src_b2eb510e1015;src_b30f3a46d9de;src_b5193a49f80f;src_b5fa21a0069d;src_b6d96a177074;src_b717036bdff2;src_b737eeddc19b;src_ba1fbeaec487;src_bc52bc0d513d;src_c1b1c5d55de7;src_c1d294de8f4b;src_c57bfd32e89a;src_c5e7f534504f;src_c64723536af8;src_c6c9fe8d00ca;src_c72bffb14df2;src_c79b85f3a1bb;src_c90c9a180971;src_cca667697101;src_cd9d1d4dc41b;src_ce53fcca9859;src_ce65f42219d6;src_ce7979f711b0;src_ce81b5d116da;src_cf55a418092c;src_d16ae8fe4a03;src_d4031242fadc;src_d6bfd3c9e23e;src_d75bc1c20019;src_d87ad2691f42;src_d9e86a5dd044;src_dabc69505eb5;src_dc3a8d8f3f0a;src_dfe223d7f6af;src_e1ab36671867;src_e275c071d331;src_e77359a112b4;src_e818678be8c0;src_ea723e07821a;src_f1096d55bc87;src_f1f6ba1d1f97;src_f3a4a4ad2b15;src_f4fa56d49a32;src_f5e5dc0427d6;src_f668cdd75351;src_f80172d9a37f;src_f844561cb65f;src_f97f6ebc8fa0;src_fc4fe9e1037e;src_fe8cb323dd18;src_fe97db8a4888,asap,CC BY-NC-SA 4.0;mixed
exp_34f9b7a2e905,Wolfgang Amadeus Mozart,Classical,wrk_44c6308a4722,wrk_44c6308a4722,rec_4f179d3f0a07,sources/asap-dataset/Mozart/Piano_Sonatas/11-3/xml_score.musicxml,sources/asap-dataset/Mozart/Piano_Sonatas/11-3/xml_score.musicxml,data/derived/rendered_audio/fluidsynth-2.5.6-musescore-general-0.2-v1/rec_4f179d3f0a07.wav,,data/canonical/alignment_events.csv,,1,224,musicxml,cpc_canonical_beat,licensed_for_research,complete_movement,,true,true,ready,cmp_b563f0486b86,Piano Sonatas 11-3,scv_b5b51dca4677,prf_e14309dc3ec5,aln_ffee913a62d2,synthetic_rendering,beat,source_provided_beat_annotations,source_exact,1.00,src_04c85821a7cd;src_0f1beaa91df0;src_13602092ab4f;src_16da154e62d9;src_2867258a9aa3;src_4cca6fc5d250;src_70619c38b0d8;src_7728465e55bc;src_8b3a7075e93a;src_8d54a71fd391;src_98e80603d674;src_9bed02efccf6;src_9eabd6da6cf5;src_a80bc86a4c74;src_c20c3d32f25b;src_cc3a3a78aca1;src_e08fd50cad4f;src_f7587bf8c0ee,cpc-rendered,CC BY-NC-SA 4.0;MIT;derived audio; source MIDI terms apply; SoundFont MIT;mixed
exp_35a40c4741f7,Frédéric Chopin,Romantic,wrk_7e2d098d7b70,wrk_7e2d098d7b70,rec_01ea5a7e5a82,sources/asap-dataset/Chopin/Etudes_op_10/1/xml_score.musicxml,sources/asap-dataset/Chopin/Etudes_op_10/1/xml_score.musicxml,data/downloads/maestro-v2.0.0/2017/MIDI-Unprocessed_042_PIANO042_MID--AUDIO-split_07-06-17_Piano-e_1-02_wav--2.wav,,data/canonical/alignment_events.csv,,1,79,musicxml,cpc_canonical_beat,licensed_for_research,complete_movement,,true,true,ready,cmp_c4eac3f4866c,Etudes op 10 1,scv_f0ffe2714587,prf_2daac0ed12a6,aln_e0686e2cafea,source_recording,beat,source_provided_beat_annotations,source_exact,1.00,src_00a11a73c703;src_02042790b4b9;src_0239dcde9436;src_02b4c992480d;src_02de127b0723;src_0483bddcaf0e;src_0516bbe05f2c;src_05763da8a866;src_0576be99a45d;src_0640b02427c8;src_07e7a002201f;src_08d3337c1d4f;src_09e2daaadafe;src_0ae3e00773cd;src_0b9ff17ecaf0;src_0d44a60dfec9;src_0d64e41dfff3;src_0fb9298a6917;src_1070967f08b1;src_11f3de2bde0b;src_14146c567dd9;src_14850777b751;src_17811c2d7d59;src_19f094e12907;src_1a310a25a343;src_1a7b21d24b1e;src_1c10e262c483;src_1c5a71ef372c;src_1c6a8da5c43b;src_1ccd6f136c60;src_1d5655887d0a;src_1e268c00b0de;src_1e585244ccbe;src_20bf5d646f0c;src_21673dc541ba;src_2178270acaad;src_22a0386b30d6;src_23b668cbe3b1;src_24c82f29da65;src_24febe225615;src_272b23d24d70;src_292f4c4a9cb0;src_2c15204358d3;src_2ccaed3bbcec;src_2d1148e16885;src_2dab1a115838;src_2e355c28ea4c;src_2f0f7c24195c;src_2f22cab3dbf3;src_31856d42e4f9;src_34178768aa2b;src_34e98f1279d1;src_38e1816aec93;src_39bed2f8a107;src_3a20fabcb702;src_3da857abed9e;src_3e32907835de;src_3edc179e1fbd;src_3f42105789b6;src_3fe25cc6eb95;src_3fe8d4c94fdf;src_41ea47a6f741;src_4311589d954e;src_43369dbc95f1;src_43b088078568;src_465e5be8b2f3;src_46dc7d27d709;src_46e84d6d89d8;src_473902c3ad9b;src_47e7a3b90e1e;src_4926f3523f65;src_4a853d1f6d9e;src_4aca4e216321;src_4b02ec432339;src_4b6583fcf3a4;src_4b7519516553;src_4bb561e9f927;src_4d12965f9352;src_4d711c02c0c8;src_4eafd4642e04;src_4f0c5dda734d;src_4f76bed3e422;src_4fe97040362f;src_501888209aec;src_534d4aef4d8e;src_53aafe64d873;src_53dc645742b8;src_568c9083326e;src_56e5293105c0;src_597b03744f01;src_598ba01ea85c;src_5999893f3ec1;src_59a80d7ca6c7;src_5b0ccfaf2494;src_5e9ff38889c6;src_602f7b4c22cc;src_604eda41d763;src_615c1eb4c640;src_625665b305a4;src_6280910f125d;src_62d05f832a31;src_643a35cf6b99;src_65c54647e67c;src_665d76c81c26;src_668f73d79fa0;src_670956a4f3f4;src_6976e820ff92;src_6d1ec68e54dc;src_6f216d6d7b56;src_6f3144540c85;src_70243fe1fa5d;src_704aee9e6c38;src_711f1ac83f06;src_716ecc2fe49f;src_721eef35b477;src_72eaf8f746a9;src_7401e581c1cd;src_7447e06aa26e;src_7607ad5d4b8a;src_77599c9d7a1e;src_7d39d44087d3;src_7f7c65b48784;src_7fd2e0953617;src_834691804625;src_83c0a6c6aca9;src_8443c75ae8bc;src_8771089b3e1b;src_87a8e2b40c34;src_87f11cb0c3bb;src_881d729dfc52;src_8850438505bc;src_88a84ab2b0eb;src_8a28d04529e3;src_8cc71205a4d1;src_8d0049c9b504;src_8d341a7e7e2f;src_8d8132bcc129;src_90420f8b807f;src_9127f114ac04;src_91d8136ae223;src_922577564ec3;src_971292180b44;src_98fbedce93bb;src_9a411c6a3765;src_9aa30a9bdd95;src_9e6ef80718cc;src_9e85ee08512e;src_9f34185b4d12;src_9f4ecfc81982;src_a053be7ae8d5;src_a0a70bdff708;src_a24b106f7a08;src_a36b04d0adec;src_a42159968b2a;src_a491abd9601f;src_a4afd58af4d4;src_a71be20b0013;src_a75beaa762f0;src_a8d0a90d6fca;src_a9e4bbff3b19;src_a9ed1bab6e30;src_abe19c567812;src_ac33020a550f;src_af25c2808e1c;src_b0997cf57101;src_b2b324ebdad0;src_b2e8b6fb462d;src_b3029e43eba6;src_b3fac135c74e;src_b46a87871c12;src_b87b15248f1c;src_b8c8902f7753;src_b9f517c34e0a;src_bc150e23f863;src_bc81d5b4a84b;src_bf60fcd021fa;src_bfe8ce299479;src_bff641e3ddb1;src_bff7d7511576;src_c13fd203be7e;src_c1857c8ff81e;src_c2a9d866e89c;src_c45030d8864e;src_c5792d8dfd7b;src_c5b9418fdcbe;src_c5eaaa0b05ec;src_c641c521e744;src_c64ee1148759;src_c7a8ba021173;src_c865881c18b8;src_c93445ac3a6b;src_cc97d26f219e;src_cde3829ae23d;src_ce5a0b2166fd;src_cea4869f8b3d;src_d2a558862f15;src_d34e68b0ab0d;src_d465f6054df7;src_d6dcf879f383;src_d719bd2fbf75;src_d9f5aa679ddd;src_da16c9b8b51c;src_db0867f90d4d;src_dc860347f752;src_dcd6fa7c8fe0;src_dd776caeee53;src_ddf47c403ba9;src_de4bbcf41ea9;src_e06ed994b043;src_e18a8f7199bb;src_e2062c445adf;src_e38525fe1af9;src_e4cf10780527;src_e4ddd18a3167;src_e5d44828865b;src_e6571fd2259c;src_e697fffaeba3;src_eb1484e5e98f;src_eb1ecc767d94;src_ec9bbbaf5b68;src_ecc2669c1441;src_f1cd837b1a80;src_f218560cec8f;src_f23a6014bf16;src_f320cfb76525;src_f3769daa5aa7;src_f37f737b9e33;src_f3bc83e2a3a9;src_f53e11eefeb3;src_f586645db124;src_f6d40a8cfc6c;src_f7f2ca82edd3;src_f85f75d1f741;src_f8e0f4b06021;src_f97cebb07044;src_fbd91b0da9d4;src_fc411ef78bc3;src_fca33c043206;src_fed144a1a177;src_fee34fe2dd16,asap,CC BY-NC-SA 4.0;mixed
exp_362493417ea4,Frédéric Chopin,Romantic,wrk_606fee96925f,wrk_606fee96925f,rec_058bfbb21a9f,sources/asap-dataset/Chopin/Etudes_op_10/8/midi_score.mid,,data/downloads/maestro-v2.0.0/2011/MIDI-Unprocessed_04_R1_2011_MID--AUDIO_R1-D2_04_Track04_wav.wav,sources/asap-dataset/Chopin/Etudes_op_10/8/midi_score.mid,data/canonical/alignment_events.csv,,1,96,mid,cpc_canonical_beat,licensed_for_research,complete_movement,,true,true,ready,cmp_fe9c731c2d2e,Etudes op 10 8,scv_f0f703f3e9b9,prf_062fc32e92aa,aln_3e792b4dc08b,source_recording,beat,source_provided_beat_annotations,source_exact,1.00,src_00fb2ab1f099;src_02b7ae40da98;src_038c4a50ebfa;src_05d94747641a;src_072ef64e1663;src_085e3744b85d;src_089f94e75645;src_090082af5269;src_099dda31de0a;src_0b46c4fdda35;src_0bb7a0d0ce99;src_0bda4d1b489f;src_0c46d9e72591;src_0c8cdeb310b2;src_0df6a20b7416;src_0eef7d0d4c3e;src_0fe3629fa37b;src_10240904eb54;src_110ed238b9fe;src_11b576871983;src_1278647ae551;src_12d07b73b62f;src_138018434599;src_16cace67cbae;src_17f1725162ff;src_17f7fd7ad6a5;src_1828da8e6e09;src_182e3e29ca8e;src_183bbd01ff2c;src_1879919033b6;src_18d85268ba31;src_1be798941779;src_1c2e01c00e5e;src_1ce0325457b3;src_1d5967a7cc33;src_1f94413366e4;src_2049593e2719;src_216270244598;src_2197042a7721;src_235b3fc7f290;src_268d5b1f4c8c;src_28acd7791147;src_29812e6e0665;src_298c0dd9e190;src_2a3af8a60840;src_2ab70c5bc726;src_2c654890aa0c;src_2ccec1099c0a;src_2dcc0164e6c6;src_2ec1d1c52749;src_2fe77c3ee703;src_310c8946e093;src_3196bb3c22cd;src_31ceac59dd8a;src_31cecb90bb80;src_33a26205e123;src_3432824105f4;src_365516aad317;src_36dd5502594d;src_37ad9e2cc9fa;src_37b665b42cc3;src_37e312b46957;src_37ffc5e33f82;src_39265cdb4ffb;src_3aa9ca48d031;src_3ad21c47a6f5;src_3b5f415cc619;src_3d3ced5a9495;src_3f6c2f62d2da;src_441753383ab0;src_44ae43783277;src_44f53230b8df;src_44fbfe6b8a57;src_45f7160c4622;src_468e514fb98d;src_46f1aed7e95d;src_4a2a6e18ccd9;src_4b95644f95f3;src_4dba99b9caea;src_4e9f93e7d6b7;src_50b3f7848081;src_5144c02197a7;src_5169667dbe48;src_54da0eedec54;src_5540d8243860;src_5562a5b0d1af;src_58afec9d79f9;src_5ae1a930a2e3;src_5af9d3ded6a7;src_5bd2f6a05515;src_5bdfcbc128a2;src_5d3225323b5c;src_5d6ea3c0d41f;src_5fba218de0df;src_618f0b052897;src_618f5445c761;src_6474c1717933;src_66974f90b4cb;src_670e0fd3f309;src_67cab02b53b8;src_67f88a79e215;src_6b3da2e4154d;src_6c2e534d55a6;src_6c5eec5d077c;src_6df323b447d4;src_6f3ac011f3ba;src_708abc36ec1c;src_70946139805c;src_712e80a4912e;src_7226c7750c68;src_72475bd874f2;src_72668957b68c;src_75397e9b7c2d;src_758cf9b10aea;src_7645230df260;src_776fe98fd5c0;src_783f293d08ca;src_78e1b998f186;src_79dd36d9e241;src_7ace75a5b669;src_7c3e863462fd;src_7c6ed992a322;src_7d2902f1c449;src_7e67fd68c879;src_7e73baf5f983;src_7fca3cdcf74d;src_8161ddedf130;src_81896e947563;src_81eb9e0bcd25;src_821d22f222c6;src_82823d1aa8b3;src_8326f3673c5f;src_8603cd9e82a0;src_8631816ea650;src_8b8ba665556d;src_8c468ec2b465;src_8c58053492eb;src_8d63b87b11b4;src_8de8b1cac623;src_8f9f6c8e9578;src_914fc2161264;src_91af059a8182;src_924e77da85ce;src_925aadfa3878;src_92690bc54d1d;src_932eb5cee157;src_94153027dcfe;src_9751eefc3d18;src_97845f4c5e3a;src_983cfca2562c;src_99587d3d8423;src_99dd350b336f;src_9a94be92b38e;src_9adb3c6219a2;src_9b3dbbf781a3;src_9d6178dfbc9c;src_9f6fbb27a9b5;src_a1621a69a473;src_a27d1b64bd60;src_a584c6da4f16;src_a5bd7d7c4018;src_a5e1ad2eee2e;src_a7c819ad4c06;src_a800e70517cc;src_a835d5f69722;src_a98b9021d738;src_a9d1c560faf3;src_ac170020d68c;src_ac3ebc613a32;src_ae0c9a91cec6;src_aed303f82311;src_af5fe9a07505;src_b0a0a97d1d1a;src_b0b1d748bfd3;src_b1c8ce9ef83e;src_b2ac53a90fee;src_b33f556e5b8f;src_b35ed6446371;src_b3ca864103cf;src_b4e9ff3644d5;src_b5751dcf04ae;src_b603a774d99f;src_b6c3419e33df;src_b7ecd6999f12;src_b8c849717b40;src_b9f9d42e248f;src_ba2385ad8ae5;src_bf860b344422;src_c1915c1312bc;src_c1e2273a12b2;src_c1f0228fc509;src_c20416ad0e21;src_c243ae24d9e1;src_c27eebafcd6f;src_c37e4406d4c2;src_c46e81e83019;src_c5f9461232bc;src_c64eed48d007;src_c68548cacb36;src_c7dfdcd9c7a9;src_c84351594900;src_c8a00245560b;src_ca6c3fd7e6e9;src_cc1b212d6cfa;src_cd51bea977cc;src_cdfcc266d00b;src_ce38e8712eb4;src_cfcd724cf447;src_d105f75c9ad4;src_d1e165960c84;src_d7656efd4e64;src_d871d3889087;src_d959d1305423;src_d97d95a978d3;src_dc4defe14af3;src_dc7ddc962aaa;src_dd3688ce642d;src_dd6ec7547419;src_de537c075522;src_df808a66434f;src_dfb450f02894;src_e0449913f2be;src_e069271508b5;src_e12437d1d52a;src_e2f1be47d58f;src_e2f2981c9653;src_e388b2070915;src_e46b3344c145;src_e471e84ea415;src_e54f117eaca1;src_e5ed3f9a448a;src_e6021dfd43c3;src_ea710362b6a0;src_ec911df903b5;src_ece931201587;src_ed2fd6bdbf59;src_ef17f0b1d558;src_ef348b3b1e1b;src_ef3e3d245fdf;src_ef517a789d29;src_efc0b4491cb8;src_f06c135195de;src_f2fa37dc5ab6;src_f4192f8dba4b;src_f52cfd4d1398;src_f6a92ff2070a;src_f6cd7caffb33;src_f6f9a816a94b;src_face2fbc6a9e;src_fc40231c51e7;src_fcde41ded186;src_fd7695e78070;src_ff56764aedac;src_fff8413d4a07,asap,CC BY-NC-SA 4.0;mixed
exp_38f34f4b34f0,Frédéric Chopin,Romantic,wrk_2dba713813f1,wrk_2dba713813f1,rec_fd0b3bb5bab7,sources/asap-dataset/Chopin/Scherzos/31/midi_score.mid,,data/downloads/maestro-v2.0.0/2015/MIDI-Unprocessed_R1_D2-13-20_mid--AUDIO-from_mp3_16_R1_2015_wav--4.wav,sources/asap-dataset/Chopin/Scherzos/31/midi_score.mid,data/canonical/alignment_events.csv,,1,780,mid,cpc_canonical_beat,licensed_for_research,complete_movement,,true,true,ready,cmp_4fade9260416,Scherzos 31,scv_e60623ce59c0,prf_53fb42f2f30c,aln_e99fc0fd76c4,source_recording,beat,source_provided_beat_annotations,source_exact,1.00,src_006c839a80ea;src_03ec7fb9092f;src_08134f626795;src_08e670c23d34;src_0b72c15addfc;src_0bc1fe84af4a;src_0dd11732e425;src_0de8ac2c8599;src_0e645eceece1;src_10216435519e;src_12ab227cb34c;src_138362adddcc;src_14c2683c4513;src_14d189b77f6d;src_154ebb60d6f5;src_1790fe670e03;src_1a9b66ff8c11;src_1b9267d8f580;src_1df244266d31;src_2045dfef6313;src_2155a88bcac7;src_22f872c756fb;src_24b52b2550ed;src_257509ed30ce;src_2697395bb90b;src_2941af989b7a;src_2a41a71b037b;src_2bfe1367fa4c;src_2c721d5823c0;src_2e4cea999436;src_2f2baef5f837;src_306784351627;src_3720177a070c;src_381c1815b9fd;src_38cf01742654;src_3977569a818b;src_3aa959d83570;src_3c623434f0cb;src_3e2b714e90e2;src_3fed61a3c179;src_42fff87e78ee;src_432ba7627149;src_45d579dddcc7;src_4867c43d87ac;src_4894f57f1e0d;src_48af8ece423c;src_4b09869d8f59;src_4d2af982e022;src_4e226bb1d5e0;src_4ece58d294e6;src_4f57168c8a61;src_50610cfb75e2;src_526fb353580e;src_533c262d36d8;src_534397905719;src_5432f36db989;src_54c8541a49b9;src_564dbf2b0b7b;src_58166fd764cc;src_5895a19e2275;src_5af8a4700c33;src_5b87e9a003f5;src_5ba9446f5ade;src_60a6cd80c5de;src_60fcad5eaf59;src_64810fc38756;src_64f52ae94b8e;src_6516c808d60b;src_692f3b741b24;src_6b6a3431c666;src_6b8ed8c853cc;src_6beaa5b745af;src_6e37149a3e76;src_71461211c7d2;src_722d73269a95;src_729431c61f4b;src_72e63fbbb92b;src_7300493c7fd1;src_7304bb751c4c;src_74c11e6f192d;src_7987bf888a1e;src_7ba2aefcdb1f;src_7e8c5df43048;src_7ff138bcccab;src_814bbb422235;src_867532b5b031;src_87ec9ed6d64f;src_88f7d0aec04e;src_89aa3aea0d3e;src_8c66bdabd602;src_8d7ad4dab8a3;src_8f44534f098d;src_8f60608fccdc;src_91ced24f2e96;src_926302821870;src_936f10781a02;src_96a7deb336de;src_97cce262d259;src_98f719dced96;src_9a7257ae1b31;src_9adb5f5e3832;src_9dd276267da2;src_a2c9d3bac2b4;src_a399d487b701;src_a3ccc4e39419;src_a46c4fea6fdb;src_a48c2c298d22;src_a66a981e9a0d;src_ac126b2eb8ff;src_ac764ad03507;src_af3d62b60ee6;src_b1ca61d09313;src_b2eb510e1015;src_b30f3a46d9de;src_b5193a49f80f;src_b5fa21a0069d;src_b6d96a177074;src_b717036bdff2;src_b737eeddc19b;src_ba1fbeaec487;src_bc52bc0d513d;src_c1b1c5d55de7;src_c1d294de8f4b;src_c57bfd32e89a;src_c5e7f534504f;src_c64723536af8;src_c6c9fe8d00ca;src_c72bffb14df2;src_c79b85f3a1bb;src_c90c9a180971;src_cca667697101;src_cd9d1d4dc41b;src_ce53fcca9859;src_ce65f42219d6;src_ce7979f711b0;src_ce81b5d116da;src_cf55a418092c;src_d16ae8fe4a03;src_d4031242fadc;src_d6bfd3c9e23e;src_d75bc1c20019;src_d87ad2691f42;src_d9e86a5dd044;src_dabc69505eb5;src_dc3a8d8f3f0a;src_dfe223d7f6af;src_e1ab36671867;src_e275c071d331;src_e77359a112b4;src_e818678be8c0;src_ea723e07821a;src_f1096d55bc87;src_f1f6ba1d1f97;src_f3a4a4ad2b15;src_f4fa56d49a32;src_f5e5dc0427d6;src_f668cdd75351;src_f80172d9a37f;src_f844561cb65f;src_f97f6ebc8fa0;src_fc4fe9e1037e;src_fe8cb323dd18;src_fe97db8a4888,asap,CC BY-NC-SA 4.0;mixed
exp_3b2eb6394940,Frédéric Chopin,Romantic,wrk_2dba713813f1,wrk_2dba713813f1,rec_c1e1ac6c77fb,sources/asap-dataset/Chopin/Scherzos/31/midi_score.mid,,data/downloads/maestro-v2.0.0/2009/MIDI-Unprocessed_06_R1_2009_03-07_ORIG_MID--AUDIO_06_R1_2009_06_R1_2009_07_WAV.wav,sources/asap-dataset/Chopin/Scherzos/31/midi_score.mid,data/canonical/alignment_events.csv,,1,780,mid,cpc_canonical_beat,licensed_for_research,complete_movement,,true,true,ready,cmp_4fade9260416,Scherzos 31,scv_e60623ce59c0,prf_bd3fc1d81ffd,aln_c8e4c745b76d,source_recording,beat,source_provided_beat_annotations,source_exact,1.00,src_006c839a80ea;src_03ec7fb9092f;src_08134f626795;src_08e670c23d34;src_0b72c15addfc;src_0bc1fe84af4a;src_0dd11732e425;src_0de8ac2c8599;src_0e645eceece1;src_10216435519e;src_12ab227cb34c;src_138362adddcc;src_14c2683c4513;src_14d189b77f6d;src_154ebb60d6f5;src_1790fe670e03;src_1a9b66ff8c11;src_1b9267d8f580;src_1df244266d31;src_2045dfef6313;src_2155a88bcac7;src_22f872c756fb;src_24b52b2550ed;src_257509ed30ce;src_2697395bb90b;src_2941af989b7a;src_2a41a71b037b;src_2bfe1367fa4c;src_2c721d5823c0;src_2e4cea999436;src_2f2baef5f837;src_306784351627;src_3720177a070c;src_381c1815b9fd;src_38cf01742654;src_3977569a818b;src_3aa959d83570;src_3c623434f0cb;src_3e2b714e90e2;src_3fed61a3c179;src_42fff87e78ee;src_432ba7627149;src_45d579dddcc7;src_4867c43d87ac;src_4894f57f1e0d;src_48af8ece423c;src_4b09869d8f59;src_4d2af982e022;src_4e226bb1d5e0;src_4ece58d294e6;src_4f57168c8a61;src_50610cfb75e2;src_526fb353580e;src_533c262d36d8;src_534397905719;src_5432f36db989;src_54c8541a49b9;src_564dbf2b0b7b;src_58166fd764cc;src_5895a19e2275;src_5af8a4700c33;src_5b87e9a003f5;src_5ba9446f5ade;src_60a6cd80c5de;src_60fcad5eaf59;src_64810fc38756;src_64f52ae94b8e;src_6516c808d60b;src_692f3b741b24;src_6b6a3431c666;src_6b8ed8c853cc;src_6beaa5b745af;src_6e37149a3e76;src_71461211c7d2;src_722d73269a95;src_729431c61f4b;src_72e63fbbb92b;src_7300493c7fd1;src_7304bb751c4c;src_74c11e6f192d;src_7987bf888a1e;src_7ba2aefcdb1f;src_7e8c5df43048;src_7ff138bcccab;src_814bbb422235;src_867532b5b031;src_87ec9ed6d64f;src_88f7d0aec04e;src_89aa3aea0d3e;src_8c66bdabd602;src_8d7ad4dab8a3;src_8f44534f098d;src_8f60608fccdc;src_91ced24f2e96;src_926302821870;src_936f10781a02;src_96a7deb336de;src_97cce262d259;src_98f719dced96;src_9a7257ae1b31;src_9adb5f5e3832;src_9dd276267da2;src_a2c9d3bac2b4;src_a399d487b701;src_a3ccc4e39419;src_a46c4fea6fdb;src_a48c2c298d22;src_a66a981e9a0d;src_ac126b2eb8ff;src_ac764ad03507;src_af3d62b60ee6;src_b1ca61d09313;src_b2eb510e1015;src_b30f3a46d9de;src_b5193a49f80f;src_b5fa21a0069d;src_b6d96a177074;src_b717036bdff2;src_b737eeddc19b;src_ba1fbeaec487;src_bc52bc0d513d;src_c1b1c5d55de7;src_c1d294de8f4b;src_c57bfd32e89a;src_c5e7f534504f;src_c64723536af8;src_c6c9fe8d00ca;src_c72bffb14df2;src_c79b85f3a1bb;src_c90c9a180971;src_cca667697101;src_cd9d1d4dc41b;src_ce53fcca9859;src_ce65f42219d6;src_ce7979f711b0;src_ce81b5d116da;src_cf55a418092c;src_d16ae8fe4a03;src_d4031242fadc;src_d6bfd3c9e23e;src_d75bc1c20019;src_d87ad2691f42;src_d9e86a5dd044;src_dabc69505eb5;src_dc3a8d8f3f0a;src_dfe223d7f6af;src_e1ab36671867;src_e275c071d331;src_e77359a112b4;src_e818678be8c0;src_ea723e07821a;src_f1096d55bc87;src_f1f6ba1d1f97;src_f3a4a4ad2b15;src_f4fa56d49a32;src_f5e5dc0427d6;src_f668cdd75351;src_f80172d9a37f;src_f844561cb65f;src_f97f6ebc8fa0;src_fc4fe9e1037e;src_fe8cb323dd18;src_fe97db8a4888,asap,CC BY-NC-SA 4.0;mixed
exp_3b523ef0728a,Frédéric Chopin,Romantic,wrk_3136cdcc08a9,wrk_3136cdcc08a9,rec_8028dc8dc15d,sources/asap-dataset/Chopin/Etudes_op_25/11/xml_score.musicxml,sources/asap-dataset/Chopin/Etudes_op_25/11/xml_score.musicxml,data/downloads/maestro-v2.0.0/2015/MIDI-Unprocessed_R1_D1-1-8_mid--AUDIO-from_mp3_08_R1_2015_wav--3.wav,,data/canonical/alignment_events.csv,,1,96,musicxml,cpc_canonical_beat,licensed_for_research,complete_movement,,true,true,ready,cmp_3b04980a56a1,Etudes op 25 11,scv_4dd8e1445616,prf_cc8a45ffb4f8,aln_f256aa1a55af,source_recording,beat,source_provided_beat_annotations,source_exact,1.00,src_0117edcf7362;src_0136c1fc476c;src_0174bdd637ea;src_01d2d376024e;src_03e7e4ecb0a7;src_04587b1998e4;src_04fb79339c33;src_057a426dd4d4;src_07be52ffdcfe;src_0803943b3b3b;src_0806767f52f2;src_0920d4fe4470;src_094c75666776;src_0a3bff604a5c;src_0b36fdbcc466;src_0be8ca736ecc;src_0c80474f6340;src_0c8bdd2124d1;src_0dcabd241fca;src_106e21fd811d;src_11ebd0112548;src_126f62246251;src_13b1bed47ec4;src_14ff767619ee;src_1525bcffcd41;src_1582f4b14a05;src_16db32b54405;src_1769febb050f;src_19ab7c6167c3;src_19b5ba739939;src_21954ebae089;src_2458321ebec6;src_24a6d0cd8aed;src_26499ebc67b4;src_274681bb9c12;src_27b2379f852c;src_2935bc5fb364;src_2b0e1ee99aa4;src_2beaa5f535ca;src_2cce741d8671;src_2cd602fc6748;src_2d164cbff494;src_2d945b98ca49;src_2da9197279ac;src_2e15a7b09fb5;src_2f49e2f4136a;src_2f4b60611760;src_2f8a3df83c1f;src_318802864317;src_31dcbefce4fb;src_321e2860ab50;src_3220a158300d;src_353c77180563;src_373d3b650494;src_375f3da80810;src_39c2f1d7bf3b;src_39ed922358d7;src_3a952b5a238d;src_3abd858d0d68;src_3cfc6471112e;src_3d46483ea6df;src_3dd5ccfd9477;src_3e6092e00d33;src_3f5f3a2d592c;src_40f5621ce26d;src_41c7ac49f630;src_423d0b4cfdbe;src_43b47854ee7c;src_4436c2b4dac5;src_45260e1c135d;src_45afb7ca80d0;src_463c0ff905d7;src_46b6d5de73f6;src_4850ae7c56de;src_4c30dfe39ad3;src_4cecad55461a;src_5086b93d5214;src_50afc7cda832;src_52bb46d08183;src_52ef63b9f1bb;src_533ad3127f7c;src_53a195ef4046;src_56d132ce58d3;src_58254be8e5ae;src_595958dec0e1;src_5a20b4a7b97f;src_5a5702c9e89d;src_5e01c8363288;src_60aa47ce634c;src_621b71d1fd9d;src_63f6a761aad0;src_652c6aa81ed7;src_65b701a2cae8;src_673a6413ec36;src_6744f16a71ed;src_683fccb28962;src_692498282257;src_6aedd6f10cfc;src_6b45797cc007;src_6c7bc24b7702;src_6cb427b03049;src_6d29d4ad90de;src_6dea3bee3223;src_6e36c276a1b7;src_6e7cee7ae3a0;src_6f65f55badf9;src_71770e5a1aae;src_7455ea41c307;src_74f011ea90bf;src_766469d13bfd;src_77ca3bc933c6;src_782d6abfc8c8;src_7951c5a7eb1a;src_7a1dadc74566;src_7a30f9480c15;src_7af50434b314;src_7da6dc447b36;src_82d013d5e6ec;src_8353646bf2a0;src_8485cdaa07aa;src_84ed6e943737;src_85efd12f584c;src_875e275b64da;src_87ab6908249a;src_8ad4dae4a85b;src_8af2330e4111;src_8bc8f1717924;src_8c2d548e15b3;src_8cdcb23a73e1;src_8fef7a0f0b46;src_918d7b94cee1;src_9b8d2aa77504;src_9bd9da517a15;src_9cb1f820601b;src_9cccac6223d3;src_9e5a0d66da54;src_9ef884b5d84d;src_9f5106d47a7e;src_9f803c1811af;src_a0824343c997;src_a09f90c3ef3a;src_a12c5bff9890;src_a19ff25bcb0c;src_a1f9e19bca1c;src_a2083e2c81d4;src_a35e5fb86f1e;src_a38ad2e4e126;src_a3e61eb1108e;src_a545fd5303a5;src_a696301d41f5;src_a7518195a372;src_a80bf1641e8b;src_aae18ddc3729;src_ab3ed3c687bd;src_acb38f564446;src_aced10221359;src_adc51af75412;src_add87d9a2093;src_aecd63d457de;src_b04772495b8a;src_b26feb86f3a9;src_b29a08f7e9af;src_b311e511d237;src_b472bc184e4f;src_b53d903b786b;src_b5d02c45165f;src_b7410ef3d87e;src_b747105d40c2;src_b8718bc55aa0;src_bb34ad7a2868;src_bb560c20753a;src_bc2998f8de8b;src_bcc77f065070;src_bd405180a519;src_bd97cb08b13c;src_be01bd3d8765;src_be0624a95038;src_be5c11b1c40b;src_be5c638c15cd;src_bef9e8f0edf1;src_bfe97ad735e9;src_c0e9ae117fee;src_c18ec6c7ba45;src_c1e6dd0fd3e3;src_c2a907e62f16;src_c5610e545c12;src_c6a7fac7ae82;src_c7a07f605567;src_c8bb23f005a7;src_c8bee3c9e499;src_caa9d9f3f28b;src_cb2868f3eb9f;src_cb328b9c03cb;src_cc7ccfc61bd9;src_ccc65133d3a1;src_ccdb8dde4556;src_cdd8d55aac66;src_cf23b584aadb;src_d245f909d51a;src_d2ae65f95227;src_d2d14e3e8b2c;src_d4bd5ca72db7;src_d51fa4269685;src_d665b6bc0e51;src_d73ef2187834;src_d85b4be52384;src_d889f4e579a7;src_d8988b1b4eef;src_da9552686d99;src_dbcc49d93dcc;src_dc522d37b09c;src_dd32d0cba4a5;src_de7068cb0ee7;src_dfe4b4121a7d;src_e0084c9b5616;src_e107fc10a5c1;src_e13033d1616d;src_e182a5717a16;src_e21350a1bfef;src_e2f2fd4e551e;src_e3f780124e0f;src_e552a31bedb4;src_e56b1d8491e1;src_e5ae8e3dbb79;src_e83c5dcab9cf;src_e88822e93183;src_e8e5d8c1dd73;src_ea6e7f7b27ec;src_ed35153a90bf;src_ed9260d6d4bf;src_ee8affbbc3f8;src_f09c30169433;src_f1609effc52b;src_f1eccc9dd6e5;src_f34315aa2f0b;src_f3cffe1d2613;src_f52197d4928b;src_f5cba0cbd728;src_f5e5a32fd4cb;src_f67cc92b46e1;src_f6b41a721145;src_f7ac0eea2804;src_f82c40750f49;src_fa7f479ff016;src_faaff46a7c07;src_ff463af8b69b;src_ff49a8cff247,asap,CC BY-NC-SA 4.0;mixed
exp_3ce6e7e494df,Wolfgang Amadeus Mozart,Classical,wrk_1fb5dbb2a0c6,wrk_1fb5dbb2a0c6,rec_264caf3538cd,sources/ACPAS-dataset/subset_S/Mozart/370_CPM_Sonata_No.10_C_major_KV_330_3/S_1502_CPM.mid,,data/derived/rendered_audio/fluidsynth-2.5.6-musescore-general-0.2-v1/rec_264caf3538cd.wav,sources/ACPAS-dataset/subset_S/Mozart/370_CPM_Sonata_No.10_C_major_KV_330_3/S_1502_CPM.mid,data/canonical/alignment_events.csv,,1,342,mid,cpc_canonical_beat,licensed_for_research,complete_movement,,true,true,ready,cmp_855aaa624914,Sonata No.10 C major KV 330 3,scv_63ef01418fd6,prf_bad6e2b7408b,aln_8a90fe0edd92,synthetic_rendering,beat,source_provided_beat_annotations,source_exact,1.00,src_44709eaf43f3;src_4f281617aa3b;src_521e5ee144c4;src_98e80603d674;src_a80bc86a4c74;src_b47a9f4c9fc1;src_bd0e56076107,cpc-rendered,MIT;derived audio; source MIDI terms apply; SoundFont MIT;mixed
exp_3dc7eed40b57,Frédéric Chopin,Romantic,wrk_bdf78d664563,wrk_bdf78d664563,rec_1196b97546a6,sources/asap-dataset/Chopin/Etudes_op_10/12/xml_score.musicxml,sources/asap-dataset/Chopin/Etudes_op_10/12/xml_score.musicxml,data/downloads/maestro-v2.0.0/2015/MIDI-Unprocessed_R1_D1-1-8_mid--AUDIO-from_mp3_05_R1_2015_wav--4.wav,,data/canonical/alignment_events.csv,,1,84,musicxml,cpc_canonical_beat,licensed_for_research,complete_movement,,true,true,ready,cmp_d624aa5c7714,Etudes op 10 12,scv_57fa1eec1775,prf_5e837ba5baaf,aln_3a0c789174ca,source_recording,beat,source_provided_beat_annotations,source_exact,1.00,src_025ca45f4837;src_09330b718bb5;src_0ac1302514ab;src_0beea7223698;src_102d3cffe6b4;src_10cdb4182ea9;src_121168e9de36;src_17e1a8866d36;src_196307bb17c4;src_1ceca4c1fdfb;src_22d93ec87d7e;src_230cf7194460;src_233904f1a2b4;src_24853b85e642;src_2584ee34c30d;src_26656373199d;src_2829315b85ab;src_2aa9708e0b6f;src_2c10a16a6a26;src_2ffd90aa55b5;src_33f0c9a5707a;src_35ec89d554d8;src_3b479793faaa;src_3c0452356ac4;src_3ddc89e8eb69;src_3e55e368dd2c;src_3f5525c86fdb;src_40a6205ecb4e;src_43d4821142c5;src_45503929b276;src_488ad49bbcf0;src_4e3a11ea4790;src_4e831569d04f;src_4f8de5962ad9;src_501cf012f307;src_50fd786ceba2;src_5195acc76e42;src_52908a6c265b;src_56371839f102;src_5929dcdcaf75;src_5af892f30cf5;src_5dc9a9f72e95;src_5dd2496b17d6;src_60a386f43fc8;src_60ee5c4c40a3;src_61d9537bf65a;src_640f73ee87d0;src_653d6a1a8d43;src_670905bb3c9a;src_6746eda26497;src_67986f03abec;src_699335456eef;src_6a832a44dfdc;src_6b2ba84d1e2e;src_6c64c85b0f08;src_707c887c03f5;src_727fee9e6aef;src_73f33784723b;src_7545a4930548;src_778582778e85;src_77eee26032b0;src_7951d60a2ef3;src_7cace7444a30;src_81d7322fbfa4;src_839d401e4c92;src_8628c91c55a7;src_8b2b9ee85542;src_8b83af2bd243;src_8c5e1588cf88;src_8dbc53219be2;src_8ea59fb40015;src_8ed8229e0023;src_90308721f5d5;src_9096cec9702d;src_916e16ddf82c;src_91f0352890bb;src_9259e7392c2f;src_927692773cab;src_938b9594f729;src_9451b49c7a49;src_9473103d8b07;src_96e2c3731861;src_97d2d2baf438;src_99f0af18f589;src_9b150d5a2546;src_9bb6d4eb057c;src_9d1e7c415a12;src_9fb10961dfc0;src_9fe8b0d513bd;src_a32e808e0756;src_a49245aea0a7;src_a7c1d7f124db;src_a99e586c6b1b;src_ab3aa177f548;src_ab5cfdb6a629;src_abe5e7e57e8d;src_ae5a4c41298f;src_ae689094418c;src_affbdbbe7bdf;src_b00de68aaf39;src_b1a166f00c42;src_b37db44643e0;src_b50576015ea1;src_b537f323bee3;src_b5948947b177;src_b92cd470d9a0;src_bce147a78858;src_bee7a693deb3;src_bef7dcfc1cfc;src_c0e97cf12c28;src_caa8a530dbe7;src_cadd721a704b;src_cb0b692cef51;src_cd24dcc8083d;src_ce8f4320ce18;src_d0d3a5670738;src_d17944eb6547;src_d280f6b3c6ba;src_d429ebe1e91b;src_d529d285b575;src_d9accd3c3edb;src_ddfad62f0de1;src_e0a1f568b1e8;src_e0fa3545effa;src_e5657a7a9270;src_e5c84285cf8c;src_f56c086aaf9c;src_f5d82801eaa4;src_f5e872d524b8;src_f6fbadc689ab;src_fb425608c80d;src_fc16f7d83678;src_fc5d62f2c9fa;src_feffd462dd94;src_ffb037316749,asap,CC BY-NC-SA 4.0;mixed
exp_40b39cc0fdc0,Wolfgang Amadeus Mozart,Classical,wrk_73de062f35d4,wrk_73de062f35d4,rec_6bb8637586b5,sources/ACPAS-dataset/subset_S/Mozart/378_CPM_Sonata_No.13_Bb_major_KV_333_2/S_152_A_MAPS_mz_333_2_StbgTGd2.mid,,data/derived/rendered_audio/fluidsynth-2.5.6-musescore-general-0.2-v1/rec_6bb8637586b5.wav,sources/ACPAS-dataset/subset_S/Mozart/378_CPM_Sonata_No.13_Bb_major_KV_333_2/S_152_A_MAPS_mz_333_2_StbgTGd2.mid,data/canonical/alignment_events.csv,,1,164,mid,cpc_canonical_beat,licensed_for_research,complete_movement,,true,true,ready,cmp_0054edb621f3,Sonata No.13 Bb major KV 333 2,scv_5e58077ac1b9,prf_cc4140ab81df,aln_a879c59bccf9,synthetic_rendering,beat,source_provided_beat_annotations,source_exact,1.00,src_09ddae2f4214;src_0dd84cbd9470;src_23293e7b2772;src_26569807521e;src_373f19153118;src_59a002431968;src_68ef5b1f10a1;src_7146a6dc3dc9;src_8f56db2f60be;src_96cc09019a17;src_97388f0a409c;src_97755e45af75;src_98e80603d674;src_9df9ce16b33a;src_a5fc5a02e081;src_a80bc86a4c74;src_b89eec102a12;src_b90d70844fe1;src_c946c8405561;src_cd938bbe80d0;src_d6c71f0b4dba;src_d89e69abbceb;src_e11796bfecb0;src_f611bc3f7b9b;src_fe2f891c9f6b,cpc-rendered,MIT;derived audio; source MIDI terms apply; SoundFont MIT;mixed
exp_4140bb4943c8,Frédéric Chopin,Romantic,wrk_3136cdcc08a9,wrk_3136cdcc08a9,rec_49931b7cd9e0,sources/asap-dataset/Chopin/Etudes_op_25/11/xml_score.musicxml,sources/asap-dataset/Chopin/Etudes_op_25/11/xml_score.musicxml,data/downloads/maestro-v2.0.0/2013/ORIG-MIDI_02_7_8_13_Group__MID--AUDIO_08_R2_2013_wav--2.wav,,data/canonical/alignment_events.csv,,1,96,musicxml,cpc_canonical_beat,licensed_for_research,complete_movement,,true,true,ready,cmp_3b04980a56a1,Etudes op 25 11,scv_4dd8e1445616,prf_5db629e97574,aln_fc43d1d5294e,source_recording,beat,source_provided_beat_annotations,source_exact,1.00,src_0117edcf7362;src_0136c1fc476c;src_0174bdd637ea;src_01d2d376024e;src_03e7e4ecb0a7;src_04587b1998e4;src_04fb79339c33;src_057a426dd4d4;src_07be52ffdcfe;src_0803943b3b3b;src_0806767f52f2;src_0920d4fe4470;src_094c75666776;src_0a3bff604a5c;src_0b36fdbcc466;src_0be8ca736ecc;src_0c80474f6340;src_0c8bdd2124d1;src_0dcabd241fca;src_106e21fd811d;src_11ebd0112548;src_126f62246251;src_13b1bed47ec4;src_14ff767619ee;src_1525bcffcd41;src_1582f4b14a05;src_16db32b54405;src_1769febb050f;src_19ab7c6167c3;src_19b5ba739939;src_21954ebae089;src_2458321ebec6;src_24a6d0cd8aed;src_26499ebc67b4;src_274681bb9c12;src_27b2379f852c;src_2935bc5fb364;src_2b0e1ee99aa4;src_2beaa5f535ca;src_2cce741d8671;src_2cd602fc6748;src_2d164cbff494;src_2d945b98ca49;src_2da9197279ac;src_2e15a7b09fb5;src_2f49e2f4136a;src_2f4b60611760;src_2f8a3df83c1f;src_318802864317;src_31dcbefce4fb;src_321e2860ab50;src_3220a158300d;src_353c77180563;src_373d3b650494;src_375f3da80810;src_39c2f1d7bf3b;src_39ed922358d7;src_3a952b5a238d;src_3abd858d0d68;src_3cfc6471112e;src_3d46483ea6df;src_3dd5ccfd9477;src_3e6092e00d33;src_3f5f3a2d592c;src_40f5621ce26d;src_41c7ac49f630;src_423d0b4cfdbe;src_43b47854ee7c;src_4436c2b4dac5;src_45260e1c135d;src_45afb7ca80d0;src_463c0ff905d7;src_46b6d5de73f6;src_4850ae7c56de;src_4c30dfe39ad3;src_4cecad55461a;src_5086b93d5214;src_50afc7cda832;src_52bb46d08183;src_52ef63b9f1bb;src_533ad3127f7c;src_53a195ef4046;src_56d132ce58d3;src_58254be8e5ae;src_595958dec0e1;src_5a20b4a7b97f;src_5a5702c9e89d;src_5e01c8363288;src_60aa47ce634c;src_621b71d1fd9d;src_63f6a761aad0;src_652c6aa81ed7;src_65b701a2cae8;src_673a6413ec36;src_6744f16a71ed;src_683fccb28962;src_692498282257;src_6aedd6f10cfc;src_6b45797cc007;src_6c7bc24b7702;src_6cb427b03049;src_6d29d4ad90de;src_6dea3bee3223;src_6e36c276a1b7;src_6e7cee7ae3a0;src_6f65f55badf9;src_71770e5a1aae;src_7455ea41c307;src_74f011ea90bf;src_766469d13bfd;src_77ca3bc933c6;src_782d6abfc8c8;src_7951c5a7eb1a;src_7a1dadc74566;src_7a30f9480c15;src_7af50434b314;src_7da6dc447b36;src_82d013d5e6ec;src_8353646bf2a0;src_8485cdaa07aa;src_84ed6e943737;src_85efd12f584c;src_875e275b64da;src_87ab6908249a;src_8ad4dae4a85b;src_8af2330e4111;src_8bc8f1717924;src_8c2d548e15b3;src_8cdcb23a73e1;src_8fef7a0f0b46;src_918d7b94cee1;src_9b8d2aa77504;src_9bd9da517a15;src_9cb1f820601b;src_9cccac6223d3;src_9e5a0d66da54;src_9ef884b5d84d;src_9f5106d47a7e;src_9f803c1811af;src_a0824343c997;src_a09f90c3ef3a;src_a12c5bff9890;src_a19ff25bcb0c;src_a1f9e19bca1c;src_a2083e2c81d4;src_a35e5fb86f1e;src_a38ad2e4e126;src_a3e61eb1108e;src_a545fd5303a5;src_a696301d41f5;src_a7518195a372;src_a80bf1641e8b;src_aae18ddc3729;src_ab3ed3c687bd;src_acb38f564446;src_aced10221359;src_adc51af75412;src_add87d9a2093;src_aecd63d457de;src_b04772495b8a;src_b26feb86f3a9;src_b29a08f7e9af;src_b311e511d237;src_b472bc184e4f;src_b53d903b786b;src_b5d02c45165f;src_b7410ef3d87e;src_b747105d40c2;src_b8718bc55aa0;src_bb34ad7a2868;src_bb560c20753a;src_bc2998f8de8b;src_bcc77f065070;src_bd405180a519;src_bd97cb08b13c;src_be01bd3d8765;src_be0624a95038;src_be5c11b1c40b;src_be5c638c15cd;src_bef9e8f0edf1;src_bfe97ad735e9;src_c0e9ae117fee;src_c18ec6c7ba45;src_c1e6dd0fd3e3;src_c2a907e62f16;src_c5610e545c12;src_c6a7fac7ae82;src_c7a07f605567;src_c8bb23f005a7;src_c8bee3c9e499;src_caa9d9f3f28b;src_cb2868f3eb9f;src_cb328b9c03cb;src_cc7ccfc61bd9;src_ccc65133d3a1;src_ccdb8dde4556;src_cdd8d55aac66;src_cf23b584aadb;src_d245f909d51a;src_d2ae65f95227;src_d2d14e3e8b2c;src_d4bd5ca72db7;src_d51fa4269685;src_d665b6bc0e51;src_d73ef2187834;src_d85b4be52384;src_d889f4e579a7;src_d8988b1b4eef;src_da9552686d99;src_dbcc49d93dcc;src_dc522d37b09c;src_dd32d0cba4a5;src_de7068cb0ee7;src_dfe4b4121a7d;src_e0084c9b5616;src_e107fc10a5c1;src_e13033d1616d;src_e182a5717a16;src_e21350a1bfef;src_e2f2fd4e551e;src_e3f780124e0f;src_e552a31bedb4;src_e56b1d8491e1;src_e5ae8e3dbb79;src_e83c5dcab9cf;src_e88822e93183;src_e8e5d8c1dd73;src_ea6e7f7b27ec;src_ed35153a90bf;src_ed9260d6d4bf;src_ee8affbbc3f8;src_f09c30169433;src_f1609effc52b;src_f1eccc9dd6e5;src_f34315aa2f0b;src_f3cffe1d2613;src_f52197d4928b;src_f5cba0cbd728;src_f5e5a32fd4cb;src_f67cc92b46e1;src_f6b41a721145;src_f7ac0eea2804;src_f82c40750f49;src_fa7f479ff016;src_faaff46a7c07;src_ff463af8b69b;src_ff49a8cff247,asap,CC BY-NC-SA 4.0;mixed
exp_44c3ce566ab5,Wolfgang Amadeus Mozart,Classical,wrk_beabd58e0efb,wrk_beabd58e0efb,rec_a48b49cd9c37,sources/ACPAS-dataset/subset_R/Mozart/382_CPM_Sonata_No.16_C_major_Sonata_facile_KV_545_3/R_36_A_MAPS_mz_545_3_ENSTDkCl.mid,,data/derived/rendered_audio/fluidsynth-2.5.6-musescore-general-0.2-v1/rec_a48b49cd9c37.wav,sources/ACPAS-dataset/subset_R/Mozart/382_CPM_Sonata_No.16_C_major_Sonata_facile_KV_545_3/R_36_A_MAPS_mz_545_3_ENSTDkCl.mid,data/canonical/alignment_events.csv,,1,82,mid,cpc_canonical_beat,licensed_for_research,complete_movement,,true,true,ready,cmp_34a3a2c7440d,Sonata No.16 C major Sonata facile KV 545 3,scv_53abf1e9c98c,prf_f84256bcc389,aln_badca2a6b56a,synthetic_rendering,beat,source_provided_beat_annotations,source_exact,1.00,src_1296d2e72d58;src_20196613a30c;src_25f4acb9656a;src_292b5951b9bc;src_369598de2f45;src_67c02af59ac2;src_98e80603d674;src_9ca9529635f7;src_a404af70a29a;src_a559d55f2286;src_a80bc86a4c74;src_b28fe7ed5c15;src_baa8a946b765;src_c4f1107b21f9;src_d9ab206b4d58;src_ed02e3074612;src_efdc2c66a97b;src_f95e843361ac;src_ff80a0557f41,cpc-rendered,MIT;derived audio; source MIDI terms apply; SoundFont MIT;mixed
exp_49bf5f91418e,Frédéric Chopin,Romantic,wrk_d063227c64a5,wrk_d063227c64a5,rec_2b27573fbf12,sources/asap-dataset/Chopin/Ballades/3/xml_score.musicxml,sources/asap-dataset/Chopin/Ballades/3/xml_score.musicxml,data/downloads/maestro-v2.0.0/2008/MIDI-Unprocessed_07_R2_2008_01-05_ORIG_MID--AUDIO_07_R2_2008_wav--4.wav,,data/canonical/alignment_events.csv,,1,241,musicxml,cpc_canonical_beat,licensed_for_research,complete_movement,,true,true,ready,cmp_b5bd959b8877,Ballades 3,scv_7153facf1f55,prf_30989ede79b8,aln_a82aeeb9b4f5,source_recording,beat,source_provided_beat_annotations,source_exact,1.00,src_065e9c56695a;src_1073689150e2;src_10d56ec3bc77;src_133055bf6364;src_158a63df500f;src_19437e73bc32;src_2820a9213631;src_2af943d8837a;src_2ce1cdf6e396;src_31266a63460d;src_387412a91a30;src_3c9ad4284eb4;src_444e0e63f6d1;src_4496d91d2eea;src_5a8514cc59b9;src_5bb8f0ce01fa;src_5c66f8907bbd;src_605e420b0472;src_628d385e38b6;src_644ea73b7272;src_6dd7b2a3e7b6;src_765b41b69c48;src_7863d53eea0e;src_81d9326f4766;src_83fdb84b632e;src_88c1bd88ff60;src_8a699858304f;src_93ae853c0f59;src_959620c7ba78;src_9b150d9ad572;src_9b7a7e350374;src_9ed68bc6a75a;src_a838f44c921f;src_aa162072bd45;src_ac119bb5cc60;src_ac3c1d03590a;src_bb3b525a2595;src_c13304585863;src_c733c042d1e2;src_cadac4363167;src_e50db01be713;src_e604c879c4fc;src_eddbb2b42fef;src_fd2d145a49c7,asap,CC BY-NC-SA 4.0;mixed
exp_4b156f899743,Wolfgang Amadeus Mozart,Classical,wrk_2fa6d226fadc,wrk_2fa6d226fadc,rec_16e6e8814b9b,sources/ACPAS-dataset/subset_S/Mozart/374_ASAP_Piano_Sonatas_12-1/ASAP_12-1.mid,,data/derived/rendered_audio/fluidsynth-2.5.6-musescore-general-0.2-v1/rec_16e6e8814b9b.wav,sources/ACPAS-dataset/subset_S/Mozart/374_ASAP_Piano_Sonatas_12-1/ASAP_12-1.mid,data/canonical/alignment_events.csv,,1,229,mid,cpc_canonical_beat,licensed_for_research,complete_movement,,true,true,ready,cmp_adac7544dea5,Piano Sonatas 12-1,scv_7366396ee839,prf_5dc94df411b4,aln_75798bc19831,synthetic_rendering,beat,source_provided_beat_annotations,source_exact,1.00,src_07c22c5396d6;src_0afebc7f4cff;src_0c94bc9a0e09;src_0d15c86aa340;src_0d5603dbe5e3;src_0fd8d55cd61b;src_15c2c8e7aaaf;src_1abf3c8199ca;src_24f037f265a0;src_2feafe77fb45;src_3161b43d12a2;src_398046b41b1f;src_39bc93a264a3;src_3ef7724dcb93;src_42c5a7472dd4;src_449c619e7b06;src_44c9e83e2d34;src_46036bca0454;src_460e23dafbfc;src_47e3eb9be6ce;src_4d473ef2028b;src_504f51622168;src_5455dc5e0fa6;src_5966c9239ca1;src_59cf516a57bf;src_6517247c666e;src_6795939e6905;src_681be5f7819e;src_6b06642a3a16;src_6d2472e2eb85;src_6d5c740f350c;src_772c8d92b1ac;src_7ad99a4a6282;src_8267604413ee;src_829ca567d246;src_8389b18fede1;src_8afeb6414517;src_8ca285a77009;src_8e75c9965045;src_91f15e348e6d;src_969c75c98765;src_98e80603d674;src_9d2daae1dc76;src_9d66394bc6b2;src_a0235c846619;src_a0ec28194667;src_a18c5fba0ec8;src_a5f6b1f808ce;src_a80bc86a4c74;src_abc1e0a78631;src_ad95a65e4d1d;src_b1d09323c87c;src_b215e701b9ef;src_b8961303feef;src_b9a375b16e03;src_be798d1d6a18;src_c049239c45e6;src_cab548b856fb;src_ce5143c5b12f;src_d17a07d367c8;src_d2adad0aa7f7;src_d44fe079d778;src_d8111c00e6a7;src_e005ca1d8e02;src_e1aeb70d3627;src_e3a1a16defb3;src_e625d38f1681;src_ea16300f0a82;src_ec60949d9db9;src_ecc096c385aa;src_f1007a97618e;src_f2ded2ea8b0d;src_f30c0b1b8b1c;src_f36c44d72230;src_f551b24ef60f;src_f665ed0359ed;src_f9e88dfd3a1f;src_fc48810e4a22;src_fcec570aa9d5;src_ffaea669dcba,cpc-rendered,CC BY-NC-SA 4.0;CC BY-NC-SA 4.0; non-commercial research and education;MIT;derived audio; source MIDI terms apply; SoundFont MIT;mixed
exp_4b3f7176bac9,Frédéric Chopin,Romantic,wrk_7c8a93c28dae,wrk_7c8a93c28dae,rec_c221809e3e25,sources/asap-dataset/Chopin/Etudes_op_25/1/midi_score.mid,,data/downloads/maestro-v2.0.0/2017/MIDI-Unprocessed_057_PIANO057_MID--AUDIO-split_07-07-17_Piano-e_1-07_wav--4.wav,sources/asap-dataset/Chopin/Etudes_op_25/1/midi_score.mid,data/canonical/alignment_events.csv,,1,50,mid,cpc_canonical_beat,licensed_for_research,complete_movement,,true,true,ready,cmp_3f53c3033d5f,Etudes op 25 1,scv_ff0a756883d8,prf_81760f2c90d4,aln_cf0ced48b5d7,source_recording,beat,source_provided_beat_annotations,source_exact,1.00,src_01ab2e85c531;src_02a27c7ff5d2;src_032fa374450b;src_0b6e2d439038;src_13984b20e23d;src_18d34d662b7a;src_1c83d9a6283d;src_238a7a364c5d;src_2449850a42e2;src_2677433224fa;src_271146b06578;src_28a636084a91;src_295f19fcc0cf;src_330df61039a7;src_3625515aaf3d;src_39d9f5f50e36;src_3a41479b82e6;src_3bac7d344627;src_4acade54b2b7;src_551b1974fc0f;src_5c17c15807b6;src_5d4b590c676c;src_5df5d8cfd483;src_612b194cb569;src_615d9e38c060;src_621a5e054078;src_6382115f872f;src_6836d946fe6c;src_6fe535208bb6;src_7271f108ffa1;src_7abd567484de;src_7cb69c485bdf;src_7e6e8dd834bd;src_83d5b4ce162a;src_851a2d28527a;src_85c621e0af26;src_87ebe077b197;src_88958884d9c9;src_9690e78bdc93;src_a18666ee22e7;src_a36b4928c100;src_a413b8030a4c;src_a45d70bcf29d;src_a798addab407;src_a881a277d38a;src_a8c2aa6e4f3d;src_a9d4e2d75821;src_ae34dd79266e;src_b11aabab6ba2;src_b1362bf38e70;src_b14c47341c76;src_b2148d7f6578;src_c1945a029b74;src_c8542ee8d088;src_caf5862eb95a;src_cb9b4caf3861;src_d4ee33f8de60;src_d728f12a7a69;src_daa0451a9f4c;src_de37c540117c;src_dee1e05255af;src_e664ce643193;src_e7df770b11a0;src_ec583a29ed2c;src_f8134cdef3be;src_f8190f4832bb;src_f8dedaee5a76;src_fb4b53b85e9f;src_fc0fbb553a7c;src_fd9504e6233c;src_fd96085cb946;src_fe0c57127f38,asap,CC BY-NC-SA 4.0;mixed
exp_4d0b55e5eead,Wolfgang Amadeus Mozart,Classical,wrk_f2fd7348d34e,wrk_f2fd7348d34e,rec_af7e5d298d64,sources/ACPAS-dataset/subset_S/Mozart/376_ASAP_Piano_Sonatas_12-3/ASAP_12-3.mid,,data/derived/rendered_audio/fluidsynth-2.5.6-musescore-general-0.2-v1/rec_af7e5d298d64.wav,sources/ACPAS-dataset/subset_S/Mozart/376_ASAP_Piano_Sonatas_12-3/ASAP_12-3.mid,data/canonical/alignment_events.csv,,1,245,mid,cpc_canonical_beat,licensed_for_research,complete_movement,,true,true,ready,cmp_ef443eed1fe6,Piano Sonatas 12-3,scv_2a284f591bd2,prf_680917d8d6c7,aln_c7b36af66dd0,synthetic_rendering,beat,source_provided_beat_annotations,source_exact,1.00,src_00892c94453f;src_05fce6a1c094;src_082f5c6bf2e8;src_08e0bebe976d;src_0c55f3b2d324;src_0c57b0064acd;src_0cc8ec2a9729;src_0d77f89abc0e;src_0fd8d55cd61b;src_15c2c8e7aaaf;src_18c259203e28;src_230b83e7eb73;src_253ba719c792;src_28a2fbdb48e0;src_2d4c3f088c38;src_3a55a4800637;src_3c03b156384f;src_3d278fa1649d;src_3ea8f3df8a60;src_4381359fce9a;src_482a35184ba3;src_503c2db2ad29;src_510e5a6ab9ae;src_57f12b8cee90;src_63b49285a011;src_6517247c666e;src_68750706644c;src_6914081268ab;src_6944674d32bd;src_697613977243;src_6da7d92c3af7;src_7175e59affda;src_723a743b598e;src_73f40f01bd0a;src_76196252854b;src_791e601a8fbb;src_7c64b7722edc;src_7dc1d307f632;src_7ff9adc224ec;src_80a9c89b82ab;src_85955f07b57b;src_89a8148f121a;src_8ca3d224d6b1;src_8f4d84f70757;src_9160550b7c11;src_983129b28bef;src_98e80603d674;src_9c53262fd73d;src_a54e9255e601;src_a80bc86a4c74;src_ad95a65e4d1d;src_bc24ebd953f3;src_bc6797f5e8e6;src_c0c40c6aa029;src_c499401e65d4;src_c6d1c330ce90;src_c90c4af85197;src_d31196f2b412;src_d75b18bee77a;src_d9d40eb428b4;src_db2d4752bd56;src_e5bbb70b5783;src_e7744dfeddfd;src_f30700d5fdeb;src_f34d0412381b;src_f93243e72c48;src_fcae82b0b106,cpc-rendered,CC BY-NC-SA 4.0;CC BY-NC-SA 4.0; non-commercial research and education;MIT;derived audio; source MIDI terms apply; SoundFont MIT;mixed
exp_4d71b972d5ca,Frédéric Chopin,Romantic,wrk_3136cdcc08a9,wrk_3136cdcc08a9,rec_68f9c0062cc6,sources/asap-dataset/Chopin/Etudes_op_25/11/xml_score.musicxml,sources/asap-dataset/Chopin/Etudes_op_25/11/xml_score.musicxml,data/downloads/maestro-v2.0.0/2008/MIDI-Unprocessed_11_R1_2008_01-04_ORIG_MID--AUDIO_11_R1_2008_wav--4.wav,,data/canonical/alignment_events.csv,,1,96,musicxml,cpc_canonical_beat,licensed_for_research,complete_movement,,true,true,ready,cmp_3b04980a56a1,Etudes op 25 11,scv_4dd8e1445616,prf_c66cc5ddaee8,aln_b8dd70d7426a,source_recording,beat,source_provided_beat_annotations,source_exact,1.00,src_0117edcf7362;src_0136c1fc476c;src_0174bdd637ea;src_01d2d376024e;src_03e7e4ecb0a7;src_04587b1998e4;src_04fb79339c33;src_057a426dd4d4;src_07be52ffdcfe;src_0803943b3b3b;src_0806767f52f2;src_0920d4fe4470;src_094c75666776;src_0a3bff604a5c;src_0b36fdbcc466;src_0be8ca736ecc;src_0c80474f6340;src_0c8bdd2124d1;src_0dcabd241fca;src_106e21fd811d;src_11ebd0112548;src_126f62246251;src_13b1bed47ec4;src_14ff767619ee;src_1525bcffcd41;src_1582f4b14a05;src_16db32b54405;src_1769febb050f;src_19ab7c6167c3;src_19b5ba739939;src_21954ebae089;src_2458321ebec6;src_24a6d0cd8aed;src_26499ebc67b4;src_274681bb9c12;src_27b2379f852c;src_2935bc5fb364;src_2b0e1ee99aa4;src_2beaa5f535ca;src_2cce741d8671;src_2cd602fc6748;src_2d164cbff494;src_2d945b98ca49;src_2da9197279ac;src_2e15a7b09fb5;src_2f49e2f4136a;src_2f4b60611760;src_2f8a3df83c1f;src_318802864317;src_31dcbefce4fb;src_321e2860ab50;src_3220a158300d;src_353c77180563;src_373d3b650494;src_375f3da80810;src_39c2f1d7bf3b;src_39ed922358d7;src_3a952b5a238d;src_3abd858d0d68;src_3cfc6471112e;src_3d46483ea6df;src_3dd5ccfd9477;src_3e6092e00d33;src_3f5f3a2d592c;src_40f5621ce26d;src_41c7ac49f630;src_423d0b4cfdbe;src_43b47854ee7c;src_4436c2b4dac5;src_45260e1c135d;src_45afb7ca80d0;src_463c0ff905d7;src_46b6d5de73f6;src_4850ae7c56de;src_4c30dfe39ad3;src_4cecad55461a;src_5086b93d5214;src_50afc7cda832;src_52bb46d08183;src_52ef63b9f1bb;src_533ad3127f7c;src_53a195ef4046;src_56d132ce58d3;src_58254be8e5ae;src_595958dec0e1;src_5a20b4a7b97f;src_5a5702c9e89d;src_5e01c8363288;src_60aa47ce634c;src_621b71d1fd9d;src_63f6a761aad0;src_652c6aa81ed7;src_65b701a2cae8;src_673a6413ec36;src_6744f16a71ed;src_683fccb28962;src_692498282257;src_6aedd6f10cfc;src_6b45797cc007;src_6c7bc24b7702;src_6cb427b03049;src_6d29d4ad90de;src_6dea3bee3223;src_6e36c276a1b7;src_6e7cee7ae3a0;src_6f65f55badf9;src_71770e5a1aae;src_7455ea41c307;src_74f011ea90bf;src_766469d13bfd;src_77ca3bc933c6;src_782d6abfc8c8;src_7951c5a7eb1a;src_7a1dadc74566;src_7a30f9480c15;src_7af50434b314;src_7da6dc447b36;src_82d013d5e6ec;src_8353646bf2a0;src_8485cdaa07aa;src_84ed6e943737;src_85efd12f584c;src_875e275b64da;src_87ab6908249a;src_8ad4dae4a85b;src_8af2330e4111;src_8bc8f1717924;src_8c2d548e15b3;src_8cdcb23a73e1;src_8fef7a0f0b46;src_918d7b94cee1;src_9b8d2aa77504;src_9bd9da517a15;src_9cb1f820601b;src_9cccac6223d3;src_9e5a0d66da54;src_9ef884b5d84d;src_9f5106d47a7e;src_9f803c1811af;src_a0824343c997;src_a09f90c3ef3a;src_a12c5bff9890;src_a19ff25bcb0c;src_a1f9e19bca1c;src_a2083e2c81d4;src_a35e5fb86f1e;src_a38ad2e4e126;src_a3e61eb1108e;src_a545fd5303a5;src_a696301d41f5;src_a7518195a372;src_a80bf1641e8b;src_aae18ddc3729;src_ab3ed3c687bd;src_acb38f564446;src_aced10221359;src_adc51af75412;src_add87d9a2093;src_aecd63d457de;src_b04772495b8a;src_b26feb86f3a9;src_b29a08f7e9af;src_b311e511d237;src_b472bc184e4f;src_b53d903b786b;src_b5d02c45165f;src_b7410ef3d87e;src_b747105d40c2;src_b8718bc55aa0;src_bb34ad7a2868;src_bb560c20753a;src_bc2998f8de8b;src_bcc77f065070;src_bd405180a519;src_bd97cb08b13c;src_be01bd3d8765;src_be0624a95038;src_be5c11b1c40b;src_be5c638c15cd;src_bef9e8f0edf1;src_bfe97ad735e9;src_c0e9ae117fee;src_c18ec6c7ba45;src_c1e6dd0fd3e3;src_c2a907e62f16;src_c5610e545c12;src_c6a7fac7ae82;src_c7a07f605567;src_c8bb23f005a7;src_c8bee3c9e499;src_caa9d9f3f28b;src_cb2868f3eb9f;src_cb328b9c03cb;src_cc7ccfc61bd9;src_ccc65133d3a1;src_ccdb8dde4556;src_cdd8d55aac66;src_cf23b584aadb;src_d245f909d51a;src_d2ae65f95227;src_d2d14e3e8b2c;src_d4bd5ca72db7;src_d51fa4269685;src_d665b6bc0e51;src_d73ef2187834;src_d85b4be52384;src_d889f4e579a7;src_d8988b1b4eef;src_da9552686d99;src_dbcc49d93dcc;src_dc522d37b09c;src_dd32d0cba4a5;src_de7068cb0ee7;src_dfe4b4121a7d;src_e0084c9b5616;src_e107fc10a5c1;src_e13033d1616d;src_e182a5717a16;src_e21350a1bfef;src_e2f2fd4e551e;src_e3f780124e0f;src_e552a31bedb4;src_e56b1d8491e1;src_e5ae8e3dbb79;src_e83c5dcab9cf;src_e88822e93183;src_e8e5d8c1dd73;src_ea6e7f7b27ec;src_ed35153a90bf;src_ed9260d6d4bf;src_ee8affbbc3f8;src_f09c30169433;src_f1609effc52b;src_f1eccc9dd6e5;src_f34315aa2f0b;src_f3cffe1d2613;src_f52197d4928b;src_f5cba0cbd728;src_f5e5a32fd4cb;src_f67cc92b46e1;src_f6b41a721145;src_f7ac0eea2804;src_f82c40750f49;src_fa7f479ff016;src_faaff46a7c07;src_ff463af8b69b;src_ff49a8cff247,asap,CC BY-NC-SA 4.0;mixed
exp_4d7940f5ab9e,Wolfgang Amadeus Mozart,Classical,wrk_e3f8b040fa7a,wrk_e3f8b040fa7a,rec_f686867ef6ab,sources/ACPAS-dataset/subset_S/Mozart/371_CPM_Sonata_No.11_A_major_KV_331_1/S_1503_CPM.mid,,data/derived/rendered_audio/fluidsynth-2.5.6-musescore-general-0.2-v1/rec_f686867ef6ab.wav,sources/ACPAS-dataset/subset_S/Mozart/371_CPM_Sonata_No.11_A_major_KV_331_1/S_1503_CPM.mid,data/canonical/alignment_events.csv,,1,266,mid,cpc_canonical_beat,licensed_for_research,complete_movement,,true,true,ready,cmp_386b22f29c0d,Sonata No.11 A major KV 331 1,scv_dd659a7e5178,prf_9ff62694a3b8,aln_3e3177262d0b,synthetic_rendering,beat,source_provided_beat_annotations,source_exact,1.00,src_0652079a61ed;src_143d2083ea3b;src_201721f91bd9;src_5e778ba64441;src_60b4bd31396a;src_98e80603d674;src_a27f1f908d25;src_a80bc86a4c74;src_ab512abc5443;src_b1daedad7128;src_cbd17f29c96b;src_e15cd8fcb9ca;src_f15af9febf8d,cpc-rendered,MIT;derived audio; source MIDI terms apply; SoundFont MIT;mixed
exp_4da4751eeb65,Wolfgang Amadeus Mozart,Classical,wrk_73de062f35d4,wrk_73de062f35d4,rec_b440d6da6cfa,sources/ACPAS-dataset/subset_R/Mozart/378_CPM_Sonata_No.13_Bb_major_KV_333_2/R_34_A_MAPS_mz_333_2_ENSTDkCl.mid,,data/derived/rendered_audio/fluidsynth-2.5.6-musescore-general-0.2-v1/rec_b440d6da6cfa.wav,sources/ACPAS-dataset/subset_R/Mozart/378_CPM_Sonata_No.13_Bb_major_KV_333_2/R_34_A_MAPS_mz_333_2_ENSTDkCl.mid,data/canonical/alignment_events.csv,,1,164,mid,cpc_canonical_beat,licensed_for_research,complete_movement,,true,true,ready,cmp_0054edb621f3,Sonata No.13 Bb major KV 333 2,scv_c9c8377cb2e3,prf_c1d3b18fe02d,aln_7559d2a45a06,synthetic_rendering,beat,source_provided_beat_annotations,source_exact,1.00,src_09ddae2f4214;src_0dd84cbd9470;src_23293e7b2772;src_26569807521e;src_373f19153118;src_59a002431968;src_68ef5b1f10a1;src_7146a6dc3dc9;src_8f56db2f60be;src_96cc09019a17;src_97388f0a409c;src_97755e45af75;src_98e80603d674;src_9df9ce16b33a;src_a5fc5a02e081;src_a80bc86a4c74;src_b89eec102a12;src_b90d70844fe1;src_c946c8405561;src_cd938bbe80d0;src_d6c71f0b4dba;src_d89e69abbceb;src_e11796bfecb0;src_f611bc3f7b9b;src_fe2f891c9f6b,cpc-rendered,MIT;derived audio; source MIDI terms apply; SoundFont MIT;mixed
exp_5260b82eb490,Frédéric Chopin,Romantic,wrk_2ea4ae59ea14,wrk_2ea4ae59ea14,rec_870b8e5a7cfc,sources/asap-dataset/Chopin/Etudes_op_10/4/xml_score.musicxml,sources/asap-dataset/Chopin/Etudes_op_10/4/xml_score.musicxml,data/downloads/maestro-v2.0.0/2008/MIDI-Unprocessed_03_R1_2008_01-04_ORIG_MID--AUDIO_03_R1_2008_wav--3.wav,,data/canonical/alignment_events.csv,,1,83,musicxml,cpc_canonical_beat,licensed_for_research,complete_movement,,true,true,ready,cmp_3840f26af604,Etudes op 10 4,scv_828c93ba4c1e,prf_bdf1c4deebf9,aln_d0ae42f1ef6b,source_recording,beat,source_provided_beat_annotations,source_exact,1.00,src_00435d154e8e;src_00493e711d06;src_02d5f448e252;src_06661b8a0af2;src_074098c68b87;src_08d3d01fb869;src_0bb476b5b453;src_0bee72ecedb1;src_0e8411e873d7;src_0f6994d36e3c;src_133c0b50fe48;src_142e62f5af0e;src_1568a1206855;src_175bf20b0beb;src_18fcd5845910;src_1a8e7c4c3ae7;src_1ab40fcf30b2;src_1b1c0b6fb982;src_1b81d7198d7c;src_1e61197f7f3b;src_1e92e6c4aa44;src_1fb68ddeb4e7;src_22abd18cd1e7;src_23fbf1d7152c;src_24accc41700e;src_25be3551181a;src_25f3f1cfdfe6;src_260ff8936ac1;src_27091cb2b7c1;src_2a9c97c6263e;src_2ac16978e6f1;src_2bf3b5d35c6a;src_2e04a5aaf970;src_2eb90af37b6d;src_2f568fc374a7;src_301883723571;src_315b19b0a72c;src_319948a6ee86;src_31fc3ead56c3;src_3203be84752d;src_363b658499bb;src_36434f9715d0;src_39c8ed66d683;src_3ac1fa0c9463;src_3e0134e92264;src_3ee5897a59f8;src_40ecf364b7dd;src_43b0fb9c4a91;src_43bc146ebb76;src_45622a59eed8;src_46af1c2989f5;src_48b69c87e5f6;src_49c19bd547fd;src_4b12f6fb0dfb;src_4b17aa1b6659;src_4d23ffbe64d3;src_4dd63d710066;src_4f01e6ad10b1;src_50c9596611aa;src_517e5cd89b51;src_52dde52a34ed;src_53746fe22635;src_5433fff9f958;src_546bc53839d0;src_546fb58f0e79;src_54958adef32c;src_56ebe5323c91;src_574a22f2a78e;src_584252941fc5;src_599738ef8f07;src_59d344ed4a31;src_5a0df20488a4;src_5ab73682c4c1;src_5c52a40481f6;src_5c5ca63bac97;src_5ffd3d804cdc;src_614231554a72;src_62bd7a5da2a0;src_64deedb2002e;src_66b5ae995323;src_66dd8490f08f;src_68a5d4edcf17;src_68cc0e1f735e;src_712f757a8898;src_71516b3eb864;src_71a33f189040;src_722a5a46897b;src_72740c399dac;src_7296f0509261;src_72df3fcf6a78;src_73e6ef81c38d;src_7517776f1a48;src_76817c986ecf;src_77b937613ab9;src_79208e685b4e;src_79a659586b70;src_7a8ff5d1ee58;src_7ba6c5115038;src_7d797ed95ab0;src_7f0479e52676;src_7f84f882bab0;src_80bc2719d6f2;src_818313d9c6ef;src_819e473011cb;src_8436ecdf80bb;src_84cede3136f0;src_85561b46e4ac;src_88a78fba425c;src_88f456185e42;src_88fb456b207b;src_890db1098a74;src_8932adaef3db;src_8accf80be009;src_8beae127cb2e;src_8c69cedc9552;src_8d1421f7c6d5;src_8e0f31f5c660;src_8e68636225be;src_90b77a2440b9;src_91510879e4f3;src_93c7e1341dd0;src_93d7378bf0b8;src_943bf152a149;src_94aa636b5b62;src_96267656faf4;src_96567c396e1d;src_966dc4721014;src_9670cb76f632;src_967c0d91894f;src_983daf52931d;src_9be8a2c5c60f;src_9cb41b6fc217;src_9da8a8ae9ef1;src_9ec72286206e;src_9f1cf138ee42;src_a04ebe63c80b;src_a41b4d5ead6f;src_a514af7d8a2a;src_a65dc5011930;src_a7665abb2178;src_a7e0cd1ec2d6;src_a831131fa8bd;src_a96d16500d3a;src_aa09b1ed01f3;src_aa7124c0fbf6;src_aac33758e112;src_ac75d76cf9b7;src_ac9571007754;src_ae0809a8c3c8;src_af2e4edae436;src_af5b9ef2e611;src_b0ff2ce14afe;src_b2f1ee6182b7;src_b440731d0e5c;src_b444849616c4;src_b45722bf9d36;src_b59cf9da73a2;src_b71321f5af8c;src_b7c4c58b5eda;src_b8b17b66730d;src_b8d4799103b0;src_bc0024852ba7;src_bdd09519724a;src_be5eeb31d7ee;src_be789afd4ed9;src_bee0aea3f3ac;src_bf72b993ddb8;src_c0eadba0e5dc;src_c167a56c87fe;src_c19195c14130;src_c1eddaecccf6;src_c27b43bfc925;src_c2d0a26e50b7;src_c32991d3213b;src_c523603361fd;src_c9d66e884e9f;src_cb8b1b94e443;src_cc97c188fdf8;src_ccead01ae2c8;src_ce9f765d92fe;src_cfdd3b4360f0;src_d08790730873;src_d120954538f3;src_d241690bee53;src_d394125bf16d;src_d50de97ae7a2;src_d70d1a85c779;src_d8defb8b6812;src_dae18a78f4a1;src_dc35f738ea75;src_dc4be58cf824;src_de496ed6d4d3;src_deedd6b985e0;src_e0f596b7bc08;src_e11723d1127f;src_e1276e6d1733;src_e159e5d150a4;src_e3022ae1a44d;src_e39ba0db8f7b;src_e3bf1b01f721;src_e44308f8330d;src_e53d853a3cab;src_e5bcc2023b0d;src_e7f423e3cd53;src_e82bf45d3171;src_ea08f8a7b770;src_ea31f1942ff1;src_eac2e58d066d;src_ec84238ee412;src_ec9d66968101;src_ee5176015da6;src_ef521e81b719;src_f58748654ad8;src_f59850e84dd5;src_f60ba7fcde2b;src_f6b3d1da4934;src_f71cf5923d91;src_f8549196f39c;src_f9b1fac75d23;src_fa64efb924ef;src_fc1e8cf023fa;src_fc226cb27a46;src_fca5df633f7d;src_fd24d379b6d4;src_fe4bb24e7485;src_ff07dae714ff,asap,CC BY-NC-SA 4.0;mixed
exp_55c0dfb8e967,Wolfgang Amadeus Mozart,Classical,wrk_ae99d9f81630,wrk_ae99d9f81630,rec_379d454cb061,sources/ACPAS-dataset/subset_S/Mozart/372_CPM_Sonata_No.11_A_major_KV_331_2/S_145_A_MAPS_mz_331_2_StbgTGd2.mid,,data/derived/rendered_audio/fluidsynth-2.5.6-musescore-general-0.2-v1/rec_379d454cb061.wav,sources/ACPAS-dataset/subset_S/Mozart/372_CPM_Sonata_No.11_A_major_KV_331_2/S_145_A_MAPS_mz_331_2_StbgTGd2.mid,data/canonical/alignment_events.csv,,1,250,mid,cpc_canonical_beat,licensed_for_research,complete_movement,,true,true,ready,cmp_1eedc0bd6874,Sonata No.11 A major KV 331 2,scv_32d7ecb91a24,prf_91a4773a2c4e,aln_34282cf38696,synthetic_rendering,beat,source_provided_beat_annotations,source_exact,1.00,src_116883edd29c;src_1304b8fb1eb7;src_19f07905eeb9;src_1a42e413bb1f;src_1d2ee2947769;src_24b7a7b143ec;src_2e8677ff6dc8;src_2f1abb4f81db;src_2f4e98a92b75;src_376047e41d29;src_378d21479789;src_3997ddbfaa06;src_4a7e29ee7c17;src_4b8e859206eb;src_59e0857890df;src_64eaef620cbb;src_721e6784f536;src_98bbb4195c1c;src_98e80603d674;src_9be8a40f2a97;src_9f18011b574a;src_a80bc86a4c74;src_ac53671461b4;src_b1cc6076e5e8;src_be0f7e1a1182;src_c8c8adae040c;src_cfe46bca5648;src_d63361ca9ede;src_f97d13df53ea;src_fa44aac5e5de;src_ff52dc8a6d86,cpc-rendered,MIT;derived audio; source MIDI terms apply; SoundFont MIT;mixed
exp_5678a828b49f,Wolfgang Amadeus Mozart,Classical,wrk_5e3acc6ed9a0,wrk_5e3acc6ed9a0,rec_87f9e35452d2,sources/ACPAS-dataset/subset_S/Mozart/373_CPM_Sonata_No.11_A_major_KV_331_3_Alla_Turca/S_146_A_MAPS_mz_331_3_AkPnBsdf.mid,,data/derived/rendered_audio/fluidsynth-2.5.6-musescore-general-0.2-v1/rec_87f9e35452d2.wav,sources/ACPAS-dataset/subset_S/Mozart/373_CPM_Sonata_No.11_A_major_KV_331_3_Alla_Turca/S_146_A_MAPS_mz_331_3_AkPnBsdf.mid,data/canonical/alignment_events.csv,,1,225,mid,cpc_canonical_beat,licensed_for_research,complete_movement,,true,true,ready,cmp_db49212242e7,Sonata No.11 A major KV 331 3 Alla Turca,scv_ed2a8a77da25,prf_2b950c184e6b,aln_f95524def586,synthetic_rendering,beat,source_provided_beat_annotations,source_exact,1.00,src_0cf334d0ba52;src_2005a7202940;src_301f82e33315;src_31d521ddb99a;src_32b22a173dec;src_3d188de5d1a9;src_41a95a647dc6;src_46f1668c962b;src_48f055259f4b;src_513dcce3a8d0;src_5c02ce97843e;src_6b885f35d7a0;src_98e80603d674;src_9df6e0db100d;src_a26bd6689d26;src_a6587afd1024;src_a80bc86a4c74;src_b7a270870566;src_bb3e3417cb3d;src_bb74cccb38da;src_c65081aea95f;src_c7b751c4833d;src_c86a515000ae;src_ca747718fbcc;src_e5be6dcbdebf,cpc-rendered,MIT;derived audio; source MIDI terms apply; SoundFont MIT;mixed
exp_56a5b16f0b9c,Wolfgang Amadeus Mozart,Classical,wrk_95ceb95e11bc,wrk_95ceb95e11bc,rec_e50fb53b1e4a,sources/ACPAS-dataset/subset_S/Mozart/383_CPM_Sonata_No.17_Bb_major_KV_570_1/S_1515_CPM.mid,,data/derived/rendered_audio/fluidsynth-2.5.6-musescore-general-0.2-v1/rec_e50fb53b1e4a.wav,sources/ACPAS-dataset/subset_S/Mozart/383_CPM_Sonata_No.17_Bb_major_KV_570_1/S_1515_CPM.mid,data/canonical/alignment_events.csv,,1,418,mid,cpc_canonical_beat,licensed_for_research,complete_movement,,true,true,ready,cmp_c19fe5402db5,Sonata No.17 Bb major KV 570 1,scv_c0fcd2547280,prf_6777344932a9,aln_4b4393290155,synthetic_rendering,beat,source_provided_beat_annotations,source_exact,1.00,src_17b58c1af9ba;src_26a0f0d71458;src_273fe883705e;src_2a1a7cd52341;src_3088826ddba6;src_33305ebd7c5b;src_44c57ec1be70;src_4c153d3344c1;src_56d64769b9f0;src_6947cb78d66b;src_706d54ef94c5;src_81806c295ef0;src_8bab48ed13da;src_8bc5418af039;src_98e80603d674;src_a80bc86a4c74;src_d60d96f53242;src_ecedef7a70b4;src_fb952cf4a76e,cpc-rendered,MIT;derived audio; source MIDI terms apply; SoundFont MIT;mixed
exp_57e69ecbac59,Frédéric Chopin,Romantic,wrk_d7569c84d225,wrk_d7569c84d225,rec_08b9b6b5d749,sources/asap-dataset/Chopin/Sonata_2/4th/xml_score.musicxml,sources/asap-dataset/Chopin/Sonata_2/4th/xml_score.musicxml,data/downloads/maestro-v2.0.0/2018/MIDI-Unprocessed_Recital5-7_MID--AUDIO_06_R1_2018_wav--3.wav,,data/canonical/alignment_events.csv,,1,77,musicxml,cpc_canonical_beat,licensed_for_research,complete_movement,,true,true,ready,cmp_bc4fa8b45610,Sonata 2 4th,scv_1aeb36d00899,prf_0281630912ae,aln_242935c59146,source_recording,beat,source_provided_beat_annotations,source_exact,1.00,src_083a34e1acb6;src_0a6b1db8eff4;src_1705607418a3;src_1aeb1c185064;src_225990473813;src_2bd8b491ed94;src_2bf1164ab03b;src_2d61d22f063a;src_38a924ac4262;src_41ef0d5fc243;src_47d96975f486;src_4cea575cf2a2;src_4f1d914535d6;src_577e7838d2ca;src_69f246e85fbd;src_6dbd900e6e50;src_76d020c1d57f;src_8ec8aa157d3e;src_945767f89364;src_96171f009623;src_a248626bb208;src_a7403be549ea;src_a86c731cc6ba;src_ab0a8b008ebf;src_abb6e9270bf6;src_ad4e4de6ee82;src_b2d850f890c1;src_c26f4685b563;src_d01c263e21fb;src_d6d8428b5b2c;src_d8e6b88ce572;src_d9d3bba00960;src_e9d1531e1bde;src_ef5f8f1a6651;src_fabfe681f709;src_ff9e2734889e;src_ffd22799f60d,asap,CC BY-NC-SA 4.0;mixed
exp_59ed9fc19fe4,Wolfgang Amadeus Mozart,Classical,wrk_21cadf4d4581,wrk_21cadf4d4581,rec_4683766c80fd,sources/ACPAS-dataset/subset_S/Mozart/368_CPM_Sonata_No.10_C_major_KV_330_1/S_141_A_MAPS_mz_330_1_SptkBGCl.mid,,data/derived/rendered_audio/fluidsynth-2.5.6-musescore-general-0.2-v1/rec_4683766c80fd.wav,sources/ACPAS-dataset/subset_S/Mozart/368_CPM_Sonata_No.10_C_major_KV_330_1/S_141_A_MAPS_mz_330_1_SptkBGCl.mid,data/canonical/alignment_events.csv,,1,301,mid,cpc_canonical_beat,licensed_for_research,complete_movement,,true,true,ready,cmp_ffe626e2d096,Sonata No.10 C major KV 330 1,scv_00bf0c43a38f,prf_eda802e3d4e1,aln_71dce27ecee4,synthetic_rendering,beat,source_provided_beat_annotations,source_exact,1.00,src_0a75f09514cc;src_0c23fb15ee94;src_1fe6112f3a0c;src_3169df65c592;src_373a4327c649;src_74542c6cc315;src_98e80603d674;src_a80bc86a4c74;src_bb3e0f243727;src_c45124709f8d;src_cd833faee909;src_d1a313b2888b;src_f224c6b4828f,cpc-rendered,MIT;derived audio; source MIDI terms apply; SoundFont MIT;mixed
exp_5b7d37654e56,Wolfgang Amadeus Mozart,Classical,wrk_beabd58e0efb,wrk_beabd58e0efb,rec_d4ac8086ca2c,sources/ACPAS-dataset/subset_S/Mozart/382_CPM_Sonata_No.16_C_major_Sonata_facile_KV_545_3/S_1514_CPM.mid,,data/derived/rendered_audio/fluidsynth-2.5.6-musescore-general-0.2-v1/rec_d4ac8086ca2c.wav,sources/ACPAS-dataset/subset_S/Mozart/382_CPM_Sonata_No.16_C_major_Sonata_facile_KV_545_3/S_1514_CPM.mid,data/canonical/alignment_events.csv,,1,83,mid,cpc_canonical_beat,licensed_for_research,complete_movement,,true,true,ready,cmp_34a3a2c7440d,Sonata No.16 C major Sonata facile KV 545 3,scv_81c5a13afde3,prf_1e31c14bd373,aln_d229ea7ee0e5,synthetic_rendering,beat,source_provided_beat_annotations,source_exact,1.00,src_1296d2e72d58;src_20196613a30c;src_25f4acb9656a;src_292b5951b9bc;src_369598de2f45;src_67c02af59ac2;src_98e80603d674;src_9ca9529635f7;src_a404af70a29a;src_a559d55f2286;src_a80bc86a4c74;src_b28fe7ed5c15;src_baa8a946b765;src_c4f1107b21f9;src_d9ab206b4d58;src_ed02e3074612;src_efdc2c66a97b;src_f95e843361ac;src_ff80a0557f41,cpc-rendered,MIT;derived audio; source MIDI terms apply; SoundFont MIT;mixed
exp_5bf0b4792cbe,Wolfgang Amadeus Mozart,Classical,wrk_40877d03feaa,wrk_40877d03feaa,rec_9f5517241e17,"data/downloads/pianocore/1.0/refined/Mozart,_Wolfgang_Amadeus/Piano_Sonata_No.16_in_C_major,_K.545_""Sonata_facile""/score_PDMX_refined.mid",,data/derived/rendered_audio/pianocore-1.0-a-star-mozart-fluidsynth-2.5.6-v1/rec_9f5517241e17.wav,"data/downloads/pianocore/1.0/refined/Mozart,_Wolfgang_Amadeus/Piano_Sonata_No.16_in_C_major,_K.545_""Sonata_facile""/score_PDMX_refined.mid",data/canonical/alignment_notes.csv,,1,336,mid,cpc_canonical_note,licensed_for_research,complete_movement,,true,true,ready,cmp_034a54cdd24d,"Piano Sonata No.16 in C major, K.545 ""Sonata facile""",scv_812394633a78,prf_006b2006a408,aln_ccca551f3a1a,synthetic_rendering,note,pianocore_rascop_refined,pianocore_a_star,0.9805,src_011dbfe5f055;src_01f6c034ba2d;src_06d662337768;src_08ccf6a8e501;src_097328cbdc6e;src_0c4b93fef13f;src_0ce9836751c1;src_0da0687895fa;src_0dde201851e2;src_12fd76cf840e;src_16b884e5a51b;src_16e111c5100f;src_17fb8321712b;src_1a7aa8fa26e7;src_1c96935c9e1a;src_1e2ecce59c32;src_1ed15b2661b9;src_1f3b93d0353c;src_211c2b0df96b;src_23ceb419e42d;src_242b43b17187;src_266b41e6b33f;src_283e4dc597f4;src_28675cc550e3;src_2cc3e14befb1;src_323158ea27c2;src_35d8aab92c90;src_376a40ec0427;src_37902de36777;src_3943dc010ead;src_39a160e9d11a;src_3b06a5ea5365;src_3bbfe2969b4f;src_3c42e19ab388;src_3f47625f1fba;src_3fcdf113ad61;src_43151ffc9f0b;src_434a32e85596;src_45f522cd0bf5;src_479fed7fdde1;src_4a205975f841;src_4a7007bb4f8c;src_4b5a7dcbb925;src_4c531919cff2;src_4e81d745255a;src_505569bbcc32;src_51e706839b63;src_55988f081656;src_564d11ad31b5;src_5a47201a9288;src_5adc3e91acaa;src_5b0fd9595269;src_5bb2e816dd7e;src_5d6aafe72c18;src_5dee36ccd2ea;src_6216b58853e2;src_63699d5569c9;src_65af1a0b91cb;src_66c549aa55a9;src_66eae784839a;src_681927244321;src_682afcacc1ca;src_6a0e9618ef47;src_6ab2eca7a9a1;src_6c600a551264;src_717683ae17e5;src_71ea86846a5f;src_726101deb7ac;src_737faae138b3;src_76ff5851eb9e;src_7c4c9ff42d57;src_7d09832b725d;src_7f2f787a6bbe;src_886a59c99692;src_8a25f579d848;src_8bd7af406182;src_8bfeca5563e3;src_8ef23bbb95f9;src_8f972ceec937;src_91c342b5a71e;src_934ea45559e4;src_9505f9499399;src_984da5d72b88;src_9b2ef17a4026;src_9d9a204603bc;src_9f066547416f;src_a0db130b80c7;src_a1315be159f9;src_a259eed3fe1b;src_a285f19f83d1;src_a3371385f1df;src_a3aaca77283c;src_a41fef256374;src_a80bc86a4c74;src_a959120f61f9;src_aea95315c1eb;src_afdd5af0b32f;src_b35a12243c0a;src_b4a6be4e5ca6;src_b8f78a1c9fc9;src_bcf1ada21bdc;src_bf2fea6af696;src_c1b6042da4e7;src_c22092b6b537;src_c239b577c254;src_c36016aaf45c;src_c56cc4533e6c;src_c5b573115f31;src_c6e53f96f201;src_c94b0900833b;src_ca6132935d2b;src_caed06ed29b7;src_d0177aa932ef;src_d0aaaffdf3ae;src_d1ea17af1883;src_d2c307bc41fa;src_d2c7d42ad26b;src_d33bb8470d29;src_d4280357c34f;src_d8237b4f91c5;src_d8807e488a3e;src_d897aa16f8e2;src_d9ba2ea36502;src_db448d612b63;src_ddcd3ce89454;src_e0140567b3d2;src_e1a11bc9b9e9;src_e4b4a0701977;src_e5c466ac7ede;src_e5e7075e0a8a;src_e9540e20a1a0;src_ec0cb06b5fdb;src_ec6a3391fe31;src_f2d1312e7518;src_f45e2ac24ac7;src_f570143b83d7;src_f57650713568;src_f57d697b0620;src_f7cb9e55038f;src_fc2b3d52cde8;src_fc2c08ca1b27;src_fc497e18a08a;src_fcad40d8ccfc;src_fd55b033188e;src_fe6101246370;src_febc2cb4c1a1,Aria-MIDI,CC BY-NC-SA 4.0; non-commercial research and education;MIT;derived audio; source MIDI terms apply; SoundFont MIT
exp_5c7039a40eec,Frédéric Chopin,Romantic,wrk_bdf78d664563,wrk_bdf78d664563,rec_bbc3c6e0c3c8,sources/asap-dataset/Chopin/Etudes_op_10/12/xml_score.musicxml,sources/asap-dataset/Chopin/Etudes_op_10/12/xml_score.musicxml,data/downloads/maestro-v2.0.0/2015/MIDI-Unprocessed_R1_D1-1-8_mid--AUDIO-from_mp3_06_R1_2015_wav--6.wav,,data/canonical/alignment_events.csv,,1,84,musicxml,cpc_canonical_beat,licensed_for_research,complete_movement,,true,true,ready,cmp_d624aa5c7714,Etudes op 10 12,scv_57fa1eec1775,prf_ae98e1ba1883,aln_c5b6dcb3ebce,source_recording,beat,source_provided_beat_annotations,source_exact,1.00,src_025ca45f4837;src_09330b718bb5;src_0ac1302514ab;src_0beea7223698;src_102d3cffe6b4;src_10cdb4182ea9;src_121168e9de36;src_17e1a8866d36;src_196307bb17c4;src_1ceca4c1fdfb;src_22d93ec87d7e;src_230cf7194460;src_233904f1a2b4;src_24853b85e642;src_2584ee34c30d;src_26656373199d;src_2829315b85ab;src_2aa9708e0b6f;src_2c10a16a6a26;src_2ffd90aa55b5;src_33f0c9a5707a;src_35ec89d554d8;src_3b479793faaa;src_3c0452356ac4;src_3ddc89e8eb69;src_3e55e368dd2c;src_3f5525c86fdb;src_40a6205ecb4e;src_43d4821142c5;src_45503929b276;src_488ad49bbcf0;src_4e3a11ea4790;src_4e831569d04f;src_4f8de5962ad9;src_501cf012f307;src_50fd786ceba2;src_5195acc76e42;src_52908a6c265b;src_56371839f102;src_5929dcdcaf75;src_5af892f30cf5;src_5dc9a9f72e95;src_5dd2496b17d6;src_60a386f43fc8;src_60ee5c4c40a3;src_61d9537bf65a;src_640f73ee87d0;src_653d6a1a8d43;src_670905bb3c9a;src_6746eda26497;src_67986f03abec;src_699335456eef;src_6a832a44dfdc;src_6b2ba84d1e2e;src_6c64c85b0f08;src_707c887c03f5;src_727fee9e6aef;src_73f33784723b;src_7545a4930548;src_778582778e85;src_77eee26032b0;src_7951d60a2ef3;src_7cace7444a30;src_81d7322fbfa4;src_839d401e4c92;src_8628c91c55a7;src_8b2b9ee85542;src_8b83af2bd243;src_8c5e1588cf88;src_8dbc53219be2;src_8ea59fb40015;src_8ed8229e0023;src_90308721f5d5;src_9096cec9702d;src_916e16ddf82c;src_91f0352890bb;src_9259e7392c2f;src_927692773cab;src_938b9594f729;src_9451b49c7a49;src_9473103d8b07;src_96e2c3731861;src_97d2d2baf438;src_99f0af18f589;src_9b150d5a2546;src_9bb6d4eb057c;src_9d1e7c415a12;src_9fb10961dfc0;src_9fe8b0d513bd;src_a32e808e0756;src_a49245aea0a7;src_a7c1d7f124db;src_a99e586c6b1b;src_ab3aa177f548;src_ab5cfdb6a629;src_abe5e7e57e8d;src_ae5a4c41298f;src_ae689094418c;src_affbdbbe7bdf;src_b00de68aaf39;src_b1a166f00c42;src_b37db44643e0;src_b50576015ea1;src_b537f323bee3;src_b5948947b177;src_b92cd470d9a0;src_bce147a78858;src_bee7a693deb3;src_bef7dcfc1cfc;src_c0e97cf12c28;src_caa8a530dbe7;src_cadd721a704b;src_cb0b692cef51;src_cd24dcc8083d;src_ce8f4320ce18;src_d0d3a5670738;src_d17944eb6547;src_d280f6b3c6ba;src_d429ebe1e91b;src_d529d285b575;src_d9accd3c3edb;src_ddfad62f0de1;src_e0a1f568b1e8;src_e0fa3545effa;src_e5657a7a9270;src_e5c84285cf8c;src_f56c086aaf9c;src_f5d82801eaa4;src_f5e872d524b8;src_f6fbadc689ab;src_fb425608c80d;src_fc16f7d83678;src_fc5d62f2c9fa;src_feffd462dd94;src_ffb037316749,asap,CC BY-NC-SA 4.0;mixed
exp_5c9280ef502b,Wolfgang Amadeus Mozart,Classical,wrk_beabd58e0efb,wrk_beabd58e0efb,rec_7c9c438484f4,sources/ACPAS-dataset/subset_S/Mozart/382_CPM_Sonata_No.16_C_major_Sonata_facile_KV_545_3/S_154_A_MAPS_mz_545_3_StbgTGd2.mid,,data/derived/rendered_audio/fluidsynth-2.5.6-musescore-general-0.2-v1/rec_7c9c438484f4.wav,sources/ACPAS-dataset/subset_S/Mozart/382_CPM_Sonata_No.16_C_major_Sonata_facile_KV_545_3/S_154_A_MAPS_mz_545_3_StbgTGd2.mid,data/canonical/alignment_events.csv,,1,82,mid,cpc_canonical_beat,licensed_for_research,complete_movement,,true,true,ready,cmp_34a3a2c7440d,Sonata No.16 C major Sonata facile KV 545 3,scv_fd9963ecb0a0,prf_b5545d662ed9,aln_904ebaea6af0,synthetic_rendering,beat,source_provided_beat_annotations,source_exact,1.00,src_1296d2e72d58;src_20196613a30c;src_25f4acb9656a;src_292b5951b9bc;src_369598de2f45;src_67c02af59ac2;src_98e80603d674;src_9ca9529635f7;src_a404af70a29a;src_a559d55f2286;src_a80bc86a4c74;src_b28fe7ed5c15;src_baa8a946b765;src_c4f1107b21f9;src_d9ab206b4d58;src_ed02e3074612;src_efdc2c66a97b;src_f95e843361ac;src_ff80a0557f41,cpc-rendered,MIT;derived audio; source MIDI terms apply; SoundFont MIT;mixed
exp_5db8eb5ef56a,Frédéric Chopin,Romantic,wrk_bdf78d664563,wrk_bdf78d664563,rec_a06f39ec97cc,sources/asap-dataset/Chopin/Etudes_op_10/12/xml_score.musicxml,sources/asap-dataset/Chopin/Etudes_op_10/12/xml_score.musicxml,data/downloads/maestro-v2.0.0/2015/MIDI-Unprocessed_R1_D1-9-12_mid--AUDIO-from_mp3_11_R1_2015_wav--3.wav,,data/canonical/alignment_events.csv,,1,84,musicxml,cpc_canonical_beat,licensed_for_research,complete_movement,,true,true,ready,cmp_d624aa5c7714,Etudes op 10 12,scv_57fa1eec1775,prf_98783ac1e720,aln_bc90e47b896c,source_recording,beat,source_provided_beat_annotations,source_exact,1.00,src_025ca45f4837;src_09330b718bb5;src_0ac1302514ab;src_0beea7223698;src_102d3cffe6b4;src_10cdb4182ea9;src_121168e9de36;src_17e1a8866d36;src_196307bb17c4;src_1ceca4c1fdfb;src_22d93ec87d7e;src_230cf7194460;src_233904f1a2b4;src_24853b85e642;src_2584ee34c30d;src_26656373199d;src_2829315b85ab;src_2aa9708e0b6f;src_2c10a16a6a26;src_2ffd90aa55b5;src_33f0c9a5707a;src_35ec89d554d8;src_3b479793faaa;src_3c0452356ac4;src_3ddc89e8eb69;src_3e55e368dd2c;src_3f5525c86fdb;src_40a6205ecb4e;src_43d4821142c5;src_45503929b276;src_488ad49bbcf0;src_4e3a11ea4790;src_4e831569d04f;src_4f8de5962ad9;src_501cf012f307;src_50fd786ceba2;src_5195acc76e42;src_52908a6c265b;src_56371839f102;src_5929dcdcaf75;src_5af892f30cf5;src_5dc9a9f72e95;src_5dd2496b17d6;src_60a386f43fc8;src_60ee5c4c40a3;src_61d9537bf65a;src_640f73ee87d0;src_653d6a1a8d43;src_670905bb3c9a;src_6746eda26497;src_67986f03abec;src_699335456eef;src_6a832a44dfdc;src_6b2ba84d1e2e;src_6c64c85b0f08;src_707c887c03f5;src_727fee9e6aef;src_73f33784723b;src_7545a4930548;src_778582778e85;src_77eee26032b0;src_7951d60a2ef3;src_7cace7444a30;src_81d7322fbfa4;src_839d401e4c92;src_8628c91c55a7;src_8b2b9ee85542;src_8b83af2bd243;src_8c5e1588cf88;src_8dbc53219be2;src_8ea59fb40015;src_8ed8229e0023;src_90308721f5d5;src_9096cec9702d;src_916e16ddf82c;src_91f0352890bb;src_9259e7392c2f;src_927692773cab;src_938b9594f729;src_9451b49c7a49;src_9473103d8b07;src_96e2c3731861;src_97d2d2baf438;src_99f0af18f589;src_9b150d5a2546;src_9bb6d4eb057c;src_9d1e7c415a12;src_9fb10961dfc0;src_9fe8b0d513bd;src_a32e808e0756;src_a49245aea0a7;src_a7c1d7f124db;src_a99e586c6b1b;src_ab3aa177f548;src_ab5cfdb6a629;src_abe5e7e57e8d;src_ae5a4c41298f;src_ae689094418c;src_affbdbbe7bdf;src_b00de68aaf39;src_b1a166f00c42;src_b37db44643e0;src_b50576015ea1;src_b537f323bee3;src_b5948947b177;src_b92cd470d9a0;src_bce147a78858;src_bee7a693deb3;src_bef7dcfc1cfc;src_c0e97cf12c28;src_caa8a530dbe7;src_cadd721a704b;src_cb0b692cef51;src_cd24dcc8083d;src_ce8f4320ce18;src_d0d3a5670738;src_d17944eb6547;src_d280f6b3c6ba;src_d429ebe1e91b;src_d529d285b575;src_d9accd3c3edb;src_ddfad62f0de1;src_e0a1f568b1e8;src_e0fa3545effa;src_e5657a7a9270;src_e5c84285cf8c;src_f56c086aaf9c;src_f5d82801eaa4;src_f5e872d524b8;src_f6fbadc689ab;src_fb425608c80d;src_fc16f7d83678;src_fc5d62f2c9fa;src_feffd462dd94;src_ffb037316749,asap,CC BY-NC-SA 4.0;mixed
exp_5eb5ac38f9ac,Frédéric Chopin,Romantic,wrk_2ea4ae59ea14,wrk_2ea4ae59ea14,rec_541793f4826a,sources/asap-dataset/Chopin/Etudes_op_10/4/xml_score.musicxml,sources/asap-dataset/Chopin/Etudes_op_10/4/xml_score.musicxml,data/downloads/maestro-v2.0.0/2013/ORIG-MIDI_01_7_7_13_Group__MID--AUDIO_14_R1_2013_wav--3.wav,,data/canonical/alignment_events.csv,,1,83,musicxml,cpc_canonical_beat,licensed_for_research,complete_movement,,true,true,ready,cmp_3840f26af604,Etudes op 10 4,scv_828c93ba4c1e,prf_c4d2d30fd13f,aln_127e522b2d7e,source_recording,beat,source_provided_beat_annotations,source_exact,1.00,src_00435d154e8e;src_00493e711d06;src_02d5f448e252;src_06661b8a0af2;src_074098c68b87;src_08d3d01fb869;src_0bb476b5b453;src_0bee72ecedb1;src_0e8411e873d7;src_0f6994d36e3c;src_133c0b50fe48;src_142e62f5af0e;src_1568a1206855;src_175bf20b0beb;src_18fcd5845910;src_1a8e7c4c3ae7;src_1ab40fcf30b2;src_1b1c0b6fb982;src_1b81d7198d7c;src_1e61197f7f3b;src_1e92e6c4aa44;src_1fb68ddeb4e7;src_22abd18cd1e7;src_23fbf1d7152c;src_24accc41700e;src_25be3551181a;src_25f3f1cfdfe6;src_260ff8936ac1;src_27091cb2b7c1;src_2a9c97c6263e;src_2ac16978e6f1;src_2bf3b5d35c6a;src_2e04a5aaf970;src_2eb90af37b6d;src_2f568fc374a7;src_301883723571;src_315b19b0a72c;src_319948a6ee86;src_31fc3ead56c3;src_3203be84752d;src_363b658499bb;src_36434f9715d0;src_39c8ed66d683;src_3ac1fa0c9463;src_3e0134e92264;src_3ee5897a59f8;src_40ecf364b7dd;src_43b0fb9c4a91;src_43bc146ebb76;src_45622a59eed8;src_46af1c2989f5;src_48b69c87e5f6;src_49c19bd547fd;src_4b12f6fb0dfb;src_4b17aa1b6659;src_4d23ffbe64d3;src_4dd63d710066;src_4f01e6ad10b1;src_50c9596611aa;src_517e5cd89b51;src_52dde52a34ed;src_53746fe22635;src_5433fff9f958;src_546bc53839d0;src_546fb58f0e79;src_54958adef32c;src_56ebe5323c91;src_574a22f2a78e;src_584252941fc5;src_599738ef8f07;src_59d344ed4a31;src_5a0df20488a4;src_5ab73682c4c1;src_5c52a40481f6;src_5c5ca63bac97;src_5ffd3d804cdc;src_614231554a72;src_62bd7a5da2a0;src_64deedb2002e;src_66b5ae995323;src_66dd8490f08f;src_68a5d4edcf17;src_68cc0e1f735e;src_712f757a8898;src_71516b3eb864;src_71a33f189040;src_722a5a46897b;src_72740c399dac;src_7296f0509261;src_72df3fcf6a78;src_73e6ef81c38d;src_7517776f1a48;src_76817c986ecf;src_77b937613ab9;src_79208e685b4e;src_79a659586b70;src_7a8ff5d1ee58;src_7ba6c5115038;src_7d797ed95ab0;src_7f0479e52676;src_7f84f882bab0;src_80bc2719d6f2;src_818313d9c6ef;src_819e473011cb;src_8436ecdf80bb;src_84cede3136f0;src_85561b46e4ac;src_88a78fba425c;src_88f456185e42;src_88fb456b207b;src_890db1098a74;src_8932adaef3db;src_8accf80be009;src_8beae127cb2e;src_8c69cedc9552;src_8d1421f7c6d5;src_8e0f31f5c660;src_8e68636225be;src_90b77a2440b9;src_91510879e4f3;src_93c7e1341dd0;src_93d7378bf0b8;src_943bf152a149;src_94aa636b5b62;src_96267656faf4;src_96567c396e1d;src_966dc4721014;src_9670cb76f632;src_967c0d91894f;src_983daf52931d;src_9be8a2c5c60f;src_9cb41b6fc217;src_9da8a8ae9ef1;src_9ec72286206e;src_9f1cf138ee42;src_a04ebe63c80b;src_a41b4d5ead6f;src_a514af7d8a2a;src_a65dc5011930;src_a7665abb2178;src_a7e0cd1ec2d6;src_a831131fa8bd;src_a96d16500d3a;src_aa09b1ed01f3;src_aa7124c0fbf6;src_aac33758e112;src_ac75d76cf9b7;src_ac9571007754;src_ae0809a8c3c8;src_af2e4edae436;src_af5b9ef2e611;src_b0ff2ce14afe;src_b2f1ee6182b7;src_b440731d0e5c;src_b444849616c4;src_b45722bf9d36;src_b59cf9da73a2;src_b71321f5af8c;src_b7c4c58b5eda;src_b8b17b66730d;src_b8d4799103b0;src_bc0024852ba7;src_bdd09519724a;src_be5eeb31d7ee;src_be789afd4ed9;src_bee0aea3f3ac;src_bf72b993ddb8;src_c0eadba0e5dc;src_c167a56c87fe;src_c19195c14130;src_c1eddaecccf6;src_c27b43bfc925;src_c2d0a26e50b7;src_c32991d3213b;src_c523603361fd;src_c9d66e884e9f;src_cb8b1b94e443;src_cc97c188fdf8;src_ccead01ae2c8;src_ce9f765d92fe;src_cfdd3b4360f0;src_d08790730873;src_d120954538f3;src_d241690bee53;src_d394125bf16d;src_d50de97ae7a2;src_d70d1a85c779;src_d8defb8b6812;src_dae18a78f4a1;src_dc35f738ea75;src_dc4be58cf824;src_de496ed6d4d3;src_deedd6b985e0;src_e0f596b7bc08;src_e11723d1127f;src_e1276e6d1733;src_e159e5d150a4;src_e3022ae1a44d;src_e39ba0db8f7b;src_e3bf1b01f721;src_e44308f8330d;src_e53d853a3cab;src_e5bcc2023b0d;src_e7f423e3cd53;src_e82bf45d3171;src_ea08f8a7b770;src_ea31f1942ff1;src_eac2e58d066d;src_ec84238ee412;src_ec9d66968101;src_ee5176015da6;src_ef521e81b719;src_f58748654ad8;src_f59850e84dd5;src_f60ba7fcde2b;src_f6b3d1da4934;src_f71cf5923d91;src_f8549196f39c;src_f9b1fac75d23;src_fa64efb924ef;src_fc1e8cf023fa;src_fc226cb27a46;src_fca5df633f7d;src_fd24d379b6d4;src_fe4bb24e7485;src_ff07dae714ff,asap,CC BY-NC-SA 4.0;mixed
exp_602620a93650,Frédéric Chopin,Romantic,wrk_c75095618219,wrk_c75095618219,rec_89f72191795c,sources/asap-dataset/Chopin/Ballades/1/midi_score.mid,,data/downloads/maestro-v2.0.0/2015/MIDI-Unprocessed_R2_D2-12-13-15_mid--AUDIO-from_mp3_12_R2_2015_wav--5.wav,sources/asap-dataset/Chopin/Ballades/1/midi_score.mid,data/canonical/alignment_events.csv,,1,263,mid,cpc_canonical_beat,licensed_for_research,complete_movement,,false,true,ready,cmp_1cb3d72ba143,Ballades 1,scv_59b6f3605ed2,prf_912b8410f1e1,aln_e5e80dedcd45,source_recording,beat,source_provided_beat_annotations,source_partial,0.80,src_009b10f4f596;src_025991459456;src_05103d14abdc;src_0537b489083e;src_0543b0a7170d;src_0562ff5c5942;src_07ca589fb032;src_0899f3238bb5;src_09162744e255;src_0c02bba966a8;src_0d24cec54883;src_0db7b3124811;src_0e0af0bf184d;src_0e78d9da8c2b;src_118e6a773bae;src_168b4d75315e;src_16a155eaaaea;src_16e7444e4b6d;src_186a1d293b71;src_18b56ee1d27b;src_19da3ee76006;src_1af871e60756;src_1c529d6d6933;src_1d8e086581cb;src_1e74f087d54c;src_1e8341c7cfba;src_205e4a5d014d;src_20f529f8c338;src_227253a3e9e3;src_232354cc6f64;src_2556c91e67bb;src_26df00d01433;src_278111129341;src_2856952fafae;src_285bcb9fc89c;src_2932604d20af;src_2c5eb7f512b1;src_2c619f16abbd;src_2d6a741f6477;src_2e30a7f88ce3;src_2fdb9ea6290f;src_3013241dd9ab;src_31102c63604d;src_32fab4fdab3d;src_3555be65c0c8;src_35f7e4cc286d;src_3637acc220a8;src_3887eb116906;src_391fa557268a;src_3935eb6b5e85;src_394e6c46ed33;src_3a706206642a;src_3d5fe4b447a6;src_3e2b019eaae7;src_3f05ef317091;src_400400ef93b2;src_409725e2885a;src_42c63833086f;src_44091181db60;src_450ac44a1afb;src_4625c2abe13e;src_466a3b9009d4;src_4a6cf1ef5775;src_4c964809a4cb;src_4fc8888dcabe;src_5381ae42774a;src_567c4f4d2f5f;src_5718fe509e3a;src_5775ac0deecb;src_5bca46f475f0;src_5cea08b1dc47;src_5d29af041b88;src_5d2cea2421fa;src_5e478dfb9bee;src_5f20b3796ca5;src_5f4fbde05558;src_6130370e4067;src_66211965846c;src_67e8ff96c842;src_68ad5c7ba690;src_6b6b5b1294f3;src_6beb77c14d93;src_6cc0ec48f7d9;src_72823405bc7c;src_72ff9b8c52f9;src_73db15e2333b;src_761c11a5cc26;src_77cfdc3dbadd;src_78ac78965e75;src_78d1104d8494;src_7b0b94ab2c82;src_7ce54bea1fe3;src_7eef51ec8789;src_7fa60a7cae54;src_811a68571301;src_81b21be2fb27;src_83da6a346aa5;src_85f712b805f1;src_8610d4de1caf;src_88a95b186042;src_895524a2c8ef;src_8a9dbde686aa;src_8c2f645399c3;src_8c400de06eec;src_8dcad0534646;src_8e58892a03f4;src_900072a16c0b;src_92ff6bec8701;src_93679dd5fbe4;src_93a5c187e704;src_93b8640c1d91;src_96f45b86cf01;src_9802a5ced74b;src_98bb7a204dda;src_9b8b647390e9;src_9cf6edfaffec;src_9e7230249b16;src_a00f3bd77638;src_a15f1743ddf6;src_a187242d3308;src_a22b47aea52d;src_a41975d22736;src_a575bdbd879d;src_a5977da214ca;src_a5a3fa7b163f;src_a5b5c46e8b10;src_a6bf2b6f0896;src_a8a472ed12f1;src_a9112c31f7c1;src_ac213eb5c4f6;src_ad12faf3ca99;src_ad1b5050d62f;src_aec3e3168276;src_af0becf41bb2;src_af9572bacc7a;src_afdbff0c7d10;src_b29e8cbde524;src_b440088a9d1a;src_b47f5d9aa0fa;src_b4df0b99b753;src_b5c862f30733;src_b6d6bbac6a5d;src_b7e825387ad1;src_b868ad6a7f56;src_bb5e3260cca7;src_c1541bdc410b;src_c1be2165efad;src_c2efb88085b2;src_c4599ac33e36;src_c5c87f6732ae;src_c797f95ffb13;src_c7c38fa1b3b5;src_c8332657f7ec;src_c8d3460d463e;src_c972e7f7e3b3;src_c97f3f0a8b7f;src_cc4f52829c03;src_cd061e352eff;src_cf722bb50cc1;src_d612a3fedb12;src_d80f2e35380c;src_db4d9db670a1;src_db9d4e860748;src_dbc6f5b5db4b;src_dbdff94727a5;src_dbe936e212df;src_dcc985e5315e;src_e0603351c6ab;src_e1142ef6c426;src_e44686bac85c;src_e52e9e9102e9;src_e68eb8c3743b;src_e6eb7df6b513;src_e70179ca2d41;src_e735d1e325cc;src_ea6de5969434;src_ea733840b86c;src_ed8742cba477;src_effa7253ff9c;src_f3a950fc8de8;src_f400741011c6;src_f5119b4108c8;src_f76a93df4c0c;src_f8cc65b8c40e;src_f96d868cb16e;src_f99b8c58bacd;src_fa28683b9736;src_fb8242c01209;src_fdce6fa4ee7c;src_fe1268e0a59c;src_ff0978c3468a,asap,CC BY-NC-SA 4.0;mixed
exp_63ca23c0d823,Frédéric Chopin,Romantic,wrk_722d28e8b59c,wrk_722d28e8b59c,rec_fda6edec3d99,sources/asap-dataset/Chopin/Etudes_op_25/12/xml_score.musicxml,sources/asap-dataset/Chopin/Etudes_op_25/12/xml_score.musicxml,data/downloads/maestro-v2.0.0/2011/MIDI-Unprocessed_09_R1_2011_MID--AUDIO_R1-D3_14_Track14_wav.wav,,data/canonical/alignment_events.csv,,1,83,musicxml,cpc_canonical_beat,licensed_for_research,complete_movement,,true,true,ready,cmp_37866f5ade57,Etudes op 25 12,scv_f6b36e9722d1,prf_5e7bbbaf7a91,aln_659fdfe19bf8,source_recording,beat,source_provided_beat_annotations,source_exact,1.00,src_014c78158b56;src_0161f9dd4145;src_038a2de9939f;src_03dcb6d86f9c;src_052359be7470;src_0eed46111903;src_0fd33e89cb6d;src_14cd8413fad9;src_18b4a1dd9605;src_211b4339eb3f;src_21d0d63f2d5a;src_2cad9a413281;src_39db6e587d47;src_3b5b7259e752;src_3bb45ca23156;src_405c5b74f7fc;src_43444693f9d8;src_459bfd4c6009;src_4a3657fbf079;src_4a3dcb9430ec;src_4e62c22fa679;src_4ece4110db4c;src_4ff068a80883;src_505d5b6eb698;src_50aa5f84051b;src_50cc45b652db;src_529e0c898a8d;src_52f92c1d5177;src_532bf85c7fd2;src_5583a3afdac0;src_57947ac7c9c6;src_58fe9a6cd661;src_5952053b9ee2;src_5cd8e24af707;src_61cc9f00fa20;src_61d5f5d6b518;src_62d66fb785fa;src_66b73ae17d06;src_6db3691369ef;src_6e828d26039c;src_73afabf5ff67;src_77b79288df22;src_7c2c2a9f2ec1;src_7f65907bb843;src_833bb0b18095;src_8571fa07bb9d;src_8af3cc25c713;src_8ca6a463c931;src_90a4f691f60b;src_913113193336;src_94ec052f4002;src_9a846f712c78;src_9e6adfcc88a5;src_a3c2737216d5;src_a734595377a9;src_b12c40f4b1af;src_b41c7b326c6e;src_b5bccc2edbfa;src_b72025b36b3e;src_bb19b28f02a7;src_bbcac8f64c90;src_bbd03239baef;src_bdde62215181;src_be1c43aaa668;src_c0ae834efca8;src_c1092ad98af8;src_c19849f301bc;src_c42ea75e60b4;src_c49c3e053ad3;src_c74a15c3c488;src_c8fce56d1be5;src_ca4191d61282;src_ca6480797740;src_cb7588284fe6;src_cda56a71d6df;src_ce86414abaa4;src_cf146fca6902;src_cfef437f043d;src_d5baf6912418;src_dde58fc98fd1;src_e081693baa71;src_e36c54646dda;src_e40046747627;src_e56ba4646ca6;src_e6946cb6e8fc;src_e6e11f746319;src_eb0d8cb05fb1;src_f01b2c2a8ef9;src_f7c806cd753f;src_fba373c1326e;src_fdd01a91b29a;src_fef93cb9100d;src_ffc019d506c8,asap,CC BY-NC-SA 4.0;mixed
exp_642f34fd343f,Frédéric Chopin,Romantic,wrk_7e2d098d7b70,wrk_7e2d098d7b70,rec_a079c1c72499,sources/asap-dataset/Chopin/Etudes_op_10/1/xml_score.musicxml,sources/asap-dataset/Chopin/Etudes_op_10/1/xml_score.musicxml,data/downloads/maestro-v2.0.0/2017/MIDI-Unprocessed_059_PIANO059_MID--AUDIO-split_07-07-17_Piano-e_2-03_wav--3.wav,,data/canonical/alignment_events.csv,,1,79,musicxml,cpc_canonical_beat,licensed_for_research,complete_movement,,true,true,ready,cmp_c4eac3f4866c,Etudes op 10 1,scv_f0ffe2714587,prf_e4a68d910606,aln_567ddc872261,source_recording,beat,source_provided_beat_annotations,source_exact,1.00,src_00a11a73c703;src_02042790b4b9;src_0239dcde9436;src_02b4c992480d;src_02de127b0723;src_0483bddcaf0e;src_0516bbe05f2c;src_05763da8a866;src_0576be99a45d;src_0640b02427c8;src_07e7a002201f;src_08d3337c1d4f;src_09e2daaadafe;src_0ae3e00773cd;src_0b9ff17ecaf0;src_0d44a60dfec9;src_0d64e41dfff3;src_0fb9298a6917;src_1070967f08b1;src_11f3de2bde0b;src_14146c567dd9;src_14850777b751;src_17811c2d7d59;src_19f094e12907;src_1a310a25a343;src_1a7b21d24b1e;src_1c10e262c483;src_1c5a71ef372c;src_1c6a8da5c43b;src_1ccd6f136c60;src_1d5655887d0a;src_1e268c00b0de;src_1e585244ccbe;src_20bf5d646f0c;src_21673dc541ba;src_2178270acaad;src_22a0386b30d6;src_23b668cbe3b1;src_24c82f29da65;src_24febe225615;src_272b23d24d70;src_292f4c4a9cb0;src_2c15204358d3;src_2ccaed3bbcec;src_2d1148e16885;src_2dab1a115838;src_2e355c28ea4c;src_2f0f7c24195c;src_2f22cab3dbf3;src_31856d42e4f9;src_34178768aa2b;src_34e98f1279d1;src_38e1816aec93;src_39bed2f8a107;src_3a20fabcb702;src_3da857abed9e;src_3e32907835de;src_3edc179e1fbd;src_3f42105789b6;src_3fe25cc6eb95;src_3fe8d4c94fdf;src_41ea47a6f741;src_4311589d954e;src_43369dbc95f1;src_43b088078568;src_465e5be8b2f3;src_46dc7d27d709;src_46e84d6d89d8;src_473902c3ad9b;src_47e7a3b90e1e;src_4926f3523f65;src_4a853d1f6d9e;src_4aca4e216321;src_4b02ec432339;src_4b6583fcf3a4;src_4b7519516553;src_4bb561e9f927;src_4d12965f9352;src_4d711c02c0c8;src_4eafd4642e04;src_4f0c5dda734d;src_4f76bed3e422;src_4fe97040362f;src_501888209aec;src_534d4aef4d8e;src_53aafe64d873;src_53dc645742b8;src_568c9083326e;src_56e5293105c0;src_597b03744f01;src_598ba01ea85c;src_5999893f3ec1;src_59a80d7ca6c7;src_5b0ccfaf2494;src_5e9ff38889c6;src_602f7b4c22cc;src_604eda41d763;src_615c1eb4c640;src_625665b305a4;src_6280910f125d;src_62d05f832a31;src_643a35cf6b99;src_65c54647e67c;src_665d76c81c26;src_668f73d79fa0;src_670956a4f3f4;src_6976e820ff92;src_6d1ec68e54dc;src_6f216d6d7b56;src_6f3144540c85;src_70243fe1fa5d;src_704aee9e6c38;src_711f1ac83f06;src_716ecc2fe49f;src_721eef35b477;src_72eaf8f746a9;src_7401e581c1cd;src_7447e06aa26e;src_7607ad5d4b8a;src_77599c9d7a1e;src_7d39d44087d3;src_7f7c65b48784;src_7fd2e0953617;src_834691804625;src_83c0a6c6aca9;src_8443c75ae8bc;src_8771089b3e1b;src_87a8e2b40c34;src_87f11cb0c3bb;src_881d729dfc52;src_8850438505bc;src_88a84ab2b0eb;src_8a28d04529e3;src_8cc71205a4d1;src_8d0049c9b504;src_8d341a7e7e2f;src_8d8132bcc129;src_90420f8b807f;src_9127f114ac04;src_91d8136ae223;src_922577564ec3;src_971292180b44;src_98fbedce93bb;src_9a411c6a3765;src_9aa30a9bdd95;src_9e6ef80718cc;src_9e85ee08512e;src_9f34185b4d12;src_9f4ecfc81982;src_a053be7ae8d5;src_a0a70bdff708;src_a24b106f7a08;src_a36b04d0adec;src_a42159968b2a;src_a491abd9601f;src_a4afd58af4d4;src_a71be20b0013;src_a75beaa762f0;src_a8d0a90d6fca;src_a9e4bbff3b19;src_a9ed1bab6e30;src_abe19c567812;src_ac33020a550f;src_af25c2808e1c;src_b0997cf57101;src_b2b324ebdad0;src_b2e8b6fb462d;src_b3029e43eba6;src_b3fac135c74e;src_b46a87871c12;src_b87b15248f1c;src_b8c8902f7753;src_b9f517c34e0a;src_bc150e23f863;src_bc81d5b4a84b;src_bf60fcd021fa;src_bfe8ce299479;src_bff641e3ddb1;src_bff7d7511576;src_c13fd203be7e;src_c1857c8ff81e;src_c2a9d866e89c;src_c45030d8864e;src_c5792d8dfd7b;src_c5b9418fdcbe;src_c5eaaa0b05ec;src_c641c521e744;src_c64ee1148759;src_c7a8ba021173;src_c865881c18b8;src_c93445ac3a6b;src_cc97d26f219e;src_cde3829ae23d;src_ce5a0b2166fd;src_cea4869f8b3d;src_d2a558862f15;src_d34e68b0ab0d;src_d465f6054df7;src_d6dcf879f383;src_d719bd2fbf75;src_d9f5aa679ddd;src_da16c9b8b51c;src_db0867f90d4d;src_dc860347f752;src_dcd6fa7c8fe0;src_dd776caeee53;src_ddf47c403ba9;src_de4bbcf41ea9;src_e06ed994b043;src_e18a8f7199bb;src_e2062c445adf;src_e38525fe1af9;src_e4cf10780527;src_e4ddd18a3167;src_e5d44828865b;src_e6571fd2259c;src_e697fffaeba3;src_eb1484e5e98f;src_eb1ecc767d94;src_ec9bbbaf5b68;src_ecc2669c1441;src_f1cd837b1a80;src_f218560cec8f;src_f23a6014bf16;src_f320cfb76525;src_f3769daa5aa7;src_f37f737b9e33;src_f3bc83e2a3a9;src_f53e11eefeb3;src_f586645db124;src_f6d40a8cfc6c;src_f7f2ca82edd3;src_f85f75d1f741;src_f8e0f4b06021;src_f97cebb07044;src_fbd91b0da9d4;src_fc411ef78bc3;src_fca33c043206;src_fed144a1a177;src_fee34fe2dd16,asap,CC BY-NC-SA 4.0;mixed
exp_65c381bfb7ef,Wolfgang Amadeus Mozart,Classical,wrk_ab0f834b90b5,wrk_ab0f834b90b5,rec_17eb936080ac,sources/ACPAS-dataset/subset_S/Mozart/375_CPM_Sonata_No.12_F_major_KV_332_2/S_149_A_MAPS_mz_332_2_StbgTGd2.mid,,data/derived/rendered_audio/fluidsynth-2.5.6-musescore-general-0.2-v1/rec_17eb936080ac.wav,sources/ACPAS-dataset/subset_S/Mozart/375_CPM_Sonata_No.12_F_major_KV_332_2/S_149_A_MAPS_mz_332_2_StbgTGd2.mid,data/canonical/alignment_events.csv,,1,82,mid,cpc_canonical_beat,licensed_for_research,complete_movement,,true,true,ready,cmp_2d3dbfa86295,Sonata No.12 F major KV 332 2,scv_2c1989e6f807,prf_b2e158be8258,aln_114216804f93,synthetic_rendering,beat,source_provided_beat_annotations,source_exact,1.00,src_299f50cfea1d;src_2ce218411100;src_2e2f1892630b;src_32af3d8002bf;src_46f1c5045232;src_6b2bbaa820f4;src_8dcb6182abfe;src_98e80603d674;src_a1290df090af;src_a80bc86a4c74;src_bb1904e8eb5e;src_bc8b18cc3782;src_c46870226add;src_c58e7833417a;src_c7e02667684f;src_d1d28b0a40ab;src_e4dcb9013b50;src_e82de3db48da;src_f2f6651e07ea,cpc-rendered,MIT;derived audio; source MIDI terms apply; SoundFont MIT;mixed
exp_6651588a3a26,Frédéric Chopin,Romantic,wrk_977621526cb9,wrk_977621526cb9,rec_d10caeb94672,sources/asap-dataset/Chopin/Sonata_3/4th/xml_score.musicxml,sources/asap-dataset/Chopin/Sonata_3/4th/xml_score.musicxml,data/downloads/maestro-v2.0.0/2014/MIDI-UNPROCESSED_21-22_R1_2014_MID--AUDIO_22_R1_2014_wav--5.wav,,data/canonical/alignment_events.csv,,1,286,musicxml,cpc_canonical_beat,licensed_for_research,complete_movement,,true,true,ready,cmp_ad2d73a6c8e0,Sonata 3 4th,scv_b4acb03c45a8,prf_dda289fa1725,aln_6af4c900bede,source_recording,beat,source_provided_beat_annotations,source_exact,1.00,src_006c56253de2;src_0179a749c1dc;src_07e56d949e9a;src_09decb1ac376;src_0adec1bcb2f8;src_10e06369e879;src_12c602448eac;src_13f67ae21817;src_1783038a33c0;src_188d86305574;src_19e4e6a305d0;src_2637de13414a;src_279d8e0bba65;src_295e700ebb02;src_2961b10df106;src_30716013ec01;src_3206fc9e6260;src_332c95d16cd2;src_35cf7d2e2fe4;src_399a2d08f9bf;src_3a2d961fc032;src_3d7138a2887d;src_4226b057d30a;src_428710d0c9cd;src_478498fd9b92;src_48cd816945d4;src_508a8dc9d5d9;src_5498e68a2b0d;src_56be4d64a3ac;src_5e9601360482;src_617e2e8b080f;src_622ecbf6104a;src_6299ae875f8d;src_66bca615e309;src_6706ce9dd961;src_692430b72c53;src_710dc3e353f6;src_729997aa9073;src_733731fb1e61;src_747148fdbed5;src_7de8d840ea73;src_8902ecb6a480;src_8c45d2c7203a;src_8c9d4b131a41;src_8cb96a6a58e8;src_8fc64398536a;src_9054c9387617;src_91bd7e5b7e82;src_97038faf5131;src_98fd81e41937;src_9964934e1ee0;src_9c1612d701fd;src_9ca5ee45b1e7;src_9f807f3c0949;src_a3202d03ce47;src_a4810edd63de;src_a9e813735536;src_aad1b942484c;src_b17f4d5028da;src_b180524daf99;src_b1edc756dd94;src_b8d4e0cd8382;src_b92691da02c0;src_bce9da75b95f;src_be69217ff820;src_c0af783563b7;src_c21e8724a454;src_c2bef5820c05;src_c336e9fb7426;src_c48624a6065a;src_c98a41bd67ab;src_ca743fc9a5d7;src_ca9cadbef585;src_cc1cea86a83f;src_ccf3056dded5;src_cdd0445f31f2;src_d0e61f79529b;src_d21d694925a4;src_d35044fcce1a;src_d56428287429;src_d97c3d8c9846;src_d9e3f9c8fd3d;src_dbefafd59e08;src_de1b6bde0404;src_e1420b432246;src_e466070ae6bf;src_e53cac3818a4;src_eabc6574b5c3;src_eb9df4e27fd3;src_ebe33ba29268;src_eea3d66aced8;src_eeb49c4e0a71;src_efd1cb02d9e5;src_f4c2a4c31b1f;src_f6b78a2b20e9;src_f7565902f4ed;src_f771ef389149;src_f7c5285f8f2c;src_f8dd54153991;src_fd60547df1ed,asap,CC BY-NC-SA 4.0;mixed
exp_670a4a28c2bb,Wolfgang Amadeus Mozart,Classical,wrk_8e20f86737b4,wrk_8e20f86737b4,rec_be7e49226091,sources/ACPAS-dataset/subset_S/Mozart/375_ASAP_Piano_Sonatas_12-2/ASAP_12-2.mid,,data/derived/rendered_audio/fluidsynth-2.5.6-musescore-general-0.2-v1/rec_be7e49226091.wav,sources/ACPAS-dataset/subset_S/Mozart/375_ASAP_Piano_Sonatas_12-2/ASAP_12-2.mid,data/canonical/alignment_events.csv,,1,40,mid,cpc_canonical_beat,licensed_for_research,complete_movement,,true,true,ready,cmp_eda77c2e8305,Piano Sonatas 12-2,scv_fb7bd6feab3c,prf_731aca735ed7,aln_f91520f228fc,synthetic_rendering,beat,source_provided_beat_annotations,source_exact,1.00,src_2485576c71fe;src_30aa10fd6720;src_337cfb67733b;src_37bd798c1681;src_3b51b65e1d21;src_3dd21c955736;src_435435ed61bf;src_5a57fceeea0d;src_67ef86dcb1bd;src_687aa544eaaf;src_69176cda3201;src_699ad9a07ebe;src_6c5295f565c1;src_773896867338;src_7893a91f0b23;src_7a0414aee7b6;src_829c5f7461f6;src_8f49e6203298;src_959c0f52c3a8;src_98e80603d674;src_9b61d7884467;src_a02b69a9fb89;src_a80bc86a4c74;src_b0ac4d0daea3;src_c7a5b1dc1121;src_c7b9e4ded88a;src_caa99495cf9f;src_d6d9fec6248d;src_d890158e5c17;src_da292dc8c2ab;src_e08285481992;src_e4f0de46f79c;src_e63dc4e4cf6b;src_e725cb9571d6;src_e963c8465711;src_ea652258f512;src_f082886ff1fa;src_ffb0192febf9,cpc-rendered,CC BY-NC-SA 4.0;CC BY-NC-SA 4.0; non-commercial research and education;MIT;derived audio; source MIDI terms apply; SoundFont MIT;mixed
exp_6710645cdd0c,Frédéric Chopin,Romantic,wrk_cc42b6bacfae,wrk_cc42b6bacfae,rec_372d19bb4ab8,sources/asap-dataset/Chopin/Ballades/2/xml_score.musicxml,sources/asap-dataset/Chopin/Ballades/2/xml_score.musicxml,data/downloads/maestro-v2.0.0/2008/MIDI-Unprocessed_15_R1_2008_01-04_ORIG_MID--AUDIO_15_R1_2008_wav--3.wav,,data/canonical/alignment_events.csv,,1,204,musicxml,cpc_canonical_beat,licensed_for_research,complete_movement,,true,true,ready,cmp_bb516492de95,Ballades 2,scv_3eaa2e2c4410,prf_f4c5fd54dfb7,aln_86427978bfe6,source_recording,beat,source_provided_beat_annotations,source_exact,1.00,src_021bf12b4129;src_0580acf2f2ad;src_08ee7b517c52;src_0a122be5e54d;src_0e349eb6b8b9;src_18a67195d3bc;src_193369e81e6a;src_1a65d678022d;src_1f90c4e9dd2f;src_22daaa3576cf;src_24a60d219d47;src_25d288f1575f;src_26a8346c5e34;src_28ea814d375d;src_2f4fb4aa0db3;src_314a3d49c9b0;src_317294a4f226;src_3191c768dc54;src_3480f870684c;src_45fd1aa5deae;src_49e8021a89cc;src_4f2bb44e5ce9;src_5a3bd4471b25;src_5b68322a8fd5;src_61837c612605;src_6bd3dd63c5e3;src_700ce1b1a046;src_72a8c59b9637;src_72c5d9879866;src_7656f324e9e9;src_7e93b9592f2e;src_82c57ec3dab3;src_85214c7dcbe3;src_92968eaec006;src_92f121b05b4a;src_9ed3badd65a3;src_aa418d0d1838;src_ad32e396608e;src_ae4a2096b884;src_b0ff64071645;src_b1faf3d013d4;src_b2f4b7d0a923;src_b4c99ee3beb4;src_ba999137a83c;src_bce72d5b2e35;src_c82ea8f39917;src_c92c84b3d680;src_c9761b842e65;src_c9e6e1d459d0;src_cebf7fa9ff57;src_d32c3c505085;src_d3631dc7ff42;src_d5f9ee84cd5a;src_d6526b1eaeed;src_da18876564a5;src_dbe7b38ca9a2;src_de72a04699ba;src_e02c1806f543;src_e0ff6964b851;src_e11d377250ed;src_ed283a1ed765;src_ef80da2ac841;src_f052eaf3b2bd;src_f117f0639495;src_f41a5c90415c,asap,CC BY-NC-SA 4.0;mixed
exp_67db2ac8326c,Frédéric Chopin,Romantic,wrk_722d28e8b59c,wrk_722d28e8b59c,rec_7d6b30708fcc,sources/asap-dataset/Chopin/Etudes_op_25/12/xml_score.musicxml,sources/asap-dataset/Chopin/Etudes_op_25/12/xml_score.musicxml,data/downloads/maestro-v2.0.0/2015/MIDI-Unprocessed_R1_D1-1-8_mid--AUDIO-from_mp3_04_R1_2015_wav--4.wav,,data/canonical/alignment_events.csv,,1,83,musicxml,cpc_canonical_beat,licensed_for_research,complete_movement,,true,true,ready,cmp_37866f5ade57,Etudes op 25 12,scv_f6b36e9722d1,prf_d563ee705107,aln_bb681f4988d3,source_recording,beat,source_provided_beat_annotations,source_exact,1.00,src_014c78158b56;src_0161f9dd4145;src_038a2de9939f;src_03dcb6d86f9c;src_052359be7470;src_0eed46111903;src_0fd33e89cb6d;src_14cd8413fad9;src_18b4a1dd9605;src_211b4339eb3f;src_21d0d63f2d5a;src_2cad9a413281;src_39db6e587d47;src_3b5b7259e752;src_3bb45ca23156;src_405c5b74f7fc;src_43444693f9d8;src_459bfd4c6009;src_4a3657fbf079;src_4a3dcb9430ec;src_4e62c22fa679;src_4ece4110db4c;src_4ff068a80883;src_505d5b6eb698;src_50aa5f84051b;src_50cc45b652db;src_529e0c898a8d;src_52f92c1d5177;src_532bf85c7fd2;src_5583a3afdac0;src_57947ac7c9c6;src_58fe9a6cd661;src_5952053b9ee2;src_5cd8e24af707;src_61cc9f00fa20;src_61d5f5d6b518;src_62d66fb785fa;src_66b73ae17d06;src_6db3691369ef;src_6e828d26039c;src_73afabf5ff67;src_77b79288df22;src_7c2c2a9f2ec1;src_7f65907bb843;src_833bb0b18095;src_8571fa07bb9d;src_8af3cc25c713;src_8ca6a463c931;src_90a4f691f60b;src_913113193336;src_94ec052f4002;src_9a846f712c78;src_9e6adfcc88a5;src_a3c2737216d5;src_a734595377a9;src_b12c40f4b1af;src_b41c7b326c6e;src_b5bccc2edbfa;src_b72025b36b3e;src_bb19b28f02a7;src_bbcac8f64c90;src_bbd03239baef;src_bdde62215181;src_be1c43aaa668;src_c0ae834efca8;src_c1092ad98af8;src_c19849f301bc;src_c42ea75e60b4;src_c49c3e053ad3;src_c74a15c3c488;src_c8fce56d1be5;src_ca4191d61282;src_ca6480797740;src_cb7588284fe6;src_cda56a71d6df;src_ce86414abaa4;src_cf146fca6902;src_cfef437f043d;src_d5baf6912418;src_dde58fc98fd1;src_e081693baa71;src_e36c54646dda;src_e40046747627;src_e56ba4646ca6;src_e6946cb6e8fc;src_e6e11f746319;src_eb0d8cb05fb1;src_f01b2c2a8ef9;src_f7c806cd753f;src_fba373c1326e;src_fdd01a91b29a;src_fef93cb9100d;src_ffc019d506c8,asap,CC BY-NC-SA 4.0;mixed
exp_68dfccaea36b,Frédéric Chopin,Romantic,wrk_2dba713813f1,wrk_2dba713813f1,rec_182194e4fa4f,sources/asap-dataset/Chopin/Scherzos/31/midi_score.mid,,data/downloads/maestro-v2.0.0/2015/MIDI-Unprocessed_R2_D1-2-3-6-7-8-11_mid--AUDIO-from_mp3_06_R2_2015_wav--4.wav,sources/asap-dataset/Chopin/Scherzos/31/midi_score.mid,data/canonical/alignment_events.csv,,1,780,mid,cpc_canonical_beat,licensed_for_research,complete_movement,,true,true,ready,cmp_4fade9260416,Scherzos 31,scv_e60623ce59c0,prf_eb26cd503257,aln_db027a1aa92d,source_recording,beat,source_provided_beat_annotations,source_exact,1.00,src_006c839a80ea;src_03ec7fb9092f;src_08134f626795;src_08e670c23d34;src_0b72c15addfc;src_0bc1fe84af4a;src_0dd11732e425;src_0de8ac2c8599;src_0e645eceece1;src_10216435519e;src_12ab227cb34c;src_138362adddcc;src_14c2683c4513;src_14d189b77f6d;src_154ebb60d6f5;src_1790fe670e03;src_1a9b66ff8c11;src_1b9267d8f580;src_1df244266d31;src_2045dfef6313;src_2155a88bcac7;src_22f872c756fb;src_24b52b2550ed;src_257509ed30ce;src_2697395bb90b;src_2941af989b7a;src_2a41a71b037b;src_2bfe1367fa4c;src_2c721d5823c0;src_2e4cea999436;src_2f2baef5f837;src_306784351627;src_3720177a070c;src_381c1815b9fd;src_38cf01742654;src_3977569a818b;src_3aa959d83570;src_3c623434f0cb;src_3e2b714e90e2;src_3fed61a3c179;src_42fff87e78ee;src_432ba7627149;src_45d579dddcc7;src_4867c43d87ac;src_4894f57f1e0d;src_48af8ece423c;src_4b09869d8f59;src_4d2af982e022;src_4e226bb1d5e0;src_4ece58d294e6;src_4f57168c8a61;src_50610cfb75e2;src_526fb353580e;src_533c262d36d8;src_534397905719;src_5432f36db989;src_54c8541a49b9;src_564dbf2b0b7b;src_58166fd764cc;src_5895a19e2275;src_5af8a4700c33;src_5b87e9a003f5;src_5ba9446f5ade;src_60a6cd80c5de;src_60fcad5eaf59;src_64810fc38756;src_64f52ae94b8e;src_6516c808d60b;src_692f3b741b24;src_6b6a3431c666;src_6b8ed8c853cc;src_6beaa5b745af;src_6e37149a3e76;src_71461211c7d2;src_722d73269a95;src_729431c61f4b;src_72e63fbbb92b;src_7300493c7fd1;src_7304bb751c4c;src_74c11e6f192d;src_7987bf888a1e;src_7ba2aefcdb1f;src_7e8c5df43048;src_7ff138bcccab;src_814bbb422235;src_867532b5b031;src_87ec9ed6d64f;src_88f7d0aec04e;src_89aa3aea0d3e;src_8c66bdabd602;src_8d7ad4dab8a3;src_8f44534f098d;src_8f60608fccdc;src_91ced24f2e96;src_926302821870;src_936f10781a02;src_96a7deb336de;src_97cce262d259;src_98f719dced96;src_9a7257ae1b31;src_9adb5f5e3832;src_9dd276267da2;src_a2c9d3bac2b4;src_a399d487b701;src_a3ccc4e39419;src_a46c4fea6fdb;src_a48c2c298d22;src_a66a981e9a0d;src_ac126b2eb8ff;src_ac764ad03507;src_af3d62b60ee6;src_b1ca61d09313;src_b2eb510e1015;src_b30f3a46d9de;src_b5193a49f80f;src_b5fa21a0069d;src_b6d96a177074;src_b717036bdff2;src_b737eeddc19b;src_ba1fbeaec487;src_bc52bc0d513d;src_c1b1c5d55de7;src_c1d294de8f4b;src_c57bfd32e89a;src_c5e7f534504f;src_c64723536af8;src_c6c9fe8d00ca;src_c72bffb14df2;src_c79b85f3a1bb;src_c90c9a180971;src_cca667697101;src_cd9d1d4dc41b;src_ce53fcca9859;src_ce65f42219d6;src_ce7979f711b0;src_ce81b5d116da;src_cf55a418092c;src_d16ae8fe4a03;src_d4031242fadc;src_d6bfd3c9e23e;src_d75bc1c20019;src_d87ad2691f42;src_d9e86a5dd044;src_dabc69505eb5;src_dc3a8d8f3f0a;src_dfe223d7f6af;src_e1ab36671867;src_e275c071d331;src_e77359a112b4;src_e818678be8c0;src_ea723e07821a;src_f1096d55bc87;src_f1f6ba1d1f97;src_f3a4a4ad2b15;src_f4fa56d49a32;src_f5e5dc0427d6;src_f668cdd75351;src_f80172d9a37f;src_f844561cb65f;src_f97f6ebc8fa0;src_fc4fe9e1037e;src_fe8cb323dd18;src_fe97db8a4888,asap,CC BY-NC-SA 4.0;mixed
exp_6a7ae20d68f0,Frédéric Chopin,Romantic,wrk_9fb2db5f520d,wrk_9fb2db5f520d,rec_95bcd9323444,sources/asap-dataset/Chopin/Barcarolle/midi_score.mid,,data/downloads/maestro-v2.0.0/2013/ORIG-MIDI_03_7_10_13_Group_MID--AUDIO_18_R3_2013_wav--1.wav,sources/asap-dataset/Chopin/Barcarolle/midi_score.mid,data/canonical/alignment_events.csv,,1,116,mid,cpc_canonical_beat,licensed_for_research,complete_movement,,true,true,ready,cmp_ccd7dd49c8be,Barcarolle,scv_6c00bca6f68d,prf_d038337aaa1b,aln_0f37dd8fbd92,source_recording,beat,source_provided_beat_annotations,source_exact,1.00,src_00bc0a983c65;src_02079f7f9b3a;src_0279d316bf30;src_0ceb0ce7deaa;src_1281873d0da6;src_12ee54737b0f;src_15a9eb410287;src_16cd034abf72;src_1823b51fb262;src_18a077e871d3;src_191a918788c6;src_1b52bf991ea0;src_1b6dcf8ab6e0;src_1d3d4dd44df7;src_1e3c622f99f4;src_1ecb8c13e5f6;src_2318c3b53dbe;src_2375b4e35968;src_24fa2cc99e18;src_26239b38b946;src_2659e8dd41af;src_284f89854fdc;src_29f2a3fd9bc5;src_2bdcc1f1f832;src_2ed7914b23cf;src_3058d009838f;src_32876c5f8b40;src_33707ae06e71;src_38c26682fe2c;src_3c36d0f18899;src_3cc364ea974b;src_3fd043377d5c;src_44738b05b6f7;src_47446933f4ce;src_4a9170a08027;src_4d95da17eca7;src_4eebdf97fddc;src_4f4e586ece4b;src_5a355f3215bc;src_5fb30624b8b8;src_659de6a045a9;src_66f0da1f2040;src_698d389cb1c0;src_6a41cb54ea8d;src_6c7c5e97b89a;src_6dd3efb6d20f;src_6de70e5bf1cc;src_6f364965f12f;src_704ab8321aa6;src_7110bd677d95;src_71a82d6c811b;src_748d4a8352fe;src_78ed826800ac;src_79ec5ff025b9;src_7b62c2d64ff7;src_7dcfa728cd20;src_7ff36cba597e;src_8335dd2a476d;src_835c2ccb3507;src_849d0ad7bf15;src_89eb0aba2317;src_8a678ebc3c21;src_8b13e3f1cb46;src_929037aa79e9;src_955f303b0ff2;src_99971f7fad8d;src_a48a9ca27951;src_a5fb46090c7b;src_a646de7398bb;src_a7126db912c6;src_a792af9cdc3a;src_a7b68c3f0e74;src_a911cb23bfed;src_a913066f4fd8;src_aa36d5f9755c;src_afc1cd16db52;src_b07f5a48fb7a;src_b4f16cc75913;src_b79832df97e8;src_b93a662ebee2;src_bbb8f5eaed7e;src_bcf17d76a1c9;src_bf42604fd477;src_c062cd8a5ad1;src_c1793ed938e8;src_c230eb157033;src_c40fe159303d;src_c45d7273d93d;src_c4ba7df2a67b;src_c4e308ba49c2;src_ccee3dfb49c9;src_cf467a55e1cc;src_d2c188c1c8b4;src_d66ea7efb5f2;src_d8eb640201a5;src_ddb3e6401b55;src_e7103b03c624;src_e7ebae0e4c43;src_efb5f2e82137;src_f23ed59af74d;src_f4a6711293fa;src_f56d8da9a4a1;src_f5cf50a7a1e3;src_f7e9d1379794;src_fa596b01b9ba;src_faf17f5b627f;src_fde4094398d6,asap,CC BY-NC-SA 4.0;mixed
exp_6b01bf15db57,Wolfgang Amadeus Mozart,Classical,wrk_3bc1cd3ffd1b,wrk_3bc1cd3ffd1b,rec_c781c018ae6a,"data/downloads/pianocore/1.0/refined/Mozart,_Wolfgang_Amadeus/Piano_Sonata_No.17_in_B_flat_major,_K.570/1._Allegro/score_ATEPP_mini_refined.mid",,data/derived/rendered_audio/pianocore-1.0-a-star-mozart-fluidsynth-2.5.6-v1/rec_c781c018ae6a.wav,"data/downloads/pianocore/1.0/refined/Mozart,_Wolfgang_Amadeus/Piano_Sonata_No.17_in_B_flat_major,_K.570/1._Allegro/score_ATEPP_mini_refined.mid",data/canonical/alignment_notes.csv,,1,208,mid,cpc_canonical_note,licensed_for_research,complete_movement,,true,true,ready,cmp_7353604fc112,"Piano Sonata No.17 in B flat major, K.570: 1. Allegro",scv_aabbcf2fb149,prf_d717ceb83783,aln_045af6712a35,synthetic_rendering,note,pianocore_rascop_refined,pianocore_a_star,0.997,src_0096cd145ddc;src_00c643b83e79;src_00cc6a53620f;src_012ddc8b3864;src_01532fdf4372;src_015a48463d72;src_0207bfbc84a0;src_03905b958b36;src_040e3deb7fb7;src_043cfeadf4d0;src_053599087f6b;src_05533586b348;src_0633cdd80625;src_0636b6921bf9;src_0663e41fe8f0;src_067649e90067;src_0943537473d9;src_0953c4552998;src_0bf7aed5e83a;src_0e5999909b1b;src_0f171063eaa2;src_112c46bb0c36;src_122c9666bf65;src_12c3d8117322;src_1449f4902c97;src_145033a4770e;src_145ed4d340e1;src_14760f754130;src_15ed1e714479;src_179cc543067d;src_1ab226d73c3b;src_1ab82dc4952a;src_1bf368f91b1e;src_1cfca0b358fc;src_1d20dfecc096;src_1e2ecce59c32;src_1e2fb8b5dba9;src_1e807d65da21;src_1f704196f5eb;src_20257fab8dfd;src_2057f70d73b0;src_2208e8a55301;src_225f2e558bd1;src_22d21dd31c82;src_24c338faae22;src_260752777abf;src_266553adb6fe;src_2677d7146e36;src_2687f1cf1a38;src_269a51040448;src_26d0fd0b984f;src_272a0dd8482d;src_2785f7dd10c3;src_29b04433e538;src_2a649e224132;src_2a7b933494ad;src_2b204f5d407d;src_2c172b2b693d;src_2d1fdf39f887;src_2dafa6791fd4;src_2db87bade00c;src_2e2d7ed9d949;src_2fa7c9e034b7;src_2fe67c7a59ed;src_3026dae56755;src_3041773c479e;src_304ad218beb1;src_308d55cff327;src_3150252d47d4;src_321eeee3514a;src_32cd5f9d0ef2;src_33bc5d036cc7;src_33c6341c83e6;src_34874f114198;src_35bf92e87178;src_365c73db8d14;src_36b2b4a8a3b9;src_37388d8fd66e;src_382dd48d0535;src_3840760568d0;src_38e03e7ba707;src_391fb70f17ec;src_3a51d367e209;src_3aed9a4ae93c;src_3b5048b79cc9;src_3b977aeb50e0;src_3bb337b0b17d;src_3d80e991e730;src_3df101418bae;src_3ebb6b83283e;src_3f26e790f42e;src_409f867bedad;src_40da62e17c5f;src_40f0b2dd128b;src_4209e80913cd;src_421aad02d51b;src_422635d78b34;src_427652b1fcfc;src_430ff918ae55;src_433e61a3c014;src_438284a477a1;src_43bff7088ef0;src_43c1f82912cf;src_453048f21465;src_45428e97286f;src_455abb1435c5;src_4629446c4d92;src_469dd864fb02;src_480d3f416798;src_481b8ceecd9c;src_485b8f4ac4ec;src_49607bec2054;src_4962d66cb8e1;src_49e62b34a9a9;src_4a0fb0f52a28;src_4a4a5b2072c6;src_4a72d4955c42;src_4a94f3e33906;src_4acb6c22a3da;src_4af8908ccd23;src_4d174105a67d;src_4e6b9e1fed48;src_4eb45e5ca13d;src_4f45f5ffc575;src_4fe168b82316;src_506c5740391d;src_50882e04adec;src_50acc7ec9305;src_5163288f99cd;src_51a8a61bf113;src_532ce5bbc952;src_53743b6943f4;src_551184e13b46;src_560e3928865c;src_5768289783a2;src_585426d5debd;src_58c681c131d1;src_58f518c23fbf;src_5979c4969538;src_598a5b764447;src_5a79c7412da5;src_5a7ba570bcea;src_5ac66d8f8d56;src_5c513ba9a1bc;src_5c52e1cedab9;src_5ca83ce71c29;src_5f5e8420cafb;src_5fc6c24b888c;src_60c85b6e2187;src_631ba9f86e52;src_652553c5b921;src_6535a0e80a2e;src_657157e47f7b;src_665ed536a4bf;src_66ae9c480f5e;src_677864859a42;src_682bf8e26ce1;src_6994ea3909f7;src_69f0f521b409;src_6ab8e9f8f037;src_6c14ac534507;src_6c410994401c;src_6e1e05f18d55;src_6e3c4def73e8;src_6f2aa6be484c;src_7039ccb6af01;src_732420eeb181;src_73ba67c209ec;src_7489990104c8;src_751398b5841c;src_7526967b1a53;src_760f6baf9440;src_77daf9ee4586;src_78089876075d;src_784923e9a1af;src_7888480842cb;src_78d0d9e81a6b;src_78f6116fc73e;src_7a04540ee2ce;src_7a7d82b5b7a1;src_7ad3ba73763d;src_7b7be90f88f6;src_7bfdfc6ac7a8;src_7c99dea3509f;src_7c9a079ac434;src_7cabbd868272;src_7cafc64dd1d4;src_7de9071ffdbe;src_801567050023;src_80b3954f073b;src_81e35fcbe473;src_82ffde5cf85d;src_8370e26f6da1;src_8410e3cfa10a;src_84e008cb55f7;src_8667079d9719;src_882484c873d4;src_890604b0c0ca;src_8975f4db78b2;src_8b6486f209e1;src_8bec400f4028;src_8c87e003f4fd;src_8d1dae80227d;src_8dcaff6e0a3a;src_8ed92c01fc82;src_8fd7885f597d;src_8ffbf7757f55;src_9063e4771a26;src_9087401181a3;src_9363e0d4f181;src_93c2efdf37d5;src_947c434ec6a1;src_94c78981d1ac;src_94fdd0827bf1;src_9534119719c4;src_958946ea5d7f;src_970384aac83a;src_9738cf9f39b7;src_976821593581;src_9771cd6b0351;src_981f819cbfce;src_98223a6a3a4a;src_98665dd925e6;src_98940729b313;src_98e653428fb4;src_99f98bc8980f;src_9a03d6660529;src_9a20f0d78b0c;src_9ad3189fb60e;src_9ba52b72913b;src_9c915f18f3fc;src_9cbeee3427fa;src_9d49f980e757;src_9e3fc9b49e5c;src_9f7c2b6b0775;src_a0267d4bd38b;src_a05323fbefd1;src_a05f724d5244;src_a07c43f2ed05;src_a08f68fb68ad;src_a134f23f7827;src_a168e1fb1c6c;src_a1b0c0aff449;src_a41d12179177;src_a4be418646d3;src_a5ff43ea249c;src_a760ae927af9;src_a80bc86a4c74;src_a8b69bc29416;src_a8c9f8fab3a8;src_a95f054213ba;src_aaaa7343cb72;src_ab0cd8b60e6c;src_ab6126e3f4b6;src_aba2c25f8bbb;src_ad7d229719f0;src_aeb878cfd744;src_af2cddda40c5;src_af31411fca3e;src_b00dc73962bc;src_b049cd52996a;src_b05337a3c928;src_b0d5da38f431;src_b284a5b6c072;src_b2d31fd91e2e;src_b328f4b87ee6;src_b354d48a39af;src_b40b3103211c;src_b44e746749dd;src_b47fb594cf51;src_b69e18870903;src_b7974fd431e6;src_ba1a8bb2a8b3;src_ba6a1f06ca56;src_ba77dc5ed601;src_ba950a38caf9;src_bbcd3bbe80b8;src_bf1a32a5544e;src_c07ecc59c26d;src_c1f98fc0bf80;src_c21d803a2ce1;src_c35ec19524ba;src_c3ad6693a54b;src_c3b6daa9f014;src_c42aa446b9b0;src_c5d027837bf7;src_c651d64e7612;src_c66f70a352b2;src_c753219aa9b7;src_c75780b2c167;src_c778ef3de9b5;src_c7a4e19b947e;src_ca95554466b0;src_cb5d81062412;src_cd2c5e4ff54b;src_cf487b4d1840;src_cfa3e309f465;src_d06b7ca7a131;src_d0b96f16403e;src_d141bd9607ab;src_d18f9086721e;src_d23923599236;src_d38f689e35d2;src_d39e74122135;src_d3ced9baeb71;src_d507d0e4bcbe;src_d5d6b182d65f;src_d6b7ef748d98;src_d74f13e1fff5;src_d79ede991f21;src_d82c3113ba63;src_d8ee49684797;src_d95ca963f192;src_daa25e8c2ed1;src_dac949f10828;src_dbc360f04b91;src_dbc91c44e618;src_dd4a1bfdd4a2;src_de42947c39a6;src_de75f446d3f1;src_de8180c74b83;src_debbe9b05ed7;src_df1f49784cf5;src_e1025327183f;src_e192161ad2ed;src_e1ae2fef51d3;src_e31def776c20;src_e40e21b64b00;src_e596ad165203;src_e647a49574e8;src_e65f0d2d7ca6;src_e734aed2ec27;src_e804faa5bcab;src_e80f7c58ca44;src_e8b9ee073f5e;src_e97ec24fdfd3;src_ea53c64d3fb6;src_eb2f71627009;src_eb5d1bbc3208;src_ec7b95be10a4;src_ece8a746f9d1;src_ed083d7a1a8d;src_ee68cb01307f;src_eefc6d0e61b0;src_f2320ad9cf9b;src_f2ea282c4218;src_f5359d77ec9e;src_f61cf1ebca53;src_f63db4c07674;src_f76c4c6f9176;src_f7a1bc52cdaf;src_f7c340df6caa;src_f7e509411780;src_f82e2b1c708b;src_f95993ce3e4c;src_f968658cbbdd;src_fbac251ce72d;src_fbb69e10eef6;src_fc9072090979;src_fca869060bd8;src_fd11a06846ed;src_fd34e7511f73;src_fd55f5379aaf;src_fd6be3e899a0;src_fd8f2a1e811b;src_ff68f9423d3c;src_ff714d9efed3;src_ffc7e9d751fb,Aria-MIDI,CC BY-NC-SA 4.0; non-commercial research and education;MIT;derived audio; source MIDI terms apply; SoundFont MIT
exp_6d13624629db,Frédéric Chopin,Romantic,wrk_699b3980c9b1,wrk_699b3980c9b1,rec_4bf2bb0108b7,sources/asap-dataset/Chopin/Berceuse_op_57/midi_score.mid,,data/downloads/maestro-v2.0.0/2008/MIDI-Unprocessed_14_R1_2008_01-05_ORIG_MID--AUDIO_14_R1_2008_wav--4.wav,sources/asap-dataset/Chopin/Berceuse_op_57/midi_score.mid,data/canonical/alignment_events.csv,,1,70,mid,cpc_canonical_beat,licensed_for_research,complete_movement,,true,true,ready,cmp_7a370787218a,Berceuse op 57,scv_2dbd94603060,prf_747b7372319e,aln_46fd06df0b7b,source_recording,beat,source_provided_beat_annotations,source_exact,1.00,src_0632c1730e0b;src_140e36746038;src_14c3530a25c6;src_190cfaae0ce9;src_19c259048108;src_1be00e6be8bf;src_1c0f384058cc;src_20bd2af7f71b;src_2c8a6e541c40;src_2ddfd7491c0c;src_2f71a490b698;src_337de6def112;src_34e64e14d16d;src_36a344d0a9bd;src_3cf2118fddb0;src_430f175ceb13;src_4317b9265638;src_4a349cbdef0c;src_4dd1a3260b09;src_5aabaf49dd46;src_5bab14a26f2f;src_65b48a65a025;src_67939cbc28c5;src_67b48e2d98c2;src_6a227e726c9a;src_6b9139ddf508;src_6cf2ce5d76e3;src_6e1ff21831ed;src_7328474f62ed;src_73fcdbdc5deb;src_749c1c59f910;src_74a14c5ec00f;src_74ed67dc0456;src_76675efc4771;src_790d4d3d117d;src_7b318fb8e1e4;src_7b6c23e8a8bc;src_80c2f218c63e;src_81db91779a32;src_823a2e603a1b;src_849c35fe1190;src_86ee7435435d;src_89039232bcc4;src_8ab227ca3bb2;src_8d57759079bc;src_8dff5d796dcf;src_9d5a1eba6951;src_a2070fbe06b7;src_a9a1ed077b61;src_acae3be1fee9;src_ad6f4b5b4f18;src_b4e393e94ffb;src_b5b6bcf39d29;src_ba96bb0b90ff;src_bfb700e84c19;src_c9c76e3169fb;src_d6c8050e1fa5;src_d72202cb7a32;src_d9a36af48c5d;src_db46935788b3;src_dd0579bb408f;src_dd670a9c430e;src_de87f483b836;src_dea4b9362af5;src_dea6ba39600f;src_e4d93d192ea3;src_e5002a3a5e26;src_ea6c3e7142ef;src_ed266f67ef52;src_f043b45734a6;src_f1a9724318af;src_f4cc8925e433;src_f5b222ae4b62;src_f629182e8b52;src_f67cec306fa2;src_f93e2208bb6a;src_fac800026914;src_fc3984fde8b4;src_fe41893e710e,asap,CC BY-NC-SA 4.0;mixed
exp_6d23375d06e1,Wolfgang Amadeus Mozart,Classical,wrk_5f3034c8112c,wrk_5f3034c8112c,rec_4db03da674c9,"data/downloads/pianocore/1.0/refined/Mozart,_Wolfgang_Amadeus/Piano_Sonata_No.16_in_C_major,_K.545_""Sonata_facile""/2._Andante/score_ATEPP_mini_refined.mid",,data/derived/rendered_audio/pianocore-1.0-a-star-mozart-fluidsynth-2.5.6-v1/rec_4db03da674c9.wav,"data/downloads/pianocore/1.0/refined/Mozart,_Wolfgang_Amadeus/Piano_Sonata_No.16_in_C_major,_K.545_""Sonata_facile""/2._Andante/score_ATEPP_mini_refined.mid",data/canonical/alignment_notes.csv,,1,74,mid,cpc_canonical_note,licensed_for_research,complete_movement,,true,true,ready,cmp_724065d1b854,"Piano Sonata No. 16 in C Major, K. 545 ""Sonata facile"": 2. Andante",scv_d80bb5c6e0c2,prf_4c3b864a5785,aln_26e15a824911,synthetic_rendering,note,pianocore_rascop_refined,pianocore_a_star,0.9974,src_000e1689e968;src_0061f141d282;src_008168af4f93;src_011cee3eaa9d;src_0133d58c1b8b;src_015ad9c645d7;src_015e49e016ca;src_016bfe439148;src_0251fc2d4d6d;src_028377ba534b;src_0283a098ab4b;src_0292ed540488;src_03bf020de62b;src_03e58d81ed0a;src_0455bc85e18e;src_04a04fa15cae;src_04a7f3421850;src_057afa591af1;src_059fe63a5780;src_05ed4f811077;src_0609993becf6;src_0623aefcbd7e;src_0657f4874a3c;src_0667c899f14b;src_073ab451bb6d;src_089a59241c63;src_08df3593f287;src_08fa4193deb5;src_0919604df02a;src_09d764a2c86e;src_0a3ec220e37e;src_0ad263f016e4;src_0afc1e7bd775;src_0b8dc8e3b227;src_0c67247940e2;src_0c8f1b560fe7;src_0d22ee4a8aad;src_0d835d77ca69;src_0e57b73191e3;src_0e67072c9c8b;src_0ee7bd3f7b73;src_0f60d8ca713b;src_0fb029a1adc7;src_0fff5a6fe27d;src_1049e377182b;src_10932abedd78;src_10c94f1da529;src_10f86a9fce1f;src_110345c3c659;src_1122579b5d7b;src_1138c83b5e25;src_123486826206;src_12525e6228ea;src_129c42b253e8;src_13023318c6bf;src_139c40666ac9;src_13d2f694e3e5;src_13d74748e133;src_1491cdd6ff79;src_14b0c4f3b87c;src_155527bac523;src_157ed925dcfb;src_15ff050c76af;src_162c60cf9e36;src_1649b8578907;src_1683563273b6;src_16b4a859ece4;src_16e62d9ca730;src_170a6e38661c;src_17571400644f;src_17dae78034c9;src_1802095bf717;src_181a00bdfdce;src_1820414191a9;src_1858887aaf66;src_193bacdac617;src_1969fb5b3e64;src_197cc3a07251;src_19a180998982;src_19bba9c1df48;src_19bef2e11f58;src_1a38ccb0fd96;src_1a39b42522a4;src_1b7202fa643b;src_1c3e629bb8e1;src_1c477902b0ce;src_1c8d402f00d8;src_1ceb6791321b;src_1d6b178ac7a1;src_1d6e715bd536;src_1da933843bd0;src_1e2ecce59c32;src_1f31ed5bc76b;src_1f360705fdea;src_1fc1abd870e4;src_20cdbda345d9;src_20ee492072a9;src_2152deaf7e12;src_220c652b6584;src_22aa6fe044d3;src_22fbb0328aab;src_23008bd7f1f0;src_230a8a6a8ce9;src_234a34fe535b;src_237826973c77;src_2390d50314e0;src_24afb8720bed;src_25407461471a;src_254f67a014a9;src_25758330ca02;src_25c56c9d8172;src_25e1d66d7921;src_2607bef127b2;src_262c9bac8d90;src_266352fa1656;src_26661f3e7983;src_26c402bb3916;src_26ce997b2cca;src_26d96aaf48e0;src_26f3dcbed8f2;src_27545e07fadc;src_2774021cc74c;src_27cfc5c9ee01;src_2832a9ab8aec;src_284e3ec4c6c6;src_28bed0ea3027;src_291f48592277;src_29217864e895;src_298b1d20ab83;src_2a402c223230;src_2bdc97cc87a1;src_2cc12c168b7c;src_2e2070a19138;src_2ecf364c4ce3;src_2ee3b0cb56d5;src_2f31e6f55565;src_2f3aee713a4f;src_2f485585ea1c;src_2fb0de2607dc;src_2ffc5a0f7978;src_302bafd0b473;src_303711e2607f;src_309aec521966;src_30f3b468bfb4;src_31db2130105f;src_3208b2650e8f;src_322344932505;src_3347aa2a1028;src_33a7ef7d4932;src_33ba45eee85e;src_34251216f3c3;src_347bf455521a;src_34bdecf9df19;src_3503619b9354;src_3568535b1920;src_35798a89a0a5;src_362d1e989e93;src_3633751e2fb4;src_36898be244a6;src_3760f9869fdc;src_378d8bba067e;src_37d9c4a70445;src_380e135c4a03;src_38521f4c4e96;src_38cfd926bfb2;src_39cfd1561dfb;src_3a0dbbf56908;src_3b3976a28ce0;src_3ba826c7d3bf;src_3bf942019977;src_3c0fea542a87;src_3c626fda11cc;src_3d5d2175ec4b;src_3d5f4a91eac3;src_3ddfab8e9839;src_3de590097b06;src_3f1bbfbb5fec;src_3f2df39d2a4a;src_3f635bc12952;src_3fbf1d6b4a81;src_3fc2e2f7d6bd;src_417f62d1d79c;src_41db5f362dbd;src_4211a13fabb9;src_42ec369565cf;src_437369fc6e5d;src_440951bd51da;src_440b682fd914;src_446d072811a3;src_449e7a3e7efb;src_44ff8cda9475;src_458259a25928;src_45d9a5f470b3;src_46267258f544;src_468e2c610d86;src_46f0c7db3227;src_46f26873aa6e;src_478bb0268712;src_47cc3e29b92c;src_47e4e2f44ab2;src_48596146b849;src_485da6c00c2e;src_4865f46a443b;src_48763fe5e1ec;src_48b39d7d8710;src_49341151b43a;src_493ab2699c57;src_49477503c453;src_495e0b9eb065;src_499a5d6cd22e;src_49c763e45350;src_4a1acde580ce;src_4ac351da64ed;src_4b0b7d972c92;src_4b49952edde4;src_4bb2febb45d0;src_4bd506c376bb;src_4c016486fe9b;src_4c077b66298c;src_4c1ce6ce29ed;src_4c4d0a909205;src_4c6b6cacf60d;src_4ca585c2c984;src_4cfd7cf0d056;src_4d113564c222;src_4d197eac1108;src_4d1ddc5c9888;src_4d3b82f67473;src_4d63c11cade2;src_4d7c5337a4bc;src_4db4e8503c4a;src_4e18a4654f79;src_4e191933aab4;src_4e4d28cd1a09;src_4e8104a1221b;src_4e8261367990;src_4e8e149c3749;src_4e9852a5017c;src_4f1b91d39056;src_4f2b7d24977e;src_4f9e634a9e48;src_5005ff9afffa;src_5045fb376d5b;src_507361adb77b;src_508e2eaecf05;src_50cc4b62489b;src_50e57f3f6431;src_516c769ae855;src_517b60a1f1c5;src_51da5d2c6568;src_5221b9d09b0d;src_53088df0458c;src_536f7f6be5ef;src_542ae74fd367;src_54ee64a3032a;src_553579831121;src_55945a4e5a4b;src_5694c67dbed0;src_56b1fa8df2be;src_56f2bd3290d8;src_570429fcd39f;src_573baa33722c;src_57474c236a1f;src_579163b55b5b;src_57935328f861;src_57a1d0ff8469;src_57b838a62a92;src_5816cffc6aa0;src_583e3c071516;src_587f602e04e9;src_589659888e21;src_58e004b343ba;src_58ec5a4de6a0;src_58f3f3670fd2;src_5946c7deb3d9;src_5988812578c7;src_5a411e8bb55b;src_5a43634f0a08;src_5aa69d753ebf;src_5b56e599aec5;src_5b6bcbec603d;src_5b9a25f2ce81;src_5bd5618bea97;src_5c44455d5f89;src_5c55d8c48557;src_5cb85368ad39;src_5db32dff66e0;src_5e8084fdbc32;src_5eac430111a6;src_5ecdaac96610;src_5f75e0435a98;src_5fd8904104de;src_5fdee2b4748c;src_5ffdf9d1138f;src_6070b43a6308;src_6159add41e0f;src_617741468b7a;src_6237768ea3e0;src_6250222ee61a;src_62a9636e3802;src_62c5238b4798;src_62cb87477449;src_633639a4a097;src_63858ba21c9b;src_63bac854b761;src_63f9d933a1cc;src_64338db0be73;src_648a14fd30a1;src_64978c8df5ad;src_64c04c8f3174;src_65382447ea6f;src_65a8dc7c2fd5;src_65be66fd181b;src_6617b73a326a;src_66962021cde2;src_66d18c940fa7;src_67d70b1efa9c;src_680b91443727;src_68278c94bdbd;src_6879e56946b7;src_68e0b90d492c;src_692d8e7b0ece;src_69319c6bc284;src_69a94ed76cdb;src_69e3df962326;src_6a1a0dafa4fc;src_6a1e0185945d;src_6a50354f416b;src_6acc80f18a8f;src_6ad4ccedb6e4;src_6b53b274a86d;src_6b5ebd465ee8;src_6bd42f30561b;src_6c1ceddc5b11;src_6c81d4ebbcb1;src_6d2f09d0d1a0;src_6e0cb512e5d6;src_6e1aaee203b7;src_6e4d52cba23d;src_6e837a543182;src_6f1b0a030a97;src_6f5b88ec65d1;src_6f71f948dfeb;src_71440fd95d3f;src_71b2be2e715d;src_71d8878c7454;src_72021612755a;src_722dfd8145e8;src_73655f317b57;src_73ee7682b5ac;src_7498fc6bff3d;src_75276e35acc6;src_75ac6b2e1fb5;src_75ef1dfd2419;src_764d592b3a55;src_766369977200;src_76cb4f800877;src_76f2813541d2;src_772ac6d344d9;src_778a77fe9e29;src_77e4d61f9adb;src_781fcbb689a7;src_78447e89ffc3;src_784e3d7a803d;src_786b5202617a;src_7880b44187f3;src_7905edfa8f7d;src_791f4d4df60d;src_794bd683e981;src_79e12f920818;src_7a3eb5ebcefc;src_7a53437630c0;src_7a53d66f6d69;src_7a6dcd8ba060;src_7aa954febef2;src_7ac3d19fe01e;src_7b9fdf815331;src_7c1a32c94cd9;src_7cab7292fc90;src_7d830ff56c35;src_7d846da922a4;src_7ed362e885f7;src_7eea36325bc0;src_7f17439727ee;src_7f1c8f1bdc8f;src_7f610b49c98e;src_7f694c6c0f46;src_7f82f81c9fcf;src_800f2b2e53df;src_80114e94ce22;src_808066198252;src_808b8886d210;src_810190b3148d;src_81109e563ba0;src_81cf98366cd1;src_8236a2e13039;src_8249e360d83c;src_826e0d4f15f0;src_82a183e8e6f2;src_82b14ac99a93;src_82c10952f886;src_82ce82c5896d;src_82e283858813;src_8378624aaeec;src_837ac6b11872;src_83889d0edd23;src_83974809ac86;src_839b110c6f88;src_83a19572a483;src_83be5e7a2d79;src_83e1ad22d2bd;src_83e213191e81;src_84bae37557d2;src_852f4b345d86;src_854952beab36;src_856b0b5f1971;src_860a3976f168;src_865aa9d8973e;src_86f2a25a6014;src_873078dd3583;src_873ef7d4c08d;src_877a170db429;src_87cae8dab6d3;src_882d29b75796;src_8867f4bca8c4;src_892c76a56a35;src_897bac9e7f47;src_89e6ab9f72e5;src_8a7d941cdb15;src_8ad2c3530274;src_8aede654ba88;src_8b66e2914c8b;src_8b730ee6dedb;src_8b875a9406b3;src_8bbccf902661;src_8bc35815163b;src_8bdb0a589ad4;src_8c4520872771;src_8cc781d779d3;src_8d5eb7f2c0ad;src_8d68cdc95392;src_8d6dc7d788d7;src_8d85ee0f5e36;src_8daf5f770657;src_8dee6d7df867;src_8e7aa7732494;src_8e806495fd1f;src_8e9b97abd9b5;src_8eeaef7eb8e4;src_8f048b7eb09b;src_8f3f11036997;src_8f52b83d7ca3;src_9074ecbfc292;src_908cb00b9a4a;src_90e6b45cd287;src_91a1f159e6f3;src_920fa7f1b9c2;src_920fb0b6a5b1;src_926f1a0a895f;src_928fc7a74686;src_92d647288176;src_931f1cb6c84c;src_93990ab42ed2;src_93c272d5530b;src_93c2ebe2135c;src_94756f025a8f;src_9489e620aa0b;src_94e2fd845b3b;src_950131b21ee5;src_95b42dc506b3;src_95d09f5d31ab;src_962c6e526175;src_96308bc60a69;src_96b98283ffe9;src_96c31e87dbc6;src_970d1e4c424a;src_977ad835d168;src_982d77829f48;src_9838d3c7e9c2;src_9867cef49297;src_98896180d897;src_98c805c006e6;src_98dc161ace79;src_9935e60426b4;src_994fb8ecf47a;src_998e82a41b21;src_999047d2fb7a;src_9a4c8a12c5bd;src_9a4fd0a1f2bc;src_9a57b1e207af;src_9a6ef6365f51;src_9aaf78f2cbcf;src_9accd4f456ed;src_9b379485d107;src_9b6ecfd6f533;src_9c0a17f3ca94;src_9c57547b7df5;src_9c6410966224;src_9c6c2c033bdd;src_9c99cb3e5d2b;src_9cfd63c3c5dd;src_9d37ed001167;src_9e1ac178d631;src_9e81cb8010e5;src_9e8ececf5522;src_9f41f02c5cc2;src_9fd453e81815;src_a0b9b62deb77;src_a0baafdc2da4;src_a0d707fcf01c;src_a0e90aeb4cd7;src_a13bb43b3a08;src_a15257e34a1d;src_a1a7b8ef50ce;src_a1dd2c743ba9;src_a1fdb7b94994;src_a239cbd4fc66;src_a2bfe0a41a45;src_a2cb5b3edb1a;src_a3182d66f93f;src_a3338f623910;src_a357dd4b002b;src_a36317948a14;src_a36320a133d4;src_a36a8510f2f2;src_a39762cd1973;src_a3bd1bcefef6;src_a3e642148e90;src_a419364f2420;src_a42f05319e45;src_a46b139b463d;src_a4c5f9fb3ee1;src_a537294e98ab;src_a59be384fbd6;src_a64f7dfd14a0;src_a74ad198e678;src_a750cd2c0de6;src_a7ef42161998;src_a80bc86a4c74;src_a81cb924a564;src_a9074e8441d6;src_a931dd096029;src_a9965c24f268;src_aa60d742b1d7;src_aa6e8ea6d507;src_ab13dde4740c;src_ab3d8c44f1b9;src_ab8d5a54d984;src_ac3b40d5963a;src_ac8c2822bd79;src_acb2b7dc42b3;src_acbe67d70855;src_acca179eddc7;src_ad127339b58d;src_ad37cb67a62d;src_ad79a84dcf45;src_ad90cd658650;src_adb595daa207;src_ae7dbe62ef06;src_aeb6cf24c0c4;src_aee247e92599;src_af67d97cbeba;src_afe1d56b7a44;src_b071cd926685;src_b08d0d6e550f;src_b0a47d2898a4;src_b0c04dff9cfe;src_b0c2a520b699;src_b138561abdc8;src_b222d3b674ba;src_b2d9eaea2955;src_b3198cb49880;src_b32acb937710;src_b366be951611;src_b37ac0dda0b5;src_b38ad13d9a1d;src_b38d72351659;src_b399da9da4d2;src_b3af0c6d2863;src_b481dafb6618;src_b4bf6f01f550;src_b4de92023f69;src_b5b9b4f35614;src_b5d6c1d47dd6;src_b5eb62b91ebb;src_b6056f6a1072;src_b60f1791ddc6;src_b7a81b4d94e9;src_b8b83e340584;src_b8d1fa6db802;src_b8ffdb473381;src_b96f9598dfc6;src_b9b728175a94;src_b9c75e0eb0d5;src_b9f6c2510b71;src_ba2a0f5aa661;src_bb0cd50a4ad9;src_bb148554daa7;src_bb18c0a0797f;src_bb2b3f245032;src_bc4e20e18510;src_bdb6f0967e13;src_be02d959579a;src_be2f2f7a3461;src_be5b516e9e48;src_be7cfbed9a02;src_be867e2ed1f7;src_beab8db891f7;src_beb34ce84396;src_bf7d555e876e;src_c00f6bf1ab06;src_c0727994f694;src_c0ad78f43fc3;src_c0d508bca9c8;src_c0e844bd66cf;src_c0f77580fdd0;src_c21005864a2d;src_c23faa41c942;src_c258b3992b6d;src_c260241dcb7d;src_c2772f901cb0;src_c2923ddda1ca;src_c30cd16c89c1;src_c3390b9bc025;src_c3435dfaf7f1;src_c3472517a721;src_c3a8c0e54b13;src_c3d760e6ba12;src_c471fa07bee0;src_c4a51096de23;src_c5c7d65a7baa;src_c6509d1e3cc8;src_c6f2c5cca43a;src_c710840690f5;src_c715c0a63e18;src_c78594912c78;src_c7bf88860eb5;src_c7ef8c8d8228;src_c81fc015e575;src_c83f9a9bc6e5;src_c842e6ce2d34;src_c911fe11463b;src_c9288049a566;src_c9465007139c;src_c9495a799855;src_c94a980e1551;src_c954a4f426e4;src_c9a363c47681;src_ca4ad0a82f51;src_ca8b682fcd9f;src_cab207f418a2;src_cababfbcf15e;src_cb79ee61cdba;src_cc0405836b11;src_cc245d6e3666;src_cc5b6e6d1b48;src_cc7b128abe46;src_cd808cb59de5;src_cd90e5707d06;src_ce07c8f3eb31;src_ce27bc3b8268;src_ce4f968042c2;src_ced8a43c26ca;src_cf2b5f397c3a;src_cf4fa3dd69ac;src_cf546db01a9e;src_cf54ff7ca5d7;src_cf6acffbb56d;src_cf6e622a1bf8;src_d0005cd68ad0;src_d04fdb9faf79;src_d066469f46b0;src_d067bee98183;src_d06e63c1322f;src_d120bc618b1b;src_d12480e44eb0;src_d13457b63986;src_d1405eeecf90;src_d165a22f2f53;src_d1ac02e353c2;src_d1d763a951c1;src_d1ff5e7228a4;src_d21f26eeedd1;src_d252fd05d274;src_d347859bd223;src_d375f4ba3b33;src_d37cf3930509;src_d396ff25bcbe;src_d3c8ad652ecc;src_d3fbe36d9aa8;src_d406b4351ab3;src_d4410a6332c0;src_d4aadd30e8f5;src_d54463c620e6;src_d5ecff864d1b;src_d60156039bfe;src_d615688a406b;src_d655bcfd6abd;src_d6622421903d;src_d705d1df8f5c;src_d71e10ed03a7;src_d740d580f4e8;src_d7563719b11f;src_d792a676cab9;src_d8232602c242;src_d842a95d29c3;src_d908c0edc546;src_d9495fc5488f;src_d9572076528a;src_d9ff9a6ef257;src_da3aca1a6eff;src_dafac3912631;src_dbc3b82b1633;src_dbdf329b1e5e;src_dc15ced7f469;src_dc1d819e5c0b;src_dc2bfb3cccd2;src_dc328327a3c2;src_dc5b383b4003;src_dcafdd935dad;src_dd6b2228d5db;src_de016704f713;src_de850ed25005;src_dea355f973fd;src_deb6ddf8a31a;src_dfe5d0f37cf1;src_e06cc463cf96;src_e07fed62dedb;src_e09be7ebc0ea;src_e11ea19f300d;src_e15f9b8c39e2;src_e1de0f18b4b6;src_e22a9ff568c3;src_e244478f5d6b;src_e2880d9fa7d2;src_e35df57e2f59;src_e36fbbcfb432;src_e3e9f454d342;src_e429f48e52d8;src_e4e9ebfdac37;src_e4ed8c8cc4af;src_e4f3cc5aa55e;src_e61f50e39d50;src_e63b18780f0f;src_e643e5dbb633;src_e7687cbe3de4;src_e7b92cd87cc7;src_e872ae8a48d5;src_e884e06eeb8b;src_e8fc7f1a702b;src_e950560c4404;src_e9f19710b8ec;src_ea654376eb57;src_eb256d1423f7;src_eb26508f4aaf;src_eb5abd97afee;src_ebf6c88982d5;src_ebfa7ee42224;src_ec356d7f404e;src_ec5e5f8dfe0a;src_ec8c41be2c53;src_eca347574c2a;src_ed3f5c002e44;src_ee96536a504d;src_ef31ff449571;src_efd663954d8b;src_effbc3d3d784;src_f02246bad5a4;src_f057a9a5cbe1;src_f08ec385f8ca;src_f0b8cae6b93b;src_f0cb0ba8dd80;src_f1db47ab9ea5;src_f247c99896f0;src_f27297ef1f2b;src_f2d0a873998a;src_f332b8b9199f;src_f4537319cf3c;src_f468d2957fc6;src_f47e8298b7fa;src_f4b07f2a766f;src_f4b6f71b2bae;src_f4b86998842b;src_f515fa0df3e1;src_f51a7c8aa1a9;src_f52e2e1ab7ab;src_f553052668ab;src_f557f253fb27;src_f5c0fb355fd6;src_f608d1b169d0;src_f71b97364ac6;src_f82610bbb725;src_f84d5538bb6e;src_f8826f555229;src_f88947301396;src_f9396f263f78;src_f9d6dbcec506;src_f9f0e83ae97c;src_fa2e0098575c;src_fa79acbee245;src_fa8397df559f;src_fa9840ef274f;src_fae6a9693b13;src_fb203be17f89;src_fba3b5268733;src_fc3e746ae6af;src_fcb9437b1611;src_fcbac24b7386;src_fcc9e6147c4d;src_fd4b79f3abe9;src_fd96acd60336;src_fdc165dda723;src_fdf75fda0de0;src_fe6eca262ba2;src_fec9da4593e2;src_ff2adb0679ae;src_ffa1366aecb6,Aria-MIDI,CC BY 4.0;CC BY-NC-SA 4.0; non-commercial research and education;MIT;derived audio; source MIDI terms apply; SoundFont MIT;external recording; rights not granted by ATEPP metadata license
exp_6d76abf9164b,Wolfgang Amadeus Mozart,Classical,wrk_0caa93a6d559,wrk_0caa93a6d559,rec_2ec7ada7465e,sources/ACPAS-dataset/subset_S/Mozart/377_CPM_Sonata_No.13_Bb_major_KV_333_1/S_150_A_MAPS_mz_333_1_AkPnStgb.mid,,data/derived/rendered_audio/fluidsynth-2.5.6-musescore-general-0.2-v1/rec_2ec7ada7465e.wav,sources/ACPAS-dataset/subset_S/Mozart/377_CPM_Sonata_No.13_Bb_major_KV_333_1/S_150_A_MAPS_mz_333_1_AkPnStgb.mid,data/canonical/alignment_events.csv,,1,331,mid,cpc_canonical_beat,licensed_for_research,complete_movement,,true,true,ready,cmp_a67b3772a3b0,Sonata No.13 Bb major KV 333 1,scv_d75ddc922a51,prf_ce4f80dfa168,aln_4370a8510bc6,synthetic_rendering,beat,source_provided_beat_annotations,source_exact,1.00,src_216b8984f2ec;src_338292ea2b2d;src_443c189c5890;src_493ab1d88ea2;src_63e3c0725870;src_6da199cf2667;src_92d675359dc3;src_98e80603d674;src_9e938edf5913;src_a3d63f8287f8;src_a80bc86a4c74;src_c9f7dcd1b92c;src_f90ab056c463,cpc-rendered,MIT;derived audio; source MIDI terms apply; SoundFont MIT;mixed
exp_6db783ad1296,Wolfgang Amadeus Mozart,Classical,wrk_ae99d9f81630,wrk_ae99d9f81630,rec_d4be765b7520,sources/ACPAS-dataset/subset_S/Mozart/372_CPM_Sonata_No.11_A_major_KV_331_2/S_144_A_MAPS_mz_331_2_AkPnBsdf.mid,,data/derived/rendered_audio/fluidsynth-2.5.6-musescore-general-0.2-v1/rec_d4be765b7520.wav,sources/ACPAS-dataset/subset_S/Mozart/372_CPM_Sonata_No.11_A_major_KV_331_2/S_144_A_MAPS_mz_331_2_AkPnBsdf.mid,data/canonical/alignment_events.csv,,1,250,mid,cpc_canonical_beat,licensed_for_research,complete_movement,,true,true,ready,cmp_1eedc0bd6874,Sonata No.11 A major KV 331 2,scv_bf3a83a3c397,prf_a4d3a6171b99,aln_6d36a8b76803,synthetic_rendering,beat,source_provided_beat_annotations,source_exact,1.00,src_116883edd29c;src_1304b8fb1eb7;src_19f07905eeb9;src_1a42e413bb1f;src_1d2ee2947769;src_24b7a7b143ec;src_2e8677ff6dc8;src_2f1abb4f81db;src_2f4e98a92b75;src_376047e41d29;src_378d21479789;src_3997ddbfaa06;src_4a7e29ee7c17;src_4b8e859206eb;src_59e0857890df;src_64eaef620cbb;src_721e6784f536;src_98bbb4195c1c;src_98e80603d674;src_9be8a40f2a97;src_9f18011b574a;src_a80bc86a4c74;src_ac53671461b4;src_b1cc6076e5e8;src_be0f7e1a1182;src_c8c8adae040c;src_cfe46bca5648;src_d63361ca9ede;src_f97d13df53ea;src_fa44aac5e5de;src_ff52dc8a6d86,cpc-rendered,MIT;derived audio; source MIDI terms apply; SoundFont MIT;mixed
exp_6fb6e2688b73,Wolfgang Amadeus Mozart,Classical,wrk_5e3acc6ed9a0,wrk_5e3acc6ed9a0,rec_17c46e1e6557,sources/ACPAS-dataset/subset_S/Mozart/373_CPM_Sonata_No.11_A_major_KV_331_3_Alla_Turca/S_147_A_MAPS_mz_331_3_StbgTGd2.mid,,data/derived/rendered_audio/fluidsynth-2.5.6-musescore-general-0.2-v1/rec_17c46e1e6557.wav,sources/ACPAS-dataset/subset_S/Mozart/373_CPM_Sonata_No.11_A_major_KV_331_3_Alla_Turca/S_147_A_MAPS_mz_331_3_StbgTGd2.mid,data/canonical/alignment_events.csv,,1,225,mid,cpc_canonical_beat,licensed_for_research,complete_movement,,true,true,ready,cmp_db49212242e7,Sonata No.11 A major KV 331 3 Alla Turca,scv_d336c1d1285d,prf_06ae54054c88,aln_b692b0222dda,synthetic_rendering,beat,source_provided_beat_annotations,source_exact,1.00,src_0cf334d0ba52;src_2005a7202940;src_301f82e33315;src_31d521ddb99a;src_32b22a173dec;src_3d188de5d1a9;src_41a95a647dc6;src_46f1668c962b;src_48f055259f4b;src_513dcce3a8d0;src_5c02ce97843e;src_6b885f35d7a0;src_98e80603d674;src_9df6e0db100d;src_a26bd6689d26;src_a6587afd1024;src_a80bc86a4c74;src_b7a270870566;src_bb3e3417cb3d;src_bb74cccb38da;src_c65081aea95f;src_c7b751c4833d;src_c86a515000ae;src_ca747718fbcc;src_e5be6dcbdebf,cpc-rendered,MIT;derived audio; source MIDI terms apply; SoundFont MIT;mixed
exp_7709ce70d157,Frédéric Chopin,Romantic,wrk_3136cdcc08a9,wrk_3136cdcc08a9,rec_7b351632bb07,sources/asap-dataset/Chopin/Etudes_op_25/11/xml_score.musicxml,sources/asap-dataset/Chopin/Etudes_op_25/11/xml_score.musicxml,data/downloads/maestro-v2.0.0/2011/MIDI-Unprocessed_16_R1_2011_MID--AUDIO_R1-D6_13_Track13_wav.wav,,data/canonical/alignment_events.csv,,1,96,musicxml,cpc_canonical_beat,licensed_for_research,complete_movement,,true,true,ready,cmp_3b04980a56a1,Etudes op 25 11,scv_4dd8e1445616,prf_d542d2ae5e0e,aln_8a198e1aef20,source_recording,beat,source_provided_beat_annotations,source_exact,1.00,src_0117edcf7362;src_0136c1fc476c;src_0174bdd637ea;src_01d2d376024e;src_03e7e4ecb0a7;src_04587b1998e4;src_04fb79339c33;src_057a426dd4d4;src_07be52ffdcfe;src_0803943b3b3b;src_0806767f52f2;src_0920d4fe4470;src_094c75666776;src_0a3bff604a5c;src_0b36fdbcc466;src_0be8ca736ecc;src_0c80474f6340;src_0c8bdd2124d1;src_0dcabd241fca;src_106e21fd811d;src_11ebd0112548;src_126f62246251;src_13b1bed47ec4;src_14ff767619ee;src_1525bcffcd41;src_1582f4b14a05;src_16db32b54405;src_1769febb050f;src_19ab7c6167c3;src_19b5ba739939;src_21954ebae089;src_2458321ebec6;src_24a6d0cd8aed;src_26499ebc67b4;src_274681bb9c12;src_27b2379f852c;src_2935bc5fb364;src_2b0e1ee99aa4;src_2beaa5f535ca;src_2cce741d8671;src_2cd602fc6748;src_2d164cbff494;src_2d945b98ca49;src_2da9197279ac;src_2e15a7b09fb5;src_2f49e2f4136a;src_2f4b60611760;src_2f8a3df83c1f;src_318802864317;src_31dcbefce4fb;src_321e2860ab50;src_3220a158300d;src_353c77180563;src_373d3b650494;src_375f3da80810;src_39c2f1d7bf3b;src_39ed922358d7;src_3a952b5a238d;src_3abd858d0d68;src_3cfc6471112e;src_3d46483ea6df;src_3dd5ccfd9477;src_3e6092e00d33;src_3f5f3a2d592c;src_40f5621ce26d;src_41c7ac49f630;src_423d0b4cfdbe;src_43b47854ee7c;src_4436c2b4dac5;src_45260e1c135d;src_45afb7ca80d0;src_463c0ff905d7;src_46b6d5de73f6;src_4850ae7c56de;src_4c30dfe39ad3;src_4cecad55461a;src_5086b93d5214;src_50afc7cda832;src_52bb46d08183;src_52ef63b9f1bb;src_533ad3127f7c;src_53a195ef4046;src_56d132ce58d3;src_58254be8e5ae;src_595958dec0e1;src_5a20b4a7b97f;src_5a5702c9e89d;src_5e01c8363288;src_60aa47ce634c;src_621b71d1fd9d;src_63f6a761aad0;src_652c6aa81ed7;src_65b701a2cae8;src_673a6413ec36;src_6744f16a71ed;src_683fccb28962;src_692498282257;src_6aedd6f10cfc;src_6b45797cc007;src_6c7bc24b7702;src_6cb427b03049;src_6d29d4ad90de;src_6dea3bee3223;src_6e36c276a1b7;src_6e7cee7ae3a0;src_6f65f55badf9;src_71770e5a1aae;src_7455ea41c307;src_74f011ea90bf;src_766469d13bfd;src_77ca3bc933c6;src_782d6abfc8c8;src_7951c5a7eb1a;src_7a1dadc74566;src_7a30f9480c15;src_7af50434b314;src_7da6dc447b36;src_82d013d5e6ec;src_8353646bf2a0;src_8485cdaa07aa;src_84ed6e943737;src_85efd12f584c;src_875e275b64da;src_87ab6908249a;src_8ad4dae4a85b;src_8af2330e4111;src_8bc8f1717924;src_8c2d548e15b3;src_8cdcb23a73e1;src_8fef7a0f0b46;src_918d7b94cee1;src_9b8d2aa77504;src_9bd9da517a15;src_9cb1f820601b;src_9cccac6223d3;src_9e5a0d66da54;src_9ef884b5d84d;src_9f5106d47a7e;src_9f803c1811af;src_a0824343c997;src_a09f90c3ef3a;src_a12c5bff9890;src_a19ff25bcb0c;src_a1f9e19bca1c;src_a2083e2c81d4;src_a35e5fb86f1e;src_a38ad2e4e126;src_a3e61eb1108e;src_a545fd5303a5;src_a696301d41f5;src_a7518195a372;src_a80bf1641e8b;src_aae18ddc3729;src_ab3ed3c687bd;src_acb38f564446;src_aced10221359;src_adc51af75412;src_add87d9a2093;src_aecd63d457de;src_b04772495b8a;src_b26feb86f3a9;src_b29a08f7e9af;src_b311e511d237;src_b472bc184e4f;src_b53d903b786b;src_b5d02c45165f;src_b7410ef3d87e;src_b747105d40c2;src_b8718bc55aa0;src_bb34ad7a2868;src_bb560c20753a;src_bc2998f8de8b;src_bcc77f065070;src_bd405180a519;src_bd97cb08b13c;src_be01bd3d8765;src_be0624a95038;src_be5c11b1c40b;src_be5c638c15cd;src_bef9e8f0edf1;src_bfe97ad735e9;src_c0e9ae117fee;src_c18ec6c7ba45;src_c1e6dd0fd3e3;src_c2a907e62f16;src_c5610e545c12;src_c6a7fac7ae82;src_c7a07f605567;src_c8bb23f005a7;src_c8bee3c9e499;src_caa9d9f3f28b;src_cb2868f3eb9f;src_cb328b9c03cb;src_cc7ccfc61bd9;src_ccc65133d3a1;src_ccdb8dde4556;src_cdd8d55aac66;src_cf23b584aadb;src_d245f909d51a;src_d2ae65f95227;src_d2d14e3e8b2c;src_d4bd5ca72db7;src_d51fa4269685;src_d665b6bc0e51;src_d73ef2187834;src_d85b4be52384;src_d889f4e579a7;src_d8988b1b4eef;src_da9552686d99;src_dbcc49d93dcc;src_dc522d37b09c;src_dd32d0cba4a5;src_de7068cb0ee7;src_dfe4b4121a7d;src_e0084c9b5616;src_e107fc10a5c1;src_e13033d1616d;src_e182a5717a16;src_e21350a1bfef;src_e2f2fd4e551e;src_e3f780124e0f;src_e552a31bedb4;src_e56b1d8491e1;src_e5ae8e3dbb79;src_e83c5dcab9cf;src_e88822e93183;src_e8e5d8c1dd73;src_ea6e7f7b27ec;src_ed35153a90bf;src_ed9260d6d4bf;src_ee8affbbc3f8;src_f09c30169433;src_f1609effc52b;src_f1eccc9dd6e5;src_f34315aa2f0b;src_f3cffe1d2613;src_f52197d4928b;src_f5cba0cbd728;src_f5e5a32fd4cb;src_f67cc92b46e1;src_f6b41a721145;src_f7ac0eea2804;src_f82c40750f49;src_fa7f479ff016;src_faaff46a7c07;src_ff463af8b69b;src_ff49a8cff247,asap,CC BY-NC-SA 4.0;mixed
exp_78fdd3464ec0,Frédéric Chopin,Romantic,wrk_4faa2851f613,wrk_4faa2851f613,rec_3ee2b17cf0bb,sources/asap-dataset/Chopin/Ballades/4/xml_score.musicxml,sources/asap-dataset/Chopin/Ballades/4/xml_score.musicxml,data/downloads/maestro-v2.0.0/2008/MIDI-Unprocessed_09_R3_2008_01-07_ORIG_MID--AUDIO_09_R3_2008_wav--5.wav,,data/canonical/alignment_events.csv,,1,242,musicxml,cpc_canonical_beat,licensed_for_research,complete_movement,,true,true,ready,cmp_be7f3d842db9,Ballades 4,scv_162d1ed17f49,prf_3e5bd20ce4f6,aln_fe188f0fa951,source_recording,beat,source_provided_beat_annotations,source_exact,1.00,src_01b7ac476801;src_02ececd48261;src_038c2da2258a;src_053301e489c0;src_065cda58f717;src_068a42e89287;src_07200cc6e7db;src_08842af11bfb;src_08c2749e629e;src_0a3133dac0e6;src_0a5404bef3b7;src_0a5514437953;src_0ab2ecf00c2f;src_0f5597844d86;src_11689eec5d78;src_13a18353f4ab;src_189b006ec2b2;src_18a3d0b9ff87;src_18b42396a506;src_1a81a1eaac82;src_1cdd15cb0dd4;src_1f326738e9f0;src_20cc7389f28b;src_2293383c64b6;src_243183cf4408;src_2733553a05ad;src_2778fd2dcd12;src_287957576ee1;src_288eac53b5ce;src_2db64cc5200f;src_2e4136aee754;src_30ff574b1a35;src_3148e77dba2b;src_31657423e2c4;src_339c6176be59;src_33a98b9a89f8;src_39003cae4bc9;src_40afba40c883;src_420f29aa4431;src_49bdf1ee03a1;src_4f2e85e6ff8f;src_4f3dfe97617a;src_5287502f0a37;src_56044f92e98a;src_5697656acf79;src_585256ac4876;src_58bd71642b29;src_59b48092e37d;src_59cfc84c1d9f;src_5c8b697d7688;src_5e967256cc12;src_6129fbd83338;src_6269151c1e26;src_68a0c13d8522;src_69158baae80d;src_6a7e8a69848d;src_6fe57703c3af;src_71afe0ad0150;src_72a4936d8278;src_73d245cb6478;src_7532762b055e;src_757947c99b18;src_76e44a20cd47;src_779e50654ba5;src_77e8504c409e;src_77ec91f91ebd;src_781131892823;src_78ec6189d1d7;src_78f83be1320b;src_795939d00945;src_7a8f318d0dcf;src_7ad8e0dbb46c;src_7b24a444b4fd;src_7b475c36d00c;src_7d6f1ee561d1;src_82887586661b;src_83406586ec0a;src_89718e79a0cc;src_8ac13e32c820;src_8c1219f84c22;src_8c9191241ea6;src_9079e8da200a;src_927033c31afb;src_94f89676bb18;src_9ec4071341be;src_9ef7c676d189;src_9fa845f6b6f1;src_a0280a852bea;src_a3af66dbe94e;src_a44f4e436e69;src_a499454a23a0;src_a4ec8d79a52c;src_a58de6d0ecac;src_a68c81e5221f;src_a8cc107e5fce;src_a941bb921cd6;src_aa36c62c39b3;src_ab4c34c8b3bd;src_ab99c922085a;src_abb1fd406c52;src_b03c8274c7a3;src_b21045e81502;src_b783f011e6d3;src_b81e36429cad;src_b95036c90e5a;src_ba1d81552555;src_bf7553b3d381;src_c279de5bb839;src_c39953258134;src_c4d3a75fbd7e;src_c759c6732900;src_c98f9e63cb41;src_cea13fb3c9be;src_cfc55f3437d0;src_cff6291485e5;src_d0eb3f153ce0;src_d7023bdbe790;src_d716e170a059;src_d835f18adae9;src_da888c0baa1b;src_db12fbfb86e1;src_dbf2650ef99a;src_de44898526fa;src_dfda685c9c84;src_e00520458d2c;src_e3b4ddb93488;src_e481789c72fc;src_e516cdac5e54;src_e8b8ac770fe0;src_e907edd6bdb9;src_e909a392e587;src_eefee922fe62;src_f0e2b2dd09a8;src_f143523fb87b;src_f5209c23c509;src_f86f383213bb;src_f8976b9db1c7;src_f9654f0d33e3;src_fd8df38f7ec7;src_fdaf92ef0bd4;src_fe4850c5efe5;src_fe7f3141f486,asap,CC BY-NC-SA 4.0;mixed
exp_7bdca8548aa5,Frédéric Chopin,Romantic,wrk_9fb2db5f520d,wrk_9fb2db5f520d,rec_6297c2e123be,sources/asap-dataset/Chopin/Barcarolle/midi_score.mid,,data/downloads/maestro-v2.0.0/2013/ORIG-MIDI_01_7_10_13_Group_MID--AUDIO_07_R3_2013_wav--3.wav,sources/asap-dataset/Chopin/Barcarolle/midi_score.mid,data/canonical/alignment_events.csv,,1,116,mid,cpc_canonical_beat,licensed_for_research,complete_movement,,true,true,ready,cmp_ccd7dd49c8be,Barcarolle,scv_6c00bca6f68d,prf_0cf4df93f0e3,aln_d921bd91b98b,source_recording,beat,source_provided_beat_annotations,source_exact,1.00,src_00bc0a983c65;src_02079f7f9b3a;src_0279d316bf30;src_0ceb0ce7deaa;src_1281873d0da6;src_12ee54737b0f;src_15a9eb410287;src_16cd034abf72;src_1823b51fb262;src_18a077e871d3;src_191a918788c6;src_1b52bf991ea0;src_1b6dcf8ab6e0;src_1d3d4dd44df7;src_1e3c622f99f4;src_1ecb8c13e5f6;src_2318c3b53dbe;src_2375b4e35968;src_24fa2cc99e18;src_26239b38b946;src_2659e8dd41af;src_284f89854fdc;src_29f2a3fd9bc5;src_2bdcc1f1f832;src_2ed7914b23cf;src_3058d009838f;src_32876c5f8b40;src_33707ae06e71;src_38c26682fe2c;src_3c36d0f18899;src_3cc364ea974b;src_3fd043377d5c;src_44738b05b6f7;src_47446933f4ce;src_4a9170a08027;src_4d95da17eca7;src_4eebdf97fddc;src_4f4e586ece4b;src_5a355f3215bc;src_5fb30624b8b8;src_659de6a045a9;src_66f0da1f2040;src_698d389cb1c0;src_6a41cb54ea8d;src_6c7c5e97b89a;src_6dd3efb6d20f;src_6de70e5bf1cc;src_6f364965f12f;src_704ab8321aa6;src_7110bd677d95;src_71a82d6c811b;src_748d4a8352fe;src_78ed826800ac;src_79ec5ff025b9;src_7b62c2d64ff7;src_7dcfa728cd20;src_7ff36cba597e;src_8335dd2a476d;src_835c2ccb3507;src_849d0ad7bf15;src_89eb0aba2317;src_8a678ebc3c21;src_8b13e3f1cb46;src_929037aa79e9;src_955f303b0ff2;src_99971f7fad8d;src_a48a9ca27951;src_a5fb46090c7b;src_a646de7398bb;src_a7126db912c6;src_a792af9cdc3a;src_a7b68c3f0e74;src_a911cb23bfed;src_a913066f4fd8;src_aa36d5f9755c;src_afc1cd16db52;src_b07f5a48fb7a;src_b4f16cc75913;src_b79832df97e8;src_b93a662ebee2;src_bbb8f5eaed7e;src_bcf17d76a1c9;src_bf42604fd477;src_c062cd8a5ad1;src_c1793ed938e8;src_c230eb157033;src_c40fe159303d;src_c45d7273d93d;src_c4ba7df2a67b;src_c4e308ba49c2;src_ccee3dfb49c9;src_cf467a55e1cc;src_d2c188c1c8b4;src_d66ea7efb5f2;src_d8eb640201a5;src_ddb3e6401b55;src_e7103b03c624;src_e7ebae0e4c43;src_efb5f2e82137;src_f23ed59af74d;src_f4a6711293fa;src_f56d8da9a4a1;src_f5cf50a7a1e3;src_f7e9d1379794;src_fa596b01b9ba;src_faf17f5b627f;src_fde4094398d6,asap,CC BY-NC-SA 4.0;mixed
exp_7c9887afc265,Wolfgang Amadeus Mozart,Classical,wrk_b64b2192e969,wrk_b64b2192e969,rec_016cb50c03d1,sources/ACPAS-dataset/subset_S/Mozart/366_CPM_Sonata_No.8_D_major_KV_311_2/S_1498_CPM.mid,,data/derived/rendered_audio/fluidsynth-2.5.6-musescore-general-0.2-v1/rec_016cb50c03d1.wav,sources/ACPAS-dataset/subset_S/Mozart/366_CPM_Sonata_No.8_D_major_KV_311_2/S_1498_CPM.mid,data/canonical/alignment_events.csv,,1,687,mid,cpc_canonical_beat,licensed_for_research,complete_movement,,true,true,ready,cmp_8ca33d2f8bb1,Sonata No.8 D major KV 311 2,scv_06952db7f06a,prf_2434c4da204e,aln_f6d048738d93,synthetic_rendering,beat,source_provided_beat_annotations,source_exact,1.00,src_045f791aa34c;src_91c3d5afa699;src_98e80603d674;src_9a0d69de593d;src_a80bc86a4c74;src_ba6fa42b8f67;src_f0cdabf88368,cpc-rendered,MIT;derived audio; source MIDI terms apply; SoundFont MIT;mixed
exp_7e21f1dda3fb,Wolfgang Amadeus Mozart,Classical,wrk_83438d27b402,wrk_83438d27b402,rec_1ae8885f2219,"data/downloads/pianocore/1.0/refined/Mozart,_Wolfgang_Amadeus/Piano_Sonata_No.18_in_D_major,_K.576/1._Allegro/score_ATEPP_mini_refined.mid",,data/derived/rendered_audio/pianocore-1.0-a-star-mozart-fluidsynth-2.5.6-v1/rec_1ae8885f2219.wav,"data/downloads/pianocore/1.0/refined/Mozart,_Wolfgang_Amadeus/Piano_Sonata_No.18_in_D_major,_K.576/1._Allegro/score_ATEPP_mini_refined.mid",data/canonical/alignment_notes.csv,,1,161,mid,cpc_canonical_note,licensed_for_research,complete_movement,,true,true,ready,cmp_aedc2a9cef37,"Piano Sonata No. 18 in D Major, K. 576: 1. Allegro",scv_1ffcc668b0c3,prf_d41bcd767063,aln_869fb217dc49,synthetic_rendering,note,pianocore_rascop_refined,pianocore_a_star,0.9928,src_001e8cd7a28a;src_005e3473a4cf;src_019e51db2354;src_01ee8680a3cf;src_01f3e327cca2;src_023b083dfdb4;src_0289ce120487;src_0387ebd5aee7;src_04f3633fdcf5;src_0541cad5a39f;src_057f2707242d;src_05872c8c3287;src_06384f635398;src_06ad6e92d41e;src_072bb2074235;src_07b75476d331;src_083df8454f49;src_090b3f738580;src_092cbf25dbad;src_098568af1fc5;src_0a1226b8698c;src_0a4c23bd1abf;src_0a4e3ffe908f;src_0a620d8cf4bb;src_0aa8017784b9;src_0b346c3cac05;src_0b939fdf0faa;src_0bbf65c7ecd5;src_0c2e6c511857;src_0c4bc9daeef6;src_0cc0383b5c12;src_0eea1de66c1a;src_0f01f9d5bb98;src_0f4ed9e0fd8a;src_100ed44a24f3;src_104af0042f97;src_104e174908e8;src_1054cf2be3fa;src_10646c3a2edb;src_107918651e76;src_10a52dfebb51;src_121fe041260d;src_1315c776406d;src_1327b026c4ef;src_13b9ab80e97d;src_141236e20e1c;src_1415731964a0;src_142967395ddf;src_143a57fe9070;src_14def3a4668c;src_15912ef10ba2;src_15f327abe06b;src_161f4c9b972e;src_1694e14abd27;src_16cd1d938b60;src_1717dfd632e4;src_174e68f79af5;src_1776e2b7edc3;src_177b85fb5329;src_179fee0ca9fd;src_17dcd87f34cc;src_1804042d8887;src_18a041e22046;src_18f1c83868a5;src_19183da25da1;src_1a15cb0c13d0;src_1af0fcaa4e35;src_1b8ef0125703;src_1c1398cdb0c5;src_1cd49052b3de;src_1d3ea906342f;src_1d87695f67bb;src_1e206c1ff824;src_1e2ecce59c32;src_1eb3f7914f25;src_1eb7239a67d7;src_203409dab74f;src_215ebba3711b;src_21d82f644aa6;src_21f529d6eb2a;src_227879cc5b3e;src_22b17fb1211e;src_236750e7983b;src_239e644fdf0a;src_23ffd0cfd3cd;src_2418b4b43099;src_245f4a922aa8;src_2505d08ab7d0;src_256c6aa273d9;src_25d9e7ce0260;src_26017ec7bd45;src_263fdae846c7;src_269482b0d475;src_26c4556f9a00;src_2745446685bb;src_2782af83bf16;src_278901b56c99;src_27b525a347ab;src_280ff0e4cc62;src_281b021151ef;src_291c872cfa03;src_292c236a5ed7;src_295d0ac5ea7e;src_2963a7011939;src_29b85197d5bd;src_29e37914ac43;src_2a4502c3e3d6;src_2addf89f4178;src_2ae0de083929;src_2ceb3ba6b307;src_2d0fa1172878;src_2e658e7a4cec;src_2ecbdefb1f20;src_3086a1ceb71b;src_321da0ffcd12;src_3266763fef5e;src_32ce7f17d6fb;src_32dec08cc630;src_343520e21a22;src_34407da3dab5;src_346ce353ec80;src_34e7285daa83;src_3593ee929776;src_3697693d02e6;src_36b7af35e4f5;src_36c1d25c9a14;src_36cbd63b6d82;src_380d0a8c4332;src_38317bb1061d;src_39284c460d46;src_3a406c146ed2;src_3b31a9abfaac;src_3b43cf0c1540;src_3b47a2a6400a;src_3c6663d8ebaf;src_3c6aa4b36251;src_3c7d65334506;src_3d4701a48467;src_3dd34e2e1e45;src_3dea789dea31;src_3e7efac333f0;src_3fe6c08fbf90;src_411f00792a04;src_41b989b36002;src_4261f589b519;src_433d56e3d730;src_447d341564f8;src_457376642b69;src_45e5d3f9f8fa;src_4671e326e56f;src_4721badc3bf3;src_47a3da565c48;src_4884bbe21d4b;src_49184e1aa3bd;src_4aa7a84aae30;src_4af9f5cda3df;src_4b50e36977be;src_4b5e35a1a7b2;src_4b6c18b481cb;src_4de8ff5f127f;src_4e67c8d0e087;src_4e6c786b3a41;src_4e72877b7e51;src_4ea28cee6ca6;src_4f14ffa9068f;src_4f4e3ad13cd3;src_50416978a287;src_511f40a3a775;src_51a1cb0ceb6b;src_51dd7d0b38fb;src_5413c3430087;src_550e733ad61a;src_551529918e3a;src_563a6c6dbeed;src_56558038fc9c;src_56eb89fe508e;src_57037902d1fa;src_57a4cdf0e813;src_586cb40ad578;src_586f3a824b89;src_58ced66eed8b;src_58e18bf231d8;src_591f7a5b6e2b;src_594b459edfa2;src_59639b23e89a;src_598e11c767ce;src_5a180226e890;src_5a25aac9aa29;src_5aedc1c87107;src_5b384e49e3c3;src_5bda74842be5;src_5c5684c7e473;src_5c70d9629606;src_5d13447b17f4;src_5d28010aed0f;src_5dc86d22a924;src_5df53aa59f2a;src_5eabc2cebc6a;src_60746663432e;src_60df01f94726;src_60e5903eb9e7;src_61f476d89fa6;src_6204f324d490;src_624528f3081d;src_6263157da895;src_62adb93733ed;src_6314102e7c90;src_63e6e2831543;src_65085d23331a;src_6541fd8e846a;src_655d0ea2f4e8;src_656d2c426c59;src_65ea6d287ec0;src_663f43a2d826;src_669e4a016331;src_66c1ca3d559f;src_6705c87e4bb5;src_67addc81a952;src_67d9a5c03e9c;src_67f0a104595d;src_67fa5b1c99af;src_6826062e3d5e;src_68644f356dd2;src_68a5ce5b09c3;src_68b0a5f0efd6;src_68c5cd9cb32e;src_690bf5391a75;src_6934c88a7ba6;src_69c238229432;src_6b2e06502e18;src_6b8650c65876;src_6b8697b8690b;src_6ba266768e0c;src_6c2c7bd118da;src_6c5e00513580;src_6ceee5bf471a;src_6e8d5ea81f9b;src_6ecc78613ae8;src_71b981cbace6;src_72614e1fdc0f;src_7294f806cb4d;src_72aba5234729;src_72b87302e952;src_739a89ca7226;src_74127902278d;src_74a6a635ea11;src_74e03e99c896;src_756017897205;src_75ca42789148;src_75df2bcb921a;src_7603bc4b2e17;src_77b673f035b2;src_783781b0fb4b;src_78758a091b06;src_78eb6d31e195;src_790092c9340c;src_79321ea6c86d;src_79830d2781db;src_7a1496d15308;src_7a26af20ac24;src_7ac7f34af4c7;src_7b1562d30624;src_7c8389bf96f0;src_7cc6d13122dc;src_7cea91d10a37;src_7cef7f0a6cb5;src_7d20a6eae3e2;src_7d6ddeee12f1;src_7e23b5ee7a85;src_7e9b2fee77d9;src_7e9fa6799753;src_7eb5df6b32cb;src_7fa67c2e5f75;src_7fbf1fd26884;src_80c7bdc6b784;src_80eba0a4d1aa;src_81757f8accc7;src_8216e30318fe;src_82211876630a;src_82bbfa9711b7;src_83479c9eb292;src_836a512204d8;src_83941a10bc03;src_83de14c8f76a;src_83f24d3ce70a;src_843c4c18b0d0;src_844ac2288888;src_8568e4547742;src_86566681e553;src_8730d973a8ad;src_8752197dca83;src_8784c58f2cfb;src_87919d63e8a4;src_883dc87f94eb;src_88bca39a71b8;src_88cb050e7774;src_8a7cf0de06a4;src_8b23aa5c78a0;src_8c7c4afd456c;src_8c7f99d23377;src_8c81166dcc18;src_8d1aeb61a9de;src_8d52fc49da4d;src_8dc1c6c93ed0;src_8e317348661f;src_8e50f3b4327e;src_8f60a03e89de;src_8f6cc55fefa6;src_900270be94a8;src_9053a7c83958;src_9086d68b45f8;src_90bd52e046ab;src_90d14fb5855d;src_90eaec1d5f38;src_910d30840137;src_9169ceca558c;src_91af519bd1de;src_9205a0e92ab5;src_9230297f5486;src_928127c199d1;src_936cb708063e;src_93a6779c4741;src_93a879732497;src_93c2a983d9a9;src_9402d8a2ffb5;src_942f5c7d39ab;src_95f320530c40;src_96012ccd5ba3;src_964da430dd93;src_9719d5eb0754;src_973c4d724597;src_9844454b433c;src_98600545aa49;src_987740532216;src_98a81e960883;src_99296bd126fa;src_99777bea9bdc;src_997b8fb6ed13;src_99bfdc81b76b;src_9a4bb1605837;src_9a828f101fd5;src_9b0846e3f839;src_9b9dad229d02;src_9c20b237e964;src_9d5aadcb57d2;src_9df6ad735a06;src_9e228a4735f9;src_9eadf4e7cdfe;src_9efcedf814b9;src_9f363314b65a;src_9f3ea63fd325;src_9f41fdce055b;src_9f7980e6751a;src_9f7f41eda1f5;src_9f8590dbfcf3;src_9fe07d811349;src_a0aee5d27601;src_a0f0bdbd007f;src_a116775fa875;src_a125b742db70;src_a188bb504cd0;src_a2a88d525097;src_a2c2c7a242a9;src_a2f897a4da40;src_a35f2e53193a;src_a36a5ef66fea;src_a3e304cceb4b;src_a43790ce1b52;src_a43cf377b12e;src_a444fcc94a50;src_a4d663f4c2b0;src_a508213831ed;src_a5110ee24caa;src_a55336faa094;src_a61b3d897d22;src_a6438175c99a;src_a6b22cd0b777;src_a769a85a8d9e;src_a7c23555106e;src_a7ede0ddbb36;src_a80bc86a4c74;src_a81d16ca1b47;src_a81dc7c8f903;src_a832df52fe01;src_a871103ff084;src_a9e3be55e63f;src_aa1a9ac22f58;src_aa1f0f0620ed;src_ab4eb4b86151;src_abec0b29291d;src_ac89390031fd;src_acae2ef44ff7;src_ad0f059ba247;src_ad4bdbc3341a;src_ae1a024a1ae8;src_aea8984d58d0;src_aef30567faa4;src_afc86f2d91c0;src_b03cf7e94110;src_b06b543c289d;src_b12decbcd937;src_b224192e2315;src_b29acc962c2e;src_b3f961bf18f3;src_b49fd95b4eaf;src_b4da1a942d68;src_b4e221b69f3d;src_b526435178ff;src_b548f2f1b85c;src_b54a9b230e61;src_b55b95a6b3fd;src_b70c417ae5cb;src_b76049817f43;src_b77a26e8c31a;src_b803b4ff6c3c;src_b95508f4e396;src_b99f5dd248ae;src_b9f605972741;src_ba6e668cd715;src_ba98dcf59c39;src_bb8d2f44c9b6;src_bbb535e776dc;src_bc1043346734;src_bcbcc49e79a3;src_bd432e5636e5;src_bdf2ea293fcd;src_be57e59cf58a;src_bf83575f379e;src_bff1b92f3710;src_c004585b0264;src_c088f74be7d2;src_c0d97bc91814;src_c210bdcd64bb;src_c23a2b6834f5;src_c24da1d3973e;src_c31cb9a51340;src_c399fd9a1f6f;src_c4956e382f2b;src_c575ec8dabc9;src_c58169c8c357;src_c60251200340;src_c60dacc02983;src_c64354a9d0eb;src_c6460ed0e9ee;src_c662660925f2;src_c7d56625689a;src_c815c20002b1;src_c96657e2e2ce;src_c9a77603eff1;src_ca9bb0e1fcd3;src_cbd3d9b6cf8e;src_cc105af5ccf7;src_cc75c94640b8;src_cca0e883b788;src_cd11f15da347;src_cda6b7035838;src_cdf88c69b35b;src_ce995d55ccb4;src_cedf5ac728d3;src_cf80a1c72234;src_d175592c97de;src_d18629bc313d;src_d19b003d7e00;src_d2cf1464dcec;src_d2f392df7de3;src_d316d828f1cf;src_d49f775d822d;src_d54254832f4e;src_d596a5c654c0;src_d5cf4de07c5f;src_d66932169ee0;src_d67fd01378bf;src_d7db8d198302;src_d86ce73c8e50;src_d90fce18dc41;src_d9498325ab87;src_d9965bc71b49;src_d9bbe3eb8dc8;src_d9f94f3b757a;src_da491a56532f;src_db70d88a6018;src_db975faa1357;src_dbb48eb853a6;src_dbe5cc0126a2;src_dc30d4ac10e3;src_dc5e414c5c36;src_dd690dd6229c;src_dd7ce701f58c;src_dd9fb68cb698;src_ddcee69628be;src_dec7eace6d14;src_dfa57d681736;src_dfcc57b820f7;src_dffa8978f322;src_e012a9d53e52;src_e0bf3049d164;src_e1038b0c8843;src_e123a6943476;src_e1d571d3881e;src_e2652d2932f9;src_e265347079e7;src_e27a2d9b4737;src_e2a8c611c056;src_e2eca24f48f0;src_e3f17786c880;src_e407ba2c374f;src_e4bfd2de5c07;src_e55426eb871a;src_e586a5a81fba;src_e5b576ef1b98;src_e5db0303177a;src_e5f02d6bbb54;src_e62526b09ecd;src_e651a7463fee;src_e6918db8bb42;src_e6ed3f2babe0;src_e891d38e8000;src_e90f4308369c;src_e9e28922330d;src_ea76b7d21617;src_ea7da82b184c;src_eaf179914f7e;src_eb5e031761e8;src_ec050c372fa0;src_ecabf64126a6;src_ecae244b563b;src_eccddef98073;src_ecd25d7447ce;src_ece9b513259a;src_edcdb378e9d1;src_eef1df63b42a;src_f0336ed95134;src_f046c8755168;src_f06d81039801;src_f06d8f369d95;src_f081d4564db9;src_f0ca18e8cbb2;src_f1303b3e7a25;src_f1335e8b694f;src_f167090f5e85;src_f227d15d09e9;src_f2f7cbc72029;src_f314a583af65;src_f36a6c3247ed;src_f418fad15b64;src_f48df0068e3d;src_f4d684e8906f;src_f5ced6058170;src_f5fef20b5666;src_f6352a451be8;src_f7aad58a5e52;src_f7ba26e34267;src_f8434bff99b5;src_f85efd272240;src_f86cf00325eb;src_f8ab82fdbaf4;src_f9816ca8bdb3;src_fa0d20a895f6;src_fa441c9b1d05;src_fa849eb6af06;src_faa8caba864a;src_fb47e6db8aaf;src_fcda71c7bbb1;src_fcedc5ba2ef0;src_fd1b1ad71ac8;src_fed9a3bc40e5;src_ff0a68a7e49a;src_ff81c126a9ce,Aria-MIDI,CC BY 4.0;CC BY-NC-SA 4.0; non-commercial research and education;MIT;derived audio; source MIDI terms apply; SoundFont MIT;external recording; rights not granted by ATEPP metadata license
exp_839d0d97aa37,Frédéric Chopin,Romantic,wrk_bdf78d664563,wrk_bdf78d664563,rec_24c73444dfc6,sources/asap-dataset/Chopin/Etudes_op_10/12/xml_score.musicxml,sources/asap-dataset/Chopin/Etudes_op_10/12/xml_score.musicxml,data/downloads/maestro-v2.0.0/2011/MIDI-Unprocessed_07_R1_2011_MID--AUDIO_R1-D3_03_Track03_wav.wav,,data/canonical/alignment_events.csv,,1,84,musicxml,cpc_canonical_beat,licensed_for_research,complete_movement,,true,true,ready,cmp_d624aa5c7714,Etudes op 10 12,scv_57fa1eec1775,prf_11ee521024da,aln_d37565bb6038,source_recording,beat,source_provided_beat_annotations,source_exact,1.00,src_025ca45f4837;src_09330b718bb5;src_0ac1302514ab;src_0beea7223698;src_102d3cffe6b4;src_10cdb4182ea9;src_121168e9de36;src_17e1a8866d36;src_196307bb17c4;src_1ceca4c1fdfb;src_22d93ec87d7e;src_230cf7194460;src_233904f1a2b4;src_24853b85e642;src_2584ee34c30d;src_26656373199d;src_2829315b85ab;src_2aa9708e0b6f;src_2c10a16a6a26;src_2ffd90aa55b5;src_33f0c9a5707a;src_35ec89d554d8;src_3b479793faaa;src_3c0452356ac4;src_3ddc89e8eb69;src_3e55e368dd2c;src_3f5525c86fdb;src_40a6205ecb4e;src_43d4821142c5;src_45503929b276;src_488ad49bbcf0;src_4e3a11ea4790;src_4e831569d04f;src_4f8de5962ad9;src_501cf012f307;src_50fd786ceba2;src_5195acc76e42;src_52908a6c265b;src_56371839f102;src_5929dcdcaf75;src_5af892f30cf5;src_5dc9a9f72e95;src_5dd2496b17d6;src_60a386f43fc8;src_60ee5c4c40a3;src_61d9537bf65a;src_640f73ee87d0;src_653d6a1a8d43;src_670905bb3c9a;src_6746eda26497;src_67986f03abec;src_699335456eef;src_6a832a44dfdc;src_6b2ba84d1e2e;src_6c64c85b0f08;src_707c887c03f5;src_727fee9e6aef;src_73f33784723b;src_7545a4930548;src_778582778e85;src_77eee26032b0;src_7951d60a2ef3;src_7cace7444a30;src_81d7322fbfa4;src_839d401e4c92;src_8628c91c55a7;src_8b2b9ee85542;src_8b83af2bd243;src_8c5e1588cf88;src_8dbc53219be2;src_8ea59fb40015;src_8ed8229e0023;src_90308721f5d5;src_9096cec9702d;src_916e16ddf82c;src_91f0352890bb;src_9259e7392c2f;src_927692773cab;src_938b9594f729;src_9451b49c7a49;src_9473103d8b07;src_96e2c3731861;src_97d2d2baf438;src_99f0af18f589;src_9b150d5a2546;src_9bb6d4eb057c;src_9d1e7c415a12;src_9fb10961dfc0;src_9fe8b0d513bd;src_a32e808e0756;src_a49245aea0a7;src_a7c1d7f124db;src_a99e586c6b1b;src_ab3aa177f548;src_ab5cfdb6a629;src_abe5e7e57e8d;src_ae5a4c41298f;src_ae689094418c;src_affbdbbe7bdf;src_b00de68aaf39;src_b1a166f00c42;src_b37db44643e0;src_b50576015ea1;src_b537f323bee3;src_b5948947b177;src_b92cd470d9a0;src_bce147a78858;src_bee7a693deb3;src_bef7dcfc1cfc;src_c0e97cf12c28;src_caa8a530dbe7;src_cadd721a704b;src_cb0b692cef51;src_cd24dcc8083d;src_ce8f4320ce18;src_d0d3a5670738;src_d17944eb6547;src_d280f6b3c6ba;src_d429ebe1e91b;src_d529d285b575;src_d9accd3c3edb;src_ddfad62f0de1;src_e0a1f568b1e8;src_e0fa3545effa;src_e5657a7a9270;src_e5c84285cf8c;src_f56c086aaf9c;src_f5d82801eaa4;src_f5e872d524b8;src_f6fbadc689ab;src_fb425608c80d;src_fc16f7d83678;src_fc5d62f2c9fa;src_feffd462dd94;src_ffb037316749,asap,CC BY-NC-SA 4.0;mixed
exp_84dd8367552c,Frédéric Chopin,Romantic,wrk_7e2d098d7b70,wrk_7e2d098d7b70,rec_9df5f10a5f19,sources/asap-dataset/Chopin/Etudes_op_10/1/xml_score.musicxml,sources/asap-dataset/Chopin/Etudes_op_10/1/xml_score.musicxml,data/downloads/maestro-v2.0.0/2015/MIDI-Unprocessed_R1_D1-1-8_mid--AUDIO-from_mp3_03_R1_2015_wav--2.wav,,data/canonical/alignment_events.csv,,1,79,musicxml,cpc_canonical_beat,licensed_for_research,complete_movement,,true,true,ready,cmp_c4eac3f4866c,Etudes op 10 1,scv_f0ffe2714587,prf_8f473545344a,aln_886bdb2fce94,source_recording,beat,source_provided_beat_annotations,source_exact,1.00,src_00a11a73c703;src_02042790b4b9;src_0239dcde9436;src_02b4c992480d;src_02de127b0723;src_0483bddcaf0e;src_0516bbe05f2c;src_05763da8a866;src_0576be99a45d;src_0640b02427c8;src_07e7a002201f;src_08d3337c1d4f;src_09e2daaadafe;src_0ae3e00773cd;src_0b9ff17ecaf0;src_0d44a60dfec9;src_0d64e41dfff3;src_0fb9298a6917;src_1070967f08b1;src_11f3de2bde0b;src_14146c567dd9;src_14850777b751;src_17811c2d7d59;src_19f094e12907;src_1a310a25a343;src_1a7b21d24b1e;src_1c10e262c483;src_1c5a71ef372c;src_1c6a8da5c43b;src_1ccd6f136c60;src_1d5655887d0a;src_1e268c00b0de;src_1e585244ccbe;src_20bf5d646f0c;src_21673dc541ba;src_2178270acaad;src_22a0386b30d6;src_23b668cbe3b1;src_24c82f29da65;src_24febe225615;src_272b23d24d70;src_292f4c4a9cb0;src_2c15204358d3;src_2ccaed3bbcec;src_2d1148e16885;src_2dab1a115838;src_2e355c28ea4c;src_2f0f7c24195c;src_2f22cab3dbf3;src_31856d42e4f9;src_34178768aa2b;src_34e98f1279d1;src_38e1816aec93;src_39bed2f8a107;src_3a20fabcb702;src_3da857abed9e;src_3e32907835de;src_3edc179e1fbd;src_3f42105789b6;src_3fe25cc6eb95;src_3fe8d4c94fdf;src_41ea47a6f741;src_4311589d954e;src_43369dbc95f1;src_43b088078568;src_465e5be8b2f3;src_46dc7d27d709;src_46e84d6d89d8;src_473902c3ad9b;src_47e7a3b90e1e;src_4926f3523f65;src_4a853d1f6d9e;src_4aca4e216321;src_4b02ec432339;src_4b6583fcf3a4;src_4b7519516553;src_4bb561e9f927;src_4d12965f9352;src_4d711c02c0c8;src_4eafd4642e04;src_4f0c5dda734d;src_4f76bed3e422;src_4fe97040362f;src_501888209aec;src_534d4aef4d8e;src_53aafe64d873;src_53dc645742b8;src_568c9083326e;src_56e5293105c0;src_597b03744f01;src_598ba01ea85c;src_5999893f3ec1;src_59a80d7ca6c7;src_5b0ccfaf2494;src_5e9ff38889c6;src_602f7b4c22cc;src_604eda41d763;src_615c1eb4c640;src_625665b305a4;src_6280910f125d;src_62d05f832a31;src_643a35cf6b99;src_65c54647e67c;src_665d76c81c26;src_668f73d79fa0;src_670956a4f3f4;src_6976e820ff92;src_6d1ec68e54dc;src_6f216d6d7b56;src_6f3144540c85;src_70243fe1fa5d;src_704aee9e6c38;src_711f1ac83f06;src_716ecc2fe49f;src_721eef35b477;src_72eaf8f746a9;src_7401e581c1cd;src_7447e06aa26e;src_7607ad5d4b8a;src_77599c9d7a1e;src_7d39d44087d3;src_7f7c65b48784;src_7fd2e0953617;src_834691804625;src_83c0a6c6aca9;src_8443c75ae8bc;src_8771089b3e1b;src_87a8e2b40c34;src_87f11cb0c3bb;src_881d729dfc52;src_8850438505bc;src_88a84ab2b0eb;src_8a28d04529e3;src_8cc71205a4d1;src_8d0049c9b504;src_8d341a7e7e2f;src_8d8132bcc129;src_90420f8b807f;src_9127f114ac04;src_91d8136ae223;src_922577564ec3;src_971292180b44;src_98fbedce93bb;src_9a411c6a3765;src_9aa30a9bdd95;src_9e6ef80718cc;src_9e85ee08512e;src_9f34185b4d12;src_9f4ecfc81982;src_a053be7ae8d5;src_a0a70bdff708;src_a24b106f7a08;src_a36b04d0adec;src_a42159968b2a;src_a491abd9601f;src_a4afd58af4d4;src_a71be20b0013;src_a75beaa762f0;src_a8d0a90d6fca;src_a9e4bbff3b19;src_a9ed1bab6e30;src_abe19c567812;src_ac33020a550f;src_af25c2808e1c;src_b0997cf57101;src_b2b324ebdad0;src_b2e8b6fb462d;src_b3029e43eba6;src_b3fac135c74e;src_b46a87871c12;src_b87b15248f1c;src_b8c8902f7753;src_b9f517c34e0a;src_bc150e23f863;src_bc81d5b4a84b;src_bf60fcd021fa;src_bfe8ce299479;src_bff641e3ddb1;src_bff7d7511576;src_c13fd203be7e;src_c1857c8ff81e;src_c2a9d866e89c;src_c45030d8864e;src_c5792d8dfd7b;src_c5b9418fdcbe;src_c5eaaa0b05ec;src_c641c521e744;src_c64ee1148759;src_c7a8ba021173;src_c865881c18b8;src_c93445ac3a6b;src_cc97d26f219e;src_cde3829ae23d;src_ce5a0b2166fd;src_cea4869f8b3d;src_d2a558862f15;src_d34e68b0ab0d;src_d465f6054df7;src_d6dcf879f383;src_d719bd2fbf75;src_d9f5aa679ddd;src_da16c9b8b51c;src_db0867f90d4d;src_dc860347f752;src_dcd6fa7c8fe0;src_dd776caeee53;src_ddf47c403ba9;src_de4bbcf41ea9;src_e06ed994b043;src_e18a8f7199bb;src_e2062c445adf;src_e38525fe1af9;src_e4cf10780527;src_e4ddd18a3167;src_e5d44828865b;src_e6571fd2259c;src_e697fffaeba3;src_eb1484e5e98f;src_eb1ecc767d94;src_ec9bbbaf5b68;src_ecc2669c1441;src_f1cd837b1a80;src_f218560cec8f;src_f23a6014bf16;src_f320cfb76525;src_f3769daa5aa7;src_f37f737b9e33;src_f3bc83e2a3a9;src_f53e11eefeb3;src_f586645db124;src_f6d40a8cfc6c;src_f7f2ca82edd3;src_f85f75d1f741;src_f8e0f4b06021;src_f97cebb07044;src_fbd91b0da9d4;src_fc411ef78bc3;src_fca33c043206;src_fed144a1a177;src_fee34fe2dd16,asap,CC BY-NC-SA 4.0;mixed
exp_85a3e0cf6200,Frédéric Chopin,Romantic,wrk_7e2d098d7b70,wrk_7e2d098d7b70,rec_ef31cf9747ba,sources/asap-dataset/Chopin/Etudes_op_10/1/xml_score.musicxml,sources/asap-dataset/Chopin/Etudes_op_10/1/xml_score.musicxml,data/downloads/maestro-v2.0.0/2017/MIDI-Unprocessed_043_PIANO043_MID--AUDIO-split_07-06-17_Piano-e_1-03_wav--3.wav,,data/canonical/alignment_events.csv,,1,79,musicxml,cpc_canonical_beat,licensed_for_research,complete_movement,,true,true,ready,cmp_c4eac3f4866c,Etudes op 10 1,scv_f0ffe2714587,prf_0594248dce2f,aln_e4c71d654e59,source_recording,beat,source_provided_beat_annotations,source_exact,1.00,src_00a11a73c703;src_02042790b4b9;src_0239dcde9436;src_02b4c992480d;src_02de127b0723;src_0483bddcaf0e;src_0516bbe05f2c;src_05763da8a866;src_0576be99a45d;src_0640b02427c8;src_07e7a002201f;src_08d3337c1d4f;src_09e2daaadafe;src_0ae3e00773cd;src_0b9ff17ecaf0;src_0d44a60dfec9;src_0d64e41dfff3;src_0fb9298a6917;src_1070967f08b1;src_11f3de2bde0b;src_14146c567dd9;src_14850777b751;src_17811c2d7d59;src_19f094e12907;src_1a310a25a343;src_1a7b21d24b1e;src_1c10e262c483;src_1c5a71ef372c;src_1c6a8da5c43b;src_1ccd6f136c60;src_1d5655887d0a;src_1e268c00b0de;src_1e585244ccbe;src_20bf5d646f0c;src_21673dc541ba;src_2178270acaad;src_22a0386b30d6;src_23b668cbe3b1;src_24c82f29da65;src_24febe225615;src_272b23d24d70;src_292f4c4a9cb0;src_2c15204358d3;src_2ccaed3bbcec;src_2d1148e16885;src_2dab1a115838;src_2e355c28ea4c;src_2f0f7c24195c;src_2f22cab3dbf3;src_31856d42e4f9;src_34178768aa2b;src_34e98f1279d1;src_38e1816aec93;src_39bed2f8a107;src_3a20fabcb702;src_3da857abed9e;src_3e32907835de;src_3edc179e1fbd;src_3f42105789b6;src_3fe25cc6eb95;src_3fe8d4c94fdf;src_41ea47a6f741;src_4311589d954e;src_43369dbc95f1;src_43b088078568;src_465e5be8b2f3;src_46dc7d27d709;src_46e84d6d89d8;src_473902c3ad9b;src_47e7a3b90e1e;src_4926f3523f65;src_4a853d1f6d9e;src_4aca4e216321;src_4b02ec432339;src_4b6583fcf3a4;src_4b7519516553;src_4bb561e9f927;src_4d12965f9352;src_4d711c02c0c8;src_4eafd4642e04;src_4f0c5dda734d;src_4f76bed3e422;src_4fe97040362f;src_501888209aec;src_534d4aef4d8e;src_53aafe64d873;src_53dc645742b8;src_568c9083326e;src_56e5293105c0;src_597b03744f01;src_598ba01ea85c;src_5999893f3ec1;src_59a80d7ca6c7;src_5b0ccfaf2494;src_5e9ff38889c6;src_602f7b4c22cc;src_604eda41d763;src_615c1eb4c640;src_625665b305a4;src_6280910f125d;src_62d05f832a31;src_643a35cf6b99;src_65c54647e67c;src_665d76c81c26;src_668f73d79fa0;src_670956a4f3f4;src_6976e820ff92;src_6d1ec68e54dc;src_6f216d6d7b56;src_6f3144540c85;src_70243fe1fa5d;src_704aee9e6c38;src_711f1ac83f06;src_716ecc2fe49f;src_721eef35b477;src_72eaf8f746a9;src_7401e581c1cd;src_7447e06aa26e;src_7607ad5d4b8a;src_77599c9d7a1e;src_7d39d44087d3;src_7f7c65b48784;src_7fd2e0953617;src_834691804625;src_83c0a6c6aca9;src_8443c75ae8bc;src_8771089b3e1b;src_87a8e2b40c34;src_87f11cb0c3bb;src_881d729dfc52;src_8850438505bc;src_88a84ab2b0eb;src_8a28d04529e3;src_8cc71205a4d1;src_8d0049c9b504;src_8d341a7e7e2f;src_8d8132bcc129;src_90420f8b807f;src_9127f114ac04;src_91d8136ae223;src_922577564ec3;src_971292180b44;src_98fbedce93bb;src_9a411c6a3765;src_9aa30a9bdd95;src_9e6ef80718cc;src_9e85ee08512e;src_9f34185b4d12;src_9f4ecfc81982;src_a053be7ae8d5;src_a0a70bdff708;src_a24b106f7a08;src_a36b04d0adec;src_a42159968b2a;src_a491abd9601f;src_a4afd58af4d4;src_a71be20b0013;src_a75beaa762f0;src_a8d0a90d6fca;src_a9e4bbff3b19;src_a9ed1bab6e30;src_abe19c567812;src_ac33020a550f;src_af25c2808e1c;src_b0997cf57101;src_b2b324ebdad0;src_b2e8b6fb462d;src_b3029e43eba6;src_b3fac135c74e;src_b46a87871c12;src_b87b15248f1c;src_b8c8902f7753;src_b9f517c34e0a;src_bc150e23f863;src_bc81d5b4a84b;src_bf60fcd021fa;src_bfe8ce299479;src_bff641e3ddb1;src_bff7d7511576;src_c13fd203be7e;src_c1857c8ff81e;src_c2a9d866e89c;src_c45030d8864e;src_c5792d8dfd7b;src_c5b9418fdcbe;src_c5eaaa0b05ec;src_c641c521e744;src_c64ee1148759;src_c7a8ba021173;src_c865881c18b8;src_c93445ac3a6b;src_cc97d26f219e;src_cde3829ae23d;src_ce5a0b2166fd;src_cea4869f8b3d;src_d2a558862f15;src_d34e68b0ab0d;src_d465f6054df7;src_d6dcf879f383;src_d719bd2fbf75;src_d9f5aa679ddd;src_da16c9b8b51c;src_db0867f90d4d;src_dc860347f752;src_dcd6fa7c8fe0;src_dd776caeee53;src_ddf47c403ba9;src_de4bbcf41ea9;src_e06ed994b043;src_e18a8f7199bb;src_e2062c445adf;src_e38525fe1af9;src_e4cf10780527;src_e4ddd18a3167;src_e5d44828865b;src_e6571fd2259c;src_e697fffaeba3;src_eb1484e5e98f;src_eb1ecc767d94;src_ec9bbbaf5b68;src_ecc2669c1441;src_f1cd837b1a80;src_f218560cec8f;src_f23a6014bf16;src_f320cfb76525;src_f3769daa5aa7;src_f37f737b9e33;src_f3bc83e2a3a9;src_f53e11eefeb3;src_f586645db124;src_f6d40a8cfc6c;src_f7f2ca82edd3;src_f85f75d1f741;src_f8e0f4b06021;src_f97cebb07044;src_fbd91b0da9d4;src_fc411ef78bc3;src_fca33c043206;src_fed144a1a177;src_fee34fe2dd16,asap,CC BY-NC-SA 4.0;mixed
exp_8b870f34d0aa,Wolfgang Amadeus Mozart,Classical,wrk_cf678ce9514a,wrk_cf678ce9514a,rec_164926aa64b2,"data/downloads/pianocore/1.0/refined/Mozart,_Wolfgang_Amadeus/Piano_Sonata_No.16_in_C_major,_K.545_""Sonata_facile""/1._Allegro/score_ATEPP_mini_refined.mid",,data/derived/rendered_audio/pianocore-1.0-a-star-mozart-fluidsynth-2.5.6-v1/rec_164926aa64b2.wav,"data/downloads/pianocore/1.0/refined/Mozart,_Wolfgang_Amadeus/Piano_Sonata_No.16_in_C_major,_K.545_""Sonata_facile""/1._Allegro/score_ATEPP_mini_refined.mid",data/canonical/alignment_notes.csv,,1,73,mid,cpc_canonical_note,licensed_for_research,complete_movement,,true,true,ready,cmp_73762bb69b7b,"Piano Sonata No. 16 in C Major, K. 545 ""Sonata facile"": 1. Allegro",scv_6eee34e8c7ae,prf_01cd51c9ed6c,aln_42a0d69e93e8,synthetic_rendering,note,pianocore_rascop_refined,pianocore_a_star,0.9751,src_0014d18d5827;src_0022a105df63;src_00c8bddce80e;src_00f0f931f0fa;src_010cb8412442;src_011ddb569289;src_0120aac3cf10;src_0121f35be743;src_01276429bf05;src_017be0a88173;src_0228233e6e46;src_023ff63fbb73;src_025828425c0e;src_029158ccd892;src_02dd02edf8f6;src_02f6c1d93cf5;src_037d196b130b;src_03982ba5df03;src_03a4d2db87dc;src_03a99b5adfcc;src_03f85280a7ff;src_040d80870232;src_0410825fa7d9;src_04202ed82640;src_0430ae0ca311;src_04713dfa33c4;src_04bc23801383;src_04c20a89076c;src_04e4b70f849c;src_05243e272d59;src_0555bcac6771;src_0578e5d0fcc8;src_05b2843a8da9;src_05b6c9828e35;src_061755fbd654;src_063ce3e03c9a;src_0675d7d6c504;src_067d594b9e52;src_069ff0ef5463;src_06a17a90365d;src_06d22004755b;src_06d861175a9a;src_06eb3494f33e;src_06fc285eb4a7;src_0709ac30b51d;src_070f72d8960b;src_07437f7e47b6;src_0757f6be1a78;src_0773189f115d;src_078ea0bcf7b5;src_07ae573345e3;src_07b301092b1e;src_07d6c5cd1835;src_0803131ff0fe;src_0827214710ef;src_08584ac43c79;src_0885b44ad382;src_08b8ceb6c5b0;src_08c6437bfcc9;src_09203d9da3a9;src_093344552154;src_093fce677f48;src_0989493f9085;src_09990b8aa8a3;src_09a367d06051;src_09ebefd2cb60;src_0a201f2d2f16;src_0a95c1869299;src_0aad98ccd3ab;src_0ab63d86b52c;src_0ac826b3fb26;src_0ae3b6edfbe4;src_0af161830329;src_0b382af2320b;src_0b7b07f5ce23;src_0b972bab007f;src_0bc939de545f;src_0bf1d69ae464;src_0c0d561c410b;src_0c343c6076f4;src_0c63e7886670;src_0c9ab0c172e5;src_0c9aed960449;src_0cf7a4d975f5;src_0d19af457b2c;src_0d1f42ab306f;src_0d7f4f3dd8bb;src_0d8523878016;src_0d85ec6cc002;src_0d87f5500577;src_0d8915580521;src_0da04f2ebf3b;src_0daba4714e93;src_0dd850ac6468;src_0de328ed693c;src_0e7add930f29;src_0eaee53c9239;src_0ebed335959c;src_0ed151924323;src_0f3c95c32db1;src_0f64bb60cd4b;src_0faa68425f0e;src_0fcd424e21d5;src_0fea38aeba53;src_1007f8be9da3;src_1050a7f46daa;src_10593990fa63;src_10672f0b051f;src_107a9c9dafec;src_107b34df3596;src_10a5b69928d9;src_10f3365ac21c;src_110ccb82304b;src_1111419b25a0;src_111b6f20b83b;src_115a2b6e7f98;src_1160f47fd00c;src_1166154f1b47;src_11739ba99fbe;src_123a5bb968cc;src_1248043e6de5;src_1250aa79953a;src_12f5e5875345;src_12f8376ebdba;src_12f8d361be5b;src_131f6e594c11;src_1365af8c4ed9;src_136d25fcfc62;src_139df9228699;src_13b04621aede;src_13e9f980ced4;src_13f76a69fae0;src_1403543f6002;src_140589404d39;src_1407fd4678f0;src_1434f6616b0a;src_144da8ecd909;src_1469c0eee7bd;src_148d5c7fbf89;src_14a3af7436fb;src_14ba3ec06e74;src_14eecea5fc63;src_15097aad2f01;src_15135e566398;src_1517870f15e3;src_1520b4dd940c;src_1531bd74dbd4;src_155db7edfe84;src_156417d24468;src_157f7300466c;src_15a5bbfcbcbb;src_15ac4c6c3c70;src_15fd126d3f3c;src_1604ee58e7f8;src_1606a4202e90;src_162ca87fe058;src_166213e03f7f;src_1675a9c1f6b7;src_16815983c050;src_1689852c046e;src_168b18189943;src_1732f883edbe;src_173ba064890e;src_17633eab4f09;src_17828630769e;src_17a1812799b2;src_1850e88c2afe;src_185d7d0b2b8a;src_18cb4073e57e;src_18cf25bf3a57;src_18fb5853f7f4;src_1904b67f99ec;src_1936ffc9640d;src_197067d4b5ec;src_19b895acd0bc;src_19c61c95da53;src_19c9830777a9;src_19d26005c784;src_19db9dd15149;src_1a075abb8b46;src_1a0827974971;src_1a1958827cd1;src_1a3f9135be3b;src_1a6a3d225faa;src_1a836ca554d1;src_1a87a4d999a4;src_1a954f28f544;src_1aa6b1446afc;src_1afbcebbbba9;src_1b0847b30404;src_1b28cb654582;src_1b5c7591851b;src_1b5fe6da536d;src_1ba5aff8afd7;src_1bb178aa533f;src_1be77641d647;src_1bf08474a2fb;src_1c4b0380a356;src_1c88505cf4a0;src_1c9793b2fc16;src_1c9effed52ff;src_1cf79a870c11;src_1d147ede77e4;src_1d241439ca9a;src_1d2a40c620f8;src_1d5154982319;src_1d5cc698df4d;src_1d790509c5f2;src_1d8d53df566b;src_1e140fb3a8fa;src_1e2ecce59c32;src_1e3300f0d90a;src_1e8450c311b6;src_1e913faf729b;src_1ea1667300e1;src_1eab7c8d3c6e;src_1eb489a7a464;src_1eb5185b840a;src_1f0edfd8ef35;src_1f3743a921f3;src_1f3d2a9da235;src_1f764bf9d796;src_1fa1d165467a;src_1fb88d157437;src_20212ef73b7e;src_2025c636ea73;src_20535e0cd8de;src_205f62a01c6d;src_206801ca620e;src_208637d4f9de;src_208c2fbaf88d;src_209e6d4c5070;src_20e94b3774f1;src_20eba12c654b;src_211882354f14;src_21241629b3aa;src_21288290e25c;src_2180f403b533;src_2189809ae472;src_21cda57955e3;src_2222dc7c0b11;src_223580f491d6;src_22514f933f93;src_2252d433408d;src_22c004ad8ce6;src_22fd820dc1bf;src_23269a1e33cf;src_2329246037c0;src_233b244b8f44;src_23551c2fdf52;src_235f12d15289;src_23946933dcca;src_23e5acfed917;src_2426947eafcf;src_243dde757210;src_245ec6591262;src_2461df13d40c;src_2464bc8ce28f;src_24ccddff96cd;src_2543d29b3d45;src_255be73646e7;src_256193d910d9;src_25664bfdf57c;src_25681b751b3c;src_25826c67de98;src_25919359f564;src_25972786f322;src_25b895ec5972;src_25c5f39f8a6c;src_25ff33507751;src_26837bac79ba;src_2728cdcc5a6c;src_272a65260028;src_2737e1e1f2ee;src_274c287285df;src_27a2347fa1fe;src_27b2714bdc24;src_27b396657075;src_27badd5355ba;src_27cc11658f8f;src_27e1f259f23d;src_27e9eefa4d54;src_28410f27ad9a;src_285addb491d1;src_28b22fbde4c8;src_28b8496c8ef5;src_28bf276ee202;src_28cd4519388f;src_28de57b01170;src_28f5607ad09e;src_290c20675c25;src_2923b18b7dc7;src_29778ef49500;src_299fe1161d86;src_29a7648a87b9;src_29ac446ef97c;src_29b836b2081d;src_29dc36e986a9;src_29facfa78a07;src_2a05e2766249;src_2a3222812a44;src_2a4703bd716c;src_2a475a6268ec;src_2a6e9d1f2782;src_2a95de134c3c;src_2a96b13a6a48;src_2aa57f4f7faa;src_2aadad45193c;src_2ab11566ca39;src_2ab2126d86c1;src_2abd2d7de75e;src_2add7ecb1894;src_2ae4fe6857b8;src_2b03b55a5b56;src_2b064c552f2a;src_2b0ca0785020;src_2b2ad56cf66d;src_2b6b1e456315;src_2b9f86da88ac;src_2bc47e39fc8f;src_2bcd62117d05;src_2bf36c8e1fee;src_2c1879a507a4;src_2c1cb1dc5c77;src_2c20032bdb3e;src_2c52b25ac652;src_2c7a2c3b18fa;src_2c7d1331e305;src_2c7ddaa9305c;src_2c8197d1cc51;src_2ca8acf0499f;src_2cf693818b3d;src_2d0de72ed703;src_2d1f432a1134;src_2d3bb7595d6f;src_2d63b4f44f51;src_2d6737f5d7be;src_2d6c3e8325ba;src_2d8d44124925;src_2db8feac7244;src_2db8ffa8571a;src_2dfdbf510b32;src_2e00e8e0b858;src_2e3671f1edc6;src_2e568bebd205;src_2e5c3865a540;src_2e72c9e3ddbd;src_2ec1ea576fa9;src_2efce74eb785;src_2f21ee8a2174;src_2f508a9681da;src_2f54d79786eb;src_2f7ac405ab9b;src_2f9b060a72cc;src_2fbc34e0513e;src_2fd2ff8663d4;src_2ff0312c6103;src_2ff938ae6ad4;src_2ff9520271ac;src_3008d579a23a;src_3012d2db5884;src_30915f9802c6;src_30af0004493f;src_30c0b145a943;src_30d73332259c;src_30ff68a866f8;src_311c4c5aec57;src_313cbf8de600;src_3144eef703eb;src_3160522c5a8f;src_3194ece66b38;src_31a5fe48e463;src_32000cb01942;src_325c3faaaaf1;src_327f83a26be4;src_32e09613a024;src_32f9dc54f3a9;src_33187f350246;src_3322d6a4ed11;src_33844189c5ff;src_344d00f3061b;src_345a1ddd84a3;src_34ccec8d42fb;src_34f36a5fb45c;src_353e8d664e86;src_354453b13ed0;src_356aa01703e0;src_358443f4bf6b;src_35a661391497;src_35b80165cf0f;src_35c8e9c129d5;src_35deaafd70f4;src_35e1ad21d438;src_35e4dda4c4f3;src_35f1415a266d;src_365eac912339;src_3675bc4e1a34;src_367dbd556bfb;src_368ba9f5fea2;src_36a6d08facb9;src_36b4ce7eb757;src_372463434416;src_375a0e31423c;src_375e81a9a60c;src_37a966af58e6;src_37c648abe9bf;src_37f51fd1eda9;src_37fc418dec25;src_3814ab20b262;src_383e8df02e8d;src_3846558461a3;src_3857bb90b916;src_388cc99763ea;src_38954669fbc4;src_3897e4419420;src_389d9549064c;src_38accdc825d2;src_38d0f700ff05;src_391ef3bdcddc;src_3920e2e3c8f9;src_393b496c0459;src_395c93499ae9;src_397834c89f9f;src_39d4ba616bfd;src_3a0b19fcbdc1;src_3a1f09c9a4a7;src_3a325ff92def;src_3a516678fcd9;src_3a6c4517785d;src_3a827337cea7;src_3ab8b4a77313;src_3ac82df6084e;src_3ad99f06db6e;src_3b041b7e23ce;src_3b1a62c0e30c;src_3b370d89859c;src_3b8b73b4ef32;src_3b8cf3ffde60;src_3ba097f9c927;src_3c91522f6877;src_3ca89796022f;src_3cf4ab33a2af;src_3cfc70d92d5b;src_3d390bfe55db;src_3d8345561553;src_3d9b67760878;src_3dbbd67272aa;src_3dbd4630cd1d;src_3e24df041d22;src_3e3313645e46;src_3e3374659d1e;src_3e6f613b6fd6;src_3e77acb94537;src_3eb58a97253c;src_3ebef81115c1;src_3eca6e3ea12f;src_3fa1e2f54754;src_3fe81fc65a90;src_3fead334c16d;src_401aadbaa57e;src_407cefe2700e;src_40cfe0810302;src_40fbd16371b1;src_410ddffc64f2;src_4122b08735b7;src_413d986b2654;src_41a142e2f081;src_41f1b1dca241;src_41f417e1a028;src_4201c4b59808;src_423ad68beb44;src_4242acc0382b;src_4246dde3891a;src_425ec0fa60ae;src_426d3d90c987;src_426f098c2bbf;src_42ace20a7b62;src_42f23a7919eb;src_436ed1bca961;src_437fd86480d7;src_4399e267ebee;src_43a97070ec3c;src_43eece0e5643;src_43febdec5e33;src_4401a88644cf;src_4425696bd87a;src_446a208899c8;src_4484a7948632;src_44898d6f1bb1;src_44da2758fd52;src_45231c0e7f57;src_45396d6fd3a7;src_453a177e4a13;src_453c508b63b0;src_455b7af0a736;src_456c2a06860f;src_4589c4f92010;src_458a850f42af;src_45af2dd2ec7e;src_45e449a7e904;src_45ef563f2c88;src_461ff27f4330;src_46598f28b91a;src_46648e03a8b0;src_46660919114c;src_468321d7fe6a;src_4686a168be77;src_46a29508423d;src_46d1160ec873;src_46d5e6cfcc00;src_47578d213498;src_477d1b5f31f7;src_479afc6b9dea;src_47a022974233;src_47a1d9b3a95d;src_47d13dd8d91a;src_47e74ff8abb4;src_48728dda5db1;src_48be5b13e942;src_48d3498e5d76;src_48decb8c8b14;src_48ee8a796d63;src_48faa0ed5e09;src_493a480c7857;src_493a4baf9daa;src_4986b4332e78;src_49985df94e6f;src_49f007b5d4cf;src_4a00e5de2862;src_4a097a43b9e0;src_4a2daa4c1b30;src_4a4e4cc28149;src_4a6609768a02;src_4a98ea8af4d7;src_4aa582313e56;src_4aaa28f96230;src_4ad609081aec;src_4adf4411f87b;src_4b02652901f3;src_4b05068f60a5;src_4b0f26cd7a43;src_4b61c3e1751b;src_4b64dbc84e67;src_4b9d5f819dcd;src_4baa31e2b474;src_4bd8ae625e32;src_4bdd524d9aab;src_4beb9e58ef02;src_4c1b908ff2a4;src_4c2a1603ccf7;src_4c59d7f06a27;src_4c7f050db8f9;src_4cabae639aa3;src_4cc220ece979;src_4d0bbe2686e3;src_4d26df96165e;src_4d2c22485f9a;src_4dc85c1f29b7;src_4dea8ade6a12;src_4e42cf9739dd;src_4e586380eacb;src_4e5c265631fc;src_4e68244b2287;src_4e752d5cb30b;src_4e9fe4d30b5e;src_4eab6619efc1;src_4eaf8a52e3c2;src_4ecd3c72e674;src_4ecf7864288b;src_4ef4a4dca991;src_4f25ef5245e0;src_4f5c4e00472a;src_4f6c84b8437d;src_4fd46f2bf54d;src_4fe4600527d2;src_4fe6c5880a6c;src_505c2c7492c1;src_508f9fed5375;src_50a7bac59462;src_50f2d789ae9c;src_514187a07a1a;src_51450b903f8a;src_515722f38fcf;src_516560002f51;src_517aac45a886;src_519d9a754226;src_51b7d80bee80;src_52454fca6167;src_52590d151b4a;src_52a553e11795;src_52d206cfe056;src_52de2c5434d8;src_52f524c4bfb8;src_52facc7b72fc;src_5328b779ef6f;src_534c02315640;src_53891e155011;src_53b75ebe897a;src_53d6fa2307b3;src_53e191ca9bc2;src_53f0733bd7ce;src_54245f28d544;src_543cd04ce034;src_547d3ec5a741;src_548be84c5351;src_549cd0f88715;src_54c0f5bc8f4a;src_54cbfe8b7d05;src_5515b501a6bd;src_5560fe016a65;src_5563234797a1;src_557dd20d9d18;src_55be35eeb9f8;src_55c3584b3c87;src_55ca4b3a1bd5;src_55e337024264;src_55e62c979f5e;src_55e9ae9efba2;src_5609d17946af;src_561690069598;src_5637590057fe;src_566057fad98a;src_567a24f28b40;src_5698afdf3f25;src_56cba7e3a50d;src_5719e50d5093;src_5780bfd8bb3f;src_578939ade764;src_57c22ae6d026;src_57d204aa9065;src_57dfd7f77e3b;src_5832118f704e;src_5846e7c9272f;src_585d90417b7a;src_5872a9d445fb;src_587932f59b34;src_5894a5495fe2;src_58f93f4dfc96;src_590078440cf4;src_590ac60030ce;src_5922d97bae5c;src_5943cb81f53c;src_5950560536b6;src_59e77f5a40d3;src_59e7dca67980;src_59ec55218a88;src_5a43ae671d95;src_5a487ca89f26;src_5a7307867949;src_5a94ae54592e;src_5a9c2ef9cc68;src_5ab04fa82a37;src_5b0c35e42d95;src_5b116bc54d90;src_5b1aa97c45e7;src_5b6995003731;src_5b7b644b3657;src_5bb2e246a3c7;src_5bf2190a7fd3;src_5c14339de30a;src_5c20e2fe77de;src_5c7b79cd5750;src_5c892eee71d1;src_5cf123a6f4c0;src_5d000ba7876e;src_5d207f9b596f;src_5d5057dbdb05;src_5d5b56ec1d16;src_5d74cf790118;src_5db99662dca6;src_5de1ca34841d;src_5df9e4c72d2a;src_5e1a2e6bf6dc;src_5e4867c290f5;src_5e921d33d58d;src_5e9a175ac9b1;src_5ed5b19a15ae;src_5efc6e9b0258;src_5f1462fb40f0;src_5f17d1267dca;src_5f39df15b51c;src_5f5bb6380354;src_5f5e7701b639;src_5f6e23044a5d;src_5f97afa65f9e;src_5fd1008c635b;src_5fe152ddb0be;src_601717e120b8;src_6029b8391119;src_602a843c6de7;src_604271f5af79;src_607f90188b1e;src_608369873493;src_6083d38c2883;src_60b4af3d3cde;src_60c613b07aa8;src_6114ab7f96e1;src_61472777667d;src_61aaae16636a;src_61dd4755677f;src_62495c9191f0;src_626f914b03e0;src_6273ef6cf300;src_6280ad64924c;src_628ddef670ce;src_628f93b92878;src_6293e470c658;src_62a0f3befdd0;src_62d3f4b551d8;src_62deea867da5;src_62e2d059d561;src_631dbff21f40;src_632141e1e599;src_635aa6098009;src_63846e0fcfd6;src_640eb7714db0;src_64214b87e650;src_6435fb8a2f01;src_6454e740dfc8;src_64bee023a060;src_64d4e051ac8a;src_64dc44639700;src_64e6b98adc8a;src_659021e18d38;src_65a65c332dd8;src_65bb0642f029;src_65dadc7b6d53;src_662fd7a2ca4d;src_668ff5cd301f;src_66be8fb1de0a;src_6701f29695f5;src_670a26a8c314;src_670a3783de8c;src_67885461cfb6;src_67b47b435ca2;src_67cee3a5c63e;src_684ca568737f;src_68848801f253;src_68951c749566;src_68a3cf4b95d8;src_68a62cb0092e;src_68a920a448b6;src_68cf5332a045;src_692a51ba8735;src_6931b6dd93b7;src_6946f172ccd4;src_699785cfa130;src_69995be4c919;src_69a220d30e3c;src_69c214e528a3;src_69dcb12c6100;src_6a225f28b95d;src_6a4fddf659c0;src_6ad05faf421c;src_6ae09d1f0011;src_6ae82e7c49f2;src_6aecc6d1f166;src_6af11ac70797;src_6b7cdc38b526;src_6ba1482a10a4;src_6bcb988369e3;src_6c0930dc4fad;src_6c2320c235f1;src_6c35d2c29548;src_6c4c4f816a97;src_6c673dc2b02d;src_6c732d426a3b;src_6c8d7093883a;src_6cbbcbab89a8;src_6ccde9de9170;src_6cd640400cd3;src_6cde3d5e44dd;src_6ce15e3fecb8;src_6d065b54ae40;src_6d5ffc07ca93;src_6d7d3cabdea2;src_6d928ce12700;src_6dbf4037435d;src_6ddc724a4f51;src_6de00973455e;src_6e0a216875e1;src_6e115ca7dcc2;src_6e6290f2dcaf;src_6e71019e4c6a;src_6ea1e621b1bb;src_6ec067138b10;src_6f29cb6e9d8c;src_6f34bc110a48;src_6f5050fb8ebf;src_6f53c90d8339;src_6f8cb6b42b3b;src_6f9d56f473d4;src_6fac7865cc82;src_6fb2c3ac57ec;src_6fca012b0e3d;src_700c559671aa;src_7021d2be73bb;src_7067dbb2ffee;src_7074d7c98eb0;src_7077c513ca7b;src_70d4fbc696e1;src_70e97ee32868;src_7101ff837662;src_7114176e88a1;src_71183cb7995e;src_71a7e053122b;src_71af5f47fddb;src_721dcbc9bd1b;src_721e4d7e323b;src_7246ffc0e8d0;src_7247c67aa433;src_7264c7b4bf5e;src_726c21805f9a;src_726e0769e301;src_72824a161d6f;src_7298ac21d6ff;src_72c41aedb08c;src_72c615939131;src_72f007a95ae9;src_7303b75df422;src_731623ba0df8;src_73b7c57bb261;src_73b9cd949269;src_7414d07f72db;src_742586a3f092;src_7426ccfbbda3;src_745379a50c49;src_749588acc6ef;src_7499c473afab;src_74a0863d13a7;src_74cb8dca8c47;src_7562bc0dc1d4;src_758340319438;src_75868db8be7d;src_759108e3d0ec;src_75ad68135776;src_75cfe499f4a1;src_75d8761c3303;src_760504785cbe;src_76203d111196;src_762f25bf67fc;src_763666d8ba27;src_765415f4225a;src_76a22bf4beac;src_76c6adaf111f;src_7747e21862c6;src_775a88b1c3ee;src_77798e9277b8;src_77bc8c788509;src_77d182cc1bf8;src_77dd86a5df9d;src_78026c05b524;src_7807e5db0292;src_781a42d6757f;src_78521784c8eb;src_786b4502a2ba;src_78a69c27b47f;src_78bd4734cea7;src_78bed764f41b;src_78c99e2d53ae;src_78de3355062f;src_78fd3cf8fdc2;src_798e8fb2b837;src_79a33e06e3c8;src_7a3154d9d4c7;src_7a3b469c7d9e;src_7a5c3a732453;src_7a8d74dfb4eb;src_7a99db027864;src_7add1c85a0d4;src_7af9cda194f2;src_7b02488e137b;src_7b0858e28909;src_7b76ebe2007a;src_7be668d2bee6;src_7c23081079de;src_7c2df04e625f;src_7c32f007a55c;src_7c4d30989aa9;src_7c6296e23e5c;src_7c9766179f13;src_7c9bb1656a62;src_7ca0aaa96e66;src_7ca51b430d64;src_7caf7b1accaa;src_7cd2b3cbce99;src_7cdf009c4b37;src_7cf3815f75f9;src_7d11a164e2e5;src_7d3b13cb5f78;src_7d4357e616ce;src_7d47e96697d3;src_7d575781edbd;src_7dee69d4cc34;src_7e0a556a058c;src_7e21bbe38948;src_7e502aaa9dca;src_7e86d9a0cfe2;src_7eb59465883f;src_7eec6578ffad;src_7ef59f15a019;src_7efa5448104a;src_7f3c63413e3b;src_7fa50fba4a66;src_7fa555990b1f;src_7fb96cd4c6ac;src_7fdf05e8876b;src_800712fa4235;src_8008f8c667d8;src_804033bf4ee7;src_80dacefe5ae0;src_80e7b418fd65;src_81088d37c5e4;src_81266904a337;src_813991b35957;src_81693253d741;src_81a62a60eea8;src_81ce9ad6b0c1;src_81e393790b70;src_8208c5db2d54;src_82767ab3bd87;src_82bb63a9f487;src_82c8f3333552;src_82d01e50965a;src_82df2b156ff4;src_82fd9baedb42;src_831fe497df82;src_839b6b8ca1cf;src_83c5c929077d;src_83d89710f598;src_845e007fe1a4;src_8491a228e3bc;src_8493d03000a0;src_84a073755e06;src_84ace785efe2;src_84c41253a5fb;src_84d3da6ef53a;src_84f2c6a35240;src_8500b0d46721;src_850be3bcef76;src_852abe77431a;src_852b2db571a3;src_8566432e17ec;src_85720f6b9e51;src_85a10a954f00;src_85a98842ae4c;src_85be523968d0;src_85da09a59971;src_85fdfa245beb;src_8625d6d5c4e9;src_865c9fe8528d;src_865e0e91ae6c;src_867a5deba42c;src_869dd9485f6d;src_86a29a074a78;src_86dd40c6de2b;src_86ec506f07cd;src_8706c3837638;src_87a87c10bdc1;src_87b033f92f0c;src_87e8a7966dbf;src_880114018b4e;src_880e2d2d6545;src_882e3c76b12f;src_882f06b2d3d3;src_883d95198d30;src_885758e667ea;src_88794f30127f;src_888feac3e6bd;src_88b3769f0195;src_88ba9202bc13;src_88f4551d3610;src_89216e964218;src_8924ec0450dc;src_89603383a7a2;src_898aaa57e830;src_89e48c2e9fc6;src_89fe52732aa3;src_8a2e9d60560f;src_8aa1d53b6625;src_8ad8623bba7f;src_8b2bada909d4;src_8b4fe3ba41d4;src_8b9cc7a66a44;src_8bcc07bfedb2;src_8bda39b5bba4;src_8bef7e22abb7;src_8c18e9fc8bcc;src_8c1e1d582b51;src_8c3e8e96e108;src_8c5f2aaaaf46;src_8c7e4319b28f;src_8cc72ed82379;src_8d7a7774f274;src_8d7ae0109c2a;src_8da81b7fd6fb;src_8dcb9343f7c5;src_8dd1a04bec0f;src_8e1edbab7222;src_8e6ba7314091;src_8ecc4724edf9;src_8ecfceac0516;src_8edbda27ae82;src_8ee11d38b27f;src_8ef2fceb01e2;src_8ef70a726348;src_8f28b43af0e5;src_8f3a1ebb4954;src_8f3bc41fff4a;src_8f3e1aecfa55;src_8f426c2ad05a;src_8f47111a64ea;src_8f6c2e190aed;src_8f766addc64c;src_8fb1e82ec1d4;src_8fbc77095c79;src_8fe5a90272d5;src_901b738f0522;src_903018b3334f;src_9030af4dc584;src_903d467fdec2;src_904d4db3c6d1;src_90515f7e8b06;src_905aca26033b;src_907ea20aeaf2;src_9099bdb8295e;src_90ab05253662;src_90aea78852a0;src_91031cf63e92;src_910c0dae3609;src_914b5d4ca733;src_9169ca889d66;src_918a064ff6fe;src_91a72fc63989;src_91c8d1433016;src_91d972208820;src_91fd1c324319;src_920973c7400a;src_9227a35357ba;src_924b3ae1bd25;src_925e08568786;src_925ff30e1e68;src_9268688a5020;src_927b49593cf8;src_9287bc2b80e3;src_929cc2ff8132;src_92b2768411d8;src_92d21d29029e;src_92eb6e3cf56f;src_930171c702d8;src_93331045f987;src_93a43dd46886;src_93aa29b397f3;src_9422a4436604;src_942a9006654a;src_9479f1101986;src_948107962da7;src_94847c812b48;src_9489d519adfc;src_94e5e7223365;src_9519602d39bb;src_9533284b5018;src_957b96adf2b4;src_959a4c5d418d;src_95a107c6d37a;src_95a8614cb8f7;src_95db93272cac;src_95e776a58f56;src_96209e4798f3;src_962d5a308ec1;src_96362edf1eb7;src_9636c70b0043;src_967c3e131188;src_96d030153460;src_96fc1680bf29;src_972352481fc2;src_97523af28b27;src_976d05fc9d2e;src_977279960c5f;src_97bb1c4e59d8;src_97f32ba042a8;src_981b49d2c723;src_9852a1403cef;src_98590e4058b5;src_9893c05dd23e;src_989f6d6ec279;src_98a978417aec;src_98bf22c4ea51;src_98f05e66f2de;src_98f7925454c5;src_98fdd582749c;src_991c7d183204;src_99568d753754;src_99b3764d532f;src_9a0785ac95c4;src_9a0e316a1934;src_9a86c54aa0ec;src_9aaaed024046;src_9aed9229b903;src_9b055a250ed9;src_9b064addd761;src_9b1723678e12;src_9b191121e473;src_9b3668b5022f;src_9b61bf9c2f60;src_9b72170e75d5;src_9b73b993ddca;src_9b8db8a7421d;src_9c272f4e969a;src_9c4c9254e229;src_9c62a44f7966;src_9c6bdc0a7429;src_9c7009826579;src_9c80ef0dca79;src_9cc47c56af9f;src_9d4ef7a07352;src_9d938d7399a5;src_9da46880c58b;src_9dc61d39c1cd;src_9dd65dc17708;src_9e34ab370a88;src_9e391dc31ff8;src_9e5b5a840bc8;src_9ea29194e995;src_9ef2f6705218;src_9f0b0001c1a7;src_9f3c20ffc7f8;src_9f41ecf3df01;src_9f6a126d671a;src_9f7201b4af38;src_9f9d52363f18;src_9fbf2445629e;src_9fe44c01141e;src_a0005f539f2f;src_a02cd871b20c;src_a038f09e2536;src_a03911499f47;src_a0521c49fc1b;src_a0866db1a7f8;src_a0af6e4ce358;src_a0dc0f048d96;src_a0f1a7bb5802;src_a11d3a584294;src_a120ec42ff37;src_a14cbdacf468;src_a161f676a521;src_a17487106cc9;src_a1a25922dfe3;src_a1ab3db8f04e;src_a1ab6e95580f;src_a1abd60d23e6;src_a23daa480924;src_a26b31a9743c;src_a2724776b960;src_a27b9cda8114;src_a291466c9456;src_a2a6c052f972;src_a2c0bbec0959;src_a2ce98284375;src_a2d646107dcc;src_a32df1bd65d4;src_a34377618bb9;src_a38008cbffd0;src_a3c602cca8d3;src_a3daae152e1c;src_a3fbda4d5c4c;src_a406c8203996;src_a445fc59a542;src_a45cbd0dfc6d;src_a4610060c0aa;src_a46e424a55a5;src_a494177a98ce;src_a4990a39c7fc;src_a4ac0b883d11;src_a4adb730c126;src_a4cc2e256399;src_a4f073c1b940;src_a53a3429a210;src_a544df271930;src_a566df398e25;src_a57172dde3ad;src_a58bc63f2c9c;src_a5f8045ca7b9;src_a60a8657ef36;src_a6116f9444d3;src_a629135e01f0;src_a62af24a3040;src_a63d06e21c31;src_a6672fba15d9;src_a66ad69f41d6;src_a6800a877325;src_a69426be4c34;src_a6a929003b81;src_a6d2e3af1087;src_a738c2d241c9;src_a7a9c231fcac;src_a7dadbdb9477;src_a7eff1fd1fb0;src_a80bc86a4c74;src_a83eafe7e878;src_a8514b2b5f3f;src_a852eb4d04ff;src_a86686a0616e;src_a86df08818d9;src_a8ba2480da44;src_a8f1b373d49a;src_a9496bc2e977;src_a95791ee5002;src_a9d55cea0d2b;src_a9ead9a94796;src_aa34956c98ac;src_aab5947fbcd1;src_aad50cea873e;src_ab128776a20f;src_ab2aaff4f662;src_ab316a7d1f8d;src_ab5d88d473ae;src_ab8b44b0127f;src_ab95ee13d040;src_ab9d9cb960d4;src_abe3c40cf306;src_ac0bb6a5d7da;src_ac63cb2a7405;src_acbc7f41c926;src_acdc6ba8a1ba;src_ad0f93be7e3d;src_ad1702e4b245;src_ad2e26f9a3b8;src_ad483fabf2c4;src_ad4ebeac0298;src_aded8ee92373;src_adee244bd71d;src_ae492c7b8893;src_ae56352d48ac;src_ae69751074ed;src_aeb0ddaf29c6;src_aeece7dc1d8d;src_aef948521f6a;src_af68897887e1;src_af7781b7760c;src_afa488b93e6f;src_afdcde3c440c;src_b08eed16b6bd;src_b0cb6370f695;src_b1131adcf9af;src_b11b2cfe9668;src_b12de216006e;src_b18ec79602a3;src_b1a135e7c3f1;src_b1e1f2348de7;src_b1ed9f9912f3;src_b227be56ddbc;src_b22e5f146ad1;src_b23afc314d57;src_b2479f9abd7b;src_b24cdb8b648f;src_b257cea3244b;src_b290b66b5029;src_b2b0ebc071cc;src_b2c810bd57fe;src_b2ef4190464f;src_b31fa301a02b;src_b349627e1c32;src_b357056b20b1;src_b36c5f4cc2c4;src_b3752cc7628f;src_b37fcc738214;src_b39b502d2c91;src_b3a69fb65851;src_b3d9cc0baaa0;src_b40223e4022b;src_b42b5454c2e3;src_b45dbfd86c43;src_b45ea5c486df;src_b496891a5c60;src_b4ffae277f68;src_b4fffd999404;src_b531f7073b4c;src_b56db1393483;src_b5710efa51b6;src_b584fe387651;src_b5a66374f6b1;src_b60384b4550b;src_b64e5cd13e68;src_b659218469a6;src_b6648b877191;src_b6704d801f3a;src_b683a10dc881;src_b6860f1a874a;src_b688c4f43b8a;src_b69104016123;src_b6acc3d42759;src_b6c34d648c83;src_b71c2a3594f4;src_b72d5dcb3e4a;src_b7478316d60c;src_b751451e7d60;src_b75908c4d763;src_b77c06b2246a;src_b79771a06925;src_b7a54edd4886;src_b7a9e1b4eeb3;src_b7e2e465403e;src_b7faaaf8406a;src_b7fbc65f186b;src_b7fdf6fa5a37;src_b8082b0f4494;src_b822bc510f7e;src_b825803420d2;src_b87b556b55b8;src_b8cf8b705591;src_b900cf19782d;src_b96581e5cee2;src_b97459372e6b;src_b9870c79a20e;src_b9a27cfcbbff;src_b9a9ae15f9d3;src_b9ccac9a44e0;src_b9d6dc0d4512;src_b9e2cb1c1dd6;src_b9f3e1f7ca31;src_ba28ec362a7a;src_ba2fe651fa87;src_ba3645e0b991;src_ba6d5118d6c7;src_babe766a5e1d;src_bac0ac85cd1c;src_bae55b804df0;src_baed77565e43;src_bb0707a7f59d;src_bb333b49a659;src_bbf8c27b9647;src_bc20ac7b4cc7;src_bc85a11a3a7d;src_bc85bfb8c70b;src_bca1a0a48086;src_bcb0a288ecdb;src_bcc7860115e2;src_bcd097e697d8;src_bd4ab5dc632e;src_bd512e2f559c;src_bd709cc976b3;src_bdb9c4e85e0a;src_bdfb224754b5;src_be07466dffdc;src_be5ce38d7251;src_be754b9311bd;src_bebaa62f2209;src_bee9af2d9246;src_bf42a96efa71;src_bfa79151840e;src_bfe6c00c2a10;src_bfef1c4c0b6d;src_bfff918861f2;src_c04c81af1615;src_c06d174939ff;src_c0a1515a6d3d;src_c0b36bc0b649;src_c124fffe9f5e;src_c1712ce61b19;src_c1784d139851;src_c18df3f523f1;src_c19e094044f1;src_c1be0c4b33e4;src_c1db0f034205;src_c1ec987f39c4;src_c1f02a18d303;src_c1fa623fca01;src_c209aec15065;src_c21174a98c9c;src_c22812e3f947;src_c22f2bdcad83;src_c25822573e9c;src_c265139c8edc;src_c294964aa8f8;src_c2c2daa989c5;src_c2f21f9d01f5;src_c2f8b7a81596;src_c2fec2a0f6e1;src_c307d07a443a;src_c3263c5877ce;src_c32f2cbe7590;src_c38a5393cc98;src_c3ccb90ebf9a;src_c4178d4a45fd;src_c41e807debc7;src_c45be4862e77;src_c4789d8f9b31;src_c48e6c896f22;src_c4c98a638991;src_c4eae14cd87e;src_c4eff3fe1434;src_c5386943a768;src_c53d1b57cf22;src_c553c54c6fd5;src_c583189a7ca7;src_c5a6748d3273;src_c5c1323f17ec;src_c621300fd9c0;src_c654465aa4ec;src_c65c102c4943;src_c67244d12218;src_c677ab2a9601;src_c69f40d68bba;src_c6d29fbdb5d8;src_c7090d514d9b;src_c71dd961b876;src_c71fcfb82b54;src_c73bf93db5df;src_c73cc09a6016;src_c74755f122d2;src_c768e605d66d;src_c7ae396cb5b3;src_c7c3ade939a8;src_c7d83055535b;src_c7e12892e678;src_c7e5b03f7f20;src_c7ebeaf21632;src_c7ecf7381eae;src_c7f1baff28d2;src_c7f3bda43094;src_c82490f602e6;src_c83b059c3507;src_c83cc9ee9788;src_c84bb22214cf;src_c8c41ffb3538;src_c8fcb23b7a55;src_c90c497a5cb1;src_c92dbc0590cf;src_c93e0f255481;src_c96561b7f133;src_c9bb4c11a7d6;src_c9e1b019807e;src_c9ee79e09be3;src_c9f0f7b02347;src_ca3348af45f4;src_ca7f918fe90c;src_ca88045b6780;src_ca905831b214;src_ca9a37cdc97d;src_cabf5177182f;src_cacf9c1e708a;src_caf1b93da0ac;src_caf76076fdf7;src_cb340f59a002;src_cb5c33d57886;src_cb709acc6f0c;src_cb9df040c197;src_cba4fe586bdf;src_cbaaa8b734de;src_cbb59e22ce60;src_cbe74fb5204c;src_cbfe9e3f8e06;src_cc049a9776b4;src_cc43465b7116;src_cc48489f98ef;src_cc540d5ea31c;src_cc62eba72cfd;src_cc7be2e1a327;src_ccb620f6b210;src_ccc23aad2602;src_cd706451d21a;src_cd76af0e7dfd;src_cdd4b18c9699;src_cde1ecb0343b;src_ce0b0ab812ef;src_ce1924a8fa16;src_ce50d8855690;src_ce54adba9c14;src_ce81f6f3abd6;src_ce8a60f481d5;src_ceb428986bac;src_cee5b71eeb39;src_cf210edf58cf;src_cf76088abd99;src_cf817e823a79;src_cf8645e416a1;src_cfa3e26e4012;src_cfd66d9aac73;src_d05d27b4dc6e;src_d0938975bdca;src_d097925cc3c1;src_d0b75cfb8868;src_d1144c1a789a;src_d124f8c44985;src_d1582612c39a;src_d15b5cbee329;src_d1640dcb6a45;src_d1ae1120fe35;src_d1da2c6e2835;src_d2029b5b2301;src_d22361844519;src_d2282f6d6746;src_d24c91950765;src_d29f1a2c3744;src_d2b3d18b8fa4;src_d2cbefbd43b7;src_d30890f8d313;src_d31feefe918a;src_d32bb9d2cbbe;src_d3fbc657fc2c;src_d40ac317fc9c;src_d44989465108;src_d453be42c52b;src_d462046fa7fa;src_d46a43002b60;src_d4a0ac3be8f8;src_d4a4da6b0177;src_d4ad3aeeb7b3;src_d4be38b2d1a4;src_d4c929937ad6;src_d4d1f1a0b155;src_d4e9d54f1984;src_d514f22105c6;src_d5170a5d4d1e;src_d53238432472;src_d554c25d766e;src_d596833a16a2;src_d5a1b0fee69a;src_d5c6b69144a5;src_d5deb2ab7b2b;src_d61336d141a2;src_d6199ad3583e;src_d63761f34a33;src_d6435d133eec;src_d68f4db67537;src_d6a2651bb4fd;src_d6c699891a08;src_d6d4b54426f8;src_d708c1aad359;src_d708cb089db0;src_d709b79bba32;src_d71bb5f43814;src_d7262b0d2c5d;src_d7420a9fa4f2;src_d750900bbbc4;src_d7591996cd03;src_d7738249becf;src_d7afc355797d;src_d7b4c32f64dd;src_d7b9509f7a0e;src_d7de213fb136;src_d836a5a6b703;src_d866f4f66439;src_d8993ea7e195;src_d8cc3e89f962;src_d8d156f99b7a;src_d8e36bc243ab;src_d8e6e2d32c7b;src_d94dcc6c90c8;src_d9ab4ffbc617;src_d9b1235a0b5d;src_d9fa504ab2f1;src_da0e4d625ba0;src_da130a238920;src_da415aa65c4d;src_da59354c8b61;src_dacabc5ae8a2;src_dae392356569;src_daf66dea1238;src_db183513ca58;src_db1959664cfb;src_db20d7872cc8;src_db5f06977b05;src_db647a8d7b9b;src_dba63b166b44;src_dbdd09df3a11;src_dc0286208d62;src_dc05f7dcf7ac;src_dc300eae25e2;src_dc40e6d7c79f;src_dc5bbeec66c9;src_dc9976f956c6;src_dc9a47f13323;src_dccfe57753ce;src_dce844b2b08d;src_dd02c1dd7c9c;src_dd1c8665ffbb;src_dd38db73d1d9;src_dd3fb03dc4c4;src_dd47307ff611;src_ddbba3525704;src_ddc752c4a52e;src_de321ccc7ed7;src_de613319b848;src_de88fae92f74;src_de8957f34fd5;src_de8e058a9252;src_dea4403235c6;src_dec0daa9512f;src_ded86e76e344;src_ded8e66083b6;src_dedaef26f7c4;src_df068c8bbbe9;src_df4efd74f79f;src_dfb1ef4d2292;src_dfcb3ff574c2;src_dfde7dc292b5;src_dffec4f2015c;src_e00b3dfc9390;src_e046a10a0f72;src_e0606d3ceaf4;src_e07dd6939371;src_e0b6ea3bc465;src_e0b97c747088;src_e0e08f5b26a3;src_e10025c860b9;src_e17528beb934;src_e185a77b68b3;src_e191d3862923;src_e1b00b1f7df6;src_e1c83033d67b;src_e1ce3451b1f9;src_e1dad0539626;src_e1e5b7b09edb;src_e20c04e0dd50;src_e225466b956b;src_e23468a620cf;src_e270bde2dbba;src_e279f5888d34;src_e29fcc03073d;src_e2b6b285f618;src_e2e341b7e052;src_e2ea6a5745c0;src_e2fc36dc6fd8;src_e310339e4cee;src_e347847d399c;src_e3480c46e2f9;src_e373cf1cc1ef;src_e394c4d4e58c;src_e39e2ddf59cc;src_e3b4056ec8fe;src_e3b62f3687f7;src_e3b7acd46988;src_e4043eb5a67b;src_e429cfbfd043;src_e465bd015570;src_e47c7e59738c;src_e4dd0ead157f;src_e508d230f992;src_e50eb31aa93d;src_e55464095da6;src_e55b103de9a6;src_e55d89d51933;src_e5613230de9d;src_e57beec8c7c3;src_e60b30d8830b;src_e61a625f4093;src_e6428da8d8de;src_e64a386f7fc5;src_e68b078a9019;src_e6d6333ee43d;src_e6d667934570;src_e6fcffc500aa;src_e7086801da64;src_e712c06e5f56;src_e7b0872c5255;src_e7bdec9d90bc;src_e836132cec12;src_e83ca478fdf0;src_e8a802f25213;src_e8adca79cd4d;src_e9032e7e68db;src_e91247a50c0d;src_e9837ab6ad80;src_e998a6f89522;src_e99b5288f7ec;src_e9c4a85837ee;src_e9c500189359;src_ea1e049860e1;src_ea7723699608;src_eaca4681237e;src_eae8357996ae;src_eb33e3a05bf6;src_eb3702c008dd;src_eb4e1471269b;src_eb7e4c74473e;src_ebeeeef9772f;src_ec28e178b177;src_ec49990698ca;src_ed3c6b74f374;src_ed5a054f181a;src_ed634fe968d7;src_ed657698ae4f;src_ed709bc64f46;src_ed751fd0c5de;src_ed9356c87199;src_edaf35b61282;src_edc3ef422656;src_edcdcc9c78f7;src_edf42f5aafe4;src_edfffee308f1;src_ee0edf5662a3;src_ee389af11d12;src_ee560b877a18;src_ee8282a35765;src_eedade208d33;src_ef27ea182764;src_ef40f470002e;src_ef8ee964cafd;src_efb75cb7df40;src_efbd2aaebcba;src_efc1b9eeb4c2;src_f0245e1001f8;src_f04203ba5dc7;src_f0435b4c1644;src_f08c397489e7;src_f0c1a3f8f4c5;src_f0edda335d85;src_f0ee18bbf3ed;src_f1412782661a;src_f16e8a4bcbf4;src_f1984a58d31a;src_f1c1006632e4;src_f1ec34b125ac;src_f217400591fd;src_f21f5dc93f1a;src_f2bd92984cc1;src_f2e085db3459;src_f2f6bbc0a0f7;src_f2ff0aef6558;src_f30d40798ee9;src_f327513b7840;src_f3960f73d2e6;src_f39693767af7;src_f3d1cc35ad83;src_f3e93e3531f6;src_f3f28b0ce18f;src_f4225f799e2f;src_f42f9af6f763;src_f4315a5bc440;src_f439d1e9f5d4;src_f48af92b56aa;src_f4afc22f5869;src_f4b03b88256e;src_f4c73c0b93d1;src_f4d67c26e4e8;src_f4e78873cc89;src_f4f532459a10;src_f526d6984b4d;src_f57910c75b64;src_f57d4c74ed26;src_f59ea215b832;src_f5c90e4a1221;src_f5caf8b0673d;src_f667820e5511;src_f69211bd56b2;src_f6abe3e1f253;src_f6def98c1c24;src_f6ec0d1d89b5;src_f70963e301f4;src_f71588fefd03;src_f750126a8031;src_f76162159cb7;src_f771adf9170e;src_f7c800f0ca56;src_f8a9f0a77c4b;src_f8d4e5bad9c3;src_f9237679b8e1;src_f9f2afe8e5c9;src_fa0146447b48;src_fa09ff614261;src_fa75b472e55b;src_fa79a789d58a;src_fa8643c9f2cf;src_fa90356409e1;src_faf355c33fb1;src_fb0091f3a038;src_fb07013a2f12;src_fb335660402b;src_fb39b0fe3b65;src_fb3fbecb7409;src_fb687973b270;src_fba708501130;src_fbb7bad4368b;src_fc200b543a38;src_fc40f6b8c61c;src_fc7629a24ba9;src_fca279c3c00c;src_fcc21ccf2295;src_fced176611fd;src_fcf53748047d;src_fd389f12f861;src_fd837a8d4bec;src_fd8c34e0a4ec;src_fdae760f41a3;src_fdedbd022269;src_fdef10a8a811;src_fdf00a0aaa1b;src_fe0d095b4257;src_fe4241957d77;src_fe42edc89bf5;src_fe583df5a815;src_ff0b82599e63;src_ff133f09799b;src_ff3025cf341b;src_ff3dd40708a3;src_ff7ffe9a300f;src_ff922d56c33f;src_ffa766213e64;src_ffd28c701fc4,Aria-MIDI,CC BY 4.0;CC BY-NC-SA 4.0; non-commercial research and education;MIT;derived audio; source MIDI terms apply; SoundFont MIT;external recording; rights not granted by ATEPP metadata license
exp_8e945b4fccc9,Frédéric Chopin,Romantic,wrk_2dba713813f1,wrk_2dba713813f1,rec_68fb04ad48cc,sources/asap-dataset/Chopin/Scherzos/31/midi_score.mid,,data/downloads/maestro-v2.0.0/2015/MIDI-Unprocessed_R2_D2-19-21-22_mid--AUDIO-from_mp3_22_R2_2015_wav--3.wav,sources/asap-dataset/Chopin/Scherzos/31/midi_score.mid,data/canonical/alignment_events.csv,,1,780,mid,cpc_canonical_beat,licensed_for_research,complete_movement,,true,true,ready,cmp_4fade9260416,Scherzos 31,scv_e60623ce59c0,prf_6d43fff50adf,aln_f759d45da5ed,source_recording,beat,source_provided_beat_annotations,source_exact,1.00,src_006c839a80ea;src_03ec7fb9092f;src_08134f626795;src_08e670c23d34;src_0b72c15addfc;src_0bc1fe84af4a;src_0dd11732e425;src_0de8ac2c8599;src_0e645eceece1;src_10216435519e;src_12ab227cb34c;src_138362adddcc;src_14c2683c4513;src_14d189b77f6d;src_154ebb60d6f5;src_1790fe670e03;src_1a9b66ff8c11;src_1b9267d8f580;src_1df244266d31;src_2045dfef6313;src_2155a88bcac7;src_22f872c756fb;src_24b52b2550ed;src_257509ed30ce;src_2697395bb90b;src_2941af989b7a;src_2a41a71b037b;src_2bfe1367fa4c;src_2c721d5823c0;src_2e4cea999436;src_2f2baef5f837;src_306784351627;src_3720177a070c;src_381c1815b9fd;src_38cf01742654;src_3977569a818b;src_3aa959d83570;src_3c623434f0cb;src_3e2b714e90e2;src_3fed61a3c179;src_42fff87e78ee;src_432ba7627149;src_45d579dddcc7;src_4867c43d87ac;src_4894f57f1e0d;src_48af8ece423c;src_4b09869d8f59;src_4d2af982e022;src_4e226bb1d5e0;src_4ece58d294e6;src_4f57168c8a61;src_50610cfb75e2;src_526fb353580e;src_533c262d36d8;src_534397905719;src_5432f36db989;src_54c8541a49b9;src_564dbf2b0b7b;src_58166fd764cc;src_5895a19e2275;src_5af8a4700c33;src_5b87e9a003f5;src_5ba9446f5ade;src_60a6cd80c5de;src_60fcad5eaf59;src_64810fc38756;src_64f52ae94b8e;src_6516c808d60b;src_692f3b741b24;src_6b6a3431c666;src_6b8ed8c853cc;src_6beaa5b745af;src_6e37149a3e76;src_71461211c7d2;src_722d73269a95;src_729431c61f4b;src_72e63fbbb92b;src_7300493c7fd1;src_7304bb751c4c;src_74c11e6f192d;src_7987bf888a1e;src_7ba2aefcdb1f;src_7e8c5df43048;src_7ff138bcccab;src_814bbb422235;src_867532b5b031;src_87ec9ed6d64f;src_88f7d0aec04e;src_89aa3aea0d3e;src_8c66bdabd602;src_8d7ad4dab8a3;src_8f44534f098d;src_8f60608fccdc;src_91ced24f2e96;src_926302821870;src_936f10781a02;src_96a7deb336de;src_97cce262d259;src_98f719dced96;src_9a7257ae1b31;src_9adb5f5e3832;src_9dd276267da2;src_a2c9d3bac2b4;src_a399d487b701;src_a3ccc4e39419;src_a46c4fea6fdb;src_a48c2c298d22;src_a66a981e9a0d;src_ac126b2eb8ff;src_ac764ad03507;src_af3d62b60ee6;src_b1ca61d09313;src_b2eb510e1015;src_b30f3a46d9de;src_b5193a49f80f;src_b5fa21a0069d;src_b6d96a177074;src_b717036bdff2;src_b737eeddc19b;src_ba1fbeaec487;src_bc52bc0d513d;src_c1b1c5d55de7;src_c1d294de8f4b;src_c57bfd32e89a;src_c5e7f534504f;src_c64723536af8;src_c6c9fe8d00ca;src_c72bffb14df2;src_c79b85f3a1bb;src_c90c9a180971;src_cca667697101;src_cd9d1d4dc41b;src_ce53fcca9859;src_ce65f42219d6;src_ce7979f711b0;src_ce81b5d116da;src_cf55a418092c;src_d16ae8fe4a03;src_d4031242fadc;src_d6bfd3c9e23e;src_d75bc1c20019;src_d87ad2691f42;src_d9e86a5dd044;src_dabc69505eb5;src_dc3a8d8f3f0a;src_dfe223d7f6af;src_e1ab36671867;src_e275c071d331;src_e77359a112b4;src_e818678be8c0;src_ea723e07821a;src_f1096d55bc87;src_f1f6ba1d1f97;src_f3a4a4ad2b15;src_f4fa56d49a32;src_f5e5dc0427d6;src_f668cdd75351;src_f80172d9a37f;src_f844561cb65f;src_f97f6ebc8fa0;src_fc4fe9e1037e;src_fe8cb323dd18;src_fe97db8a4888,asap,CC BY-NC-SA 4.0;mixed
exp_8fc5966610ed,Wolfgang Amadeus Mozart,Classical,wrk_5e3acc6ed9a0,wrk_5e3acc6ed9a0,rec_be3c370fe3b1,sources/ACPAS-dataset/subset_R/Mozart/373_CPM_Sonata_No.11_A_major_KV_331_3_Alla_Turca/R_32_A_MAPS_mz_331_3_ENSTDkCl.mid,,data/derived/rendered_audio/fluidsynth-2.5.6-musescore-general-0.2-v1/rec_be3c370fe3b1.wav,sources/ACPAS-dataset/subset_R/Mozart/373_CPM_Sonata_No.11_A_major_KV_331_3_Alla_Turca/R_32_A_MAPS_mz_331_3_ENSTDkCl.mid,data/canonical/alignment_events.csv,,1,225,mid,cpc_canonical_beat,licensed_for_research,complete_movement,,true,true,ready,cmp_db49212242e7,Sonata No.11 A major KV 331 3 Alla Turca,scv_531af6bfabae,prf_08bd33725e0b,aln_1f51410ea128,synthetic_rendering,beat,source_provided_beat_annotations,source_exact,1.00,src_0cf334d0ba52;src_2005a7202940;src_301f82e33315;src_31d521ddb99a;src_32b22a173dec;src_3d188de5d1a9;src_41a95a647dc6;src_46f1668c962b;src_48f055259f4b;src_513dcce3a8d0;src_5c02ce97843e;src_6b885f35d7a0;src_98e80603d674;src_9df6e0db100d;src_a26bd6689d26;src_a6587afd1024;src_a80bc86a4c74;src_b7a270870566;src_bb3e3417cb3d;src_bb74cccb38da;src_c65081aea95f;src_c7b751c4833d;src_c86a515000ae;src_ca747718fbcc;src_e5be6dcbdebf,cpc-rendered,MIT;derived audio; source MIDI terms apply; SoundFont MIT;mixed
exp_903d69eddafb,Frédéric Chopin,Romantic,wrk_3136cdcc08a9,wrk_3136cdcc08a9,rec_9e49d1e3adf4,sources/asap-dataset/Chopin/Etudes_op_25/11/xml_score.musicxml,sources/asap-dataset/Chopin/Etudes_op_25/11/xml_score.musicxml,data/downloads/maestro-v2.0.0/2015/MIDI-Unprocessed_R1_D2-13-20_mid--AUDIO-from_mp3_18_R1_2015_wav--2.wav,,data/canonical/alignment_events.csv,,1,96,musicxml,cpc_canonical_beat,licensed_for_research,complete_movement,,true,true,ready,cmp_3b04980a56a1,Etudes op 25 11,scv_4dd8e1445616,prf_285a4e247c33,aln_3cc38f51865a,source_recording,beat,source_provided_beat_annotations,source_exact,1.00,src_0117edcf7362;src_0136c1fc476c;src_0174bdd637ea;src_01d2d376024e;src_03e7e4ecb0a7;src_04587b1998e4;src_04fb79339c33;src_057a426dd4d4;src_07be52ffdcfe;src_0803943b3b3b;src_0806767f52f2;src_0920d4fe4470;src_094c75666776;src_0a3bff604a5c;src_0b36fdbcc466;src_0be8ca736ecc;src_0c80474f6340;src_0c8bdd2124d1;src_0dcabd241fca;src_106e21fd811d;src_11ebd0112548;src_126f62246251;src_13b1bed47ec4;src_14ff767619ee;src_1525bcffcd41;src_1582f4b14a05;src_16db32b54405;src_1769febb050f;src_19ab7c6167c3;src_19b5ba739939;src_21954ebae089;src_2458321ebec6;src_24a6d0cd8aed;src_26499ebc67b4;src_274681bb9c12;src_27b2379f852c;src_2935bc5fb364;src_2b0e1ee99aa4;src_2beaa5f535ca;src_2cce741d8671;src_2cd602fc6748;src_2d164cbff494;src_2d945b98ca49;src_2da9197279ac;src_2e15a7b09fb5;src_2f49e2f4136a;src_2f4b60611760;src_2f8a3df83c1f;src_318802864317;src_31dcbefce4fb;src_321e2860ab50;src_3220a158300d;src_353c77180563;src_373d3b650494;src_375f3da80810;src_39c2f1d7bf3b;src_39ed922358d7;src_3a952b5a238d;src_3abd858d0d68;src_3cfc6471112e;src_3d46483ea6df;src_3dd5ccfd9477;src_3e6092e00d33;src_3f5f3a2d592c;src_40f5621ce26d;src_41c7ac49f630;src_423d0b4cfdbe;src_43b47854ee7c;src_4436c2b4dac5;src_45260e1c135d;src_45afb7ca80d0;src_463c0ff905d7;src_46b6d5de73f6;src_4850ae7c56de;src_4c30dfe39ad3;src_4cecad55461a;src_5086b93d5214;src_50afc7cda832;src_52bb46d08183;src_52ef63b9f1bb;src_533ad3127f7c;src_53a195ef4046;src_56d132ce58d3;src_58254be8e5ae;src_595958dec0e1;src_5a20b4a7b97f;src_5a5702c9e89d;src_5e01c8363288;src_60aa47ce634c;src_621b71d1fd9d;src_63f6a761aad0;src_652c6aa81ed7;src_65b701a2cae8;src_673a6413ec36;src_6744f16a71ed;src_683fccb28962;src_692498282257;src_6aedd6f10cfc;src_6b45797cc007;src_6c7bc24b7702;src_6cb427b03049;src_6d29d4ad90de;src_6dea3bee3223;src_6e36c276a1b7;src_6e7cee7ae3a0;src_6f65f55badf9;src_71770e5a1aae;src_7455ea41c307;src_74f011ea90bf;src_766469d13bfd;src_77ca3bc933c6;src_782d6abfc8c8;src_7951c5a7eb1a;src_7a1dadc74566;src_7a30f9480c15;src_7af50434b314;src_7da6dc447b36;src_82d013d5e6ec;src_8353646bf2a0;src_8485cdaa07aa;src_84ed6e943737;src_85efd12f584c;src_875e275b64da;src_87ab6908249a;src_8ad4dae4a85b;src_8af2330e4111;src_8bc8f1717924;src_8c2d548e15b3;src_8cdcb23a73e1;src_8fef7a0f0b46;src_918d7b94cee1;src_9b8d2aa77504;src_9bd9da517a15;src_9cb1f820601b;src_9cccac6223d3;src_9e5a0d66da54;src_9ef884b5d84d;src_9f5106d47a7e;src_9f803c1811af;src_a0824343c997;src_a09f90c3ef3a;src_a12c5bff9890;src_a19ff25bcb0c;src_a1f9e19bca1c;src_a2083e2c81d4;src_a35e5fb86f1e;src_a38ad2e4e126;src_a3e61eb1108e;src_a545fd5303a5;src_a696301d41f5;src_a7518195a372;src_a80bf1641e8b;src_aae18ddc3729;src_ab3ed3c687bd;src_acb38f564446;src_aced10221359;src_adc51af75412;src_add87d9a2093;src_aecd63d457de;src_b04772495b8a;src_b26feb86f3a9;src_b29a08f7e9af;src_b311e511d237;src_b472bc184e4f;src_b53d903b786b;src_b5d02c45165f;src_b7410ef3d87e;src_b747105d40c2;src_b8718bc55aa0;src_bb34ad7a2868;src_bb560c20753a;src_bc2998f8de8b;src_bcc77f065070;src_bd405180a519;src_bd97cb08b13c;src_be01bd3d8765;src_be0624a95038;src_be5c11b1c40b;src_be5c638c15cd;src_bef9e8f0edf1;src_bfe97ad735e9;src_c0e9ae117fee;src_c18ec6c7ba45;src_c1e6dd0fd3e3;src_c2a907e62f16;src_c5610e545c12;src_c6a7fac7ae82;src_c7a07f605567;src_c8bb23f005a7;src_c8bee3c9e499;src_caa9d9f3f28b;src_cb2868f3eb9f;src_cb328b9c03cb;src_cc7ccfc61bd9;src_ccc65133d3a1;src_ccdb8dde4556;src_cdd8d55aac66;src_cf23b584aadb;src_d245f909d51a;src_d2ae65f95227;src_d2d14e3e8b2c;src_d4bd5ca72db7;src_d51fa4269685;src_d665b6bc0e51;src_d73ef2187834;src_d85b4be52384;src_d889f4e579a7;src_d8988b1b4eef;src_da9552686d99;src_dbcc49d93dcc;src_dc522d37b09c;src_dd32d0cba4a5;src_de7068cb0ee7;src_dfe4b4121a7d;src_e0084c9b5616;src_e107fc10a5c1;src_e13033d1616d;src_e182a5717a16;src_e21350a1bfef;src_e2f2fd4e551e;src_e3f780124e0f;src_e552a31bedb4;src_e56b1d8491e1;src_e5ae8e3dbb79;src_e83c5dcab9cf;src_e88822e93183;src_e8e5d8c1dd73;src_ea6e7f7b27ec;src_ed35153a90bf;src_ed9260d6d4bf;src_ee8affbbc3f8;src_f09c30169433;src_f1609effc52b;src_f1eccc9dd6e5;src_f34315aa2f0b;src_f3cffe1d2613;src_f52197d4928b;src_f5cba0cbd728;src_f5e5a32fd4cb;src_f67cc92b46e1;src_f6b41a721145;src_f7ac0eea2804;src_f82c40750f49;src_fa7f479ff016;src_faaff46a7c07;src_ff463af8b69b;src_ff49a8cff247,asap,CC BY-NC-SA 4.0;mixed
exp_90e1d7ad5969,Wolfgang Amadeus Mozart,Classical,wrk_f1aa6de79926,wrk_f1aa6de79926,rec_da55bf9526c9,sources/ACPAS-dataset/subset_S/Mozart/364_ASAP_Fantasie_475/ASAP_Fantasie_475.mid,,data/derived/rendered_audio/fluidsynth-2.5.6-musescore-general-0.2-v1/rec_da55bf9526c9.wav,sources/ACPAS-dataset/subset_S/Mozart/364_ASAP_Fantasie_475/ASAP_Fantasie_475.mid,data/canonical/alignment_events.csv,,1,186,mid,cpc_canonical_beat,licensed_for_research,complete_movement,,true,true,ready,cmp_7e0267a3eef2,Fantasie 475,scv_c2fb5dedf769,prf_60dc9a8e7f72,aln_e66e0378de87,synthetic_rendering,beat,source_provided_beat_annotations,source_exact,1.00,src_13c93634ed9a;src_14f5d4f52566;src_160a940079d9;src_1a8ff7231fb7;src_22d0ec95fd3d;src_279fd91223da;src_2b5e4ae504b8;src_2bf31afde6df;src_2c705541bde3;src_3eccd7e95db3;src_444420052abc;src_47408935e583;src_4bfb57645b76;src_60383a4042c5;src_6fb6a2d13d96;src_75010ae66974;src_79f2ff293c6a;src_89081fc60e54;src_8bd00815149f;src_8bda8da01c2a;src_98e80603d674;src_a5b38292ea91;src_a5ec05b28b35;src_a80bc86a4c74;src_ad90704af859;src_b6164e9c88ce;src_b7de61ee675b;src_bc1ed3940b25;src_bc80330f856a;src_bed7b5bbaebf;src_c4b4c3e851c9;src_d6b361eef0e7;src_ea8118a3d675;src_fdd68fd8dc05,cpc-rendered,CC BY-NC-SA 4.0;CC BY-NC-SA 4.0; non-commercial research and education;MIT;derived audio; source MIDI terms apply; SoundFont MIT;mixed
exp_92ce601f607b,Wolfgang Amadeus Mozart,Classical,wrk_16208b873f55,wrk_16208b873f55,rec_ce41f0e6bd46,sources/asap-dataset/Mozart/Piano_Sonatas/8-1/midi_score.mid,,data/derived/rendered_audio/fluidsynth-2.5.6-musescore-general-0.2-v1/rec_ce41f0e6bd46.wav,sources/asap-dataset/Mozart/Piano_Sonatas/8-1/midi_score.mid,data/canonical/alignment_events.csv,,1,133,mid,cpc_canonical_beat,licensed_for_research,complete_movement,,true,true,ready,cmp_fef1cb83d033,Piano Sonatas 8-1,scv_f5ed897586b0,prf_bc4cfa1b19f1,aln_b5d43535f3f6,synthetic_rendering,beat,source_provided_beat_annotations,source_exact,1.00,src_00a034d80378;src_02351c287cce;src_0959f7f0c921;src_0c5b459f3713;src_120b85d303a3;src_12ac25a9c7d0;src_133fdd89d752;src_1495fd782897;src_1736c0a3ec30;src_1bfba426e3b5;src_1f601191f854;src_20272ab6e36a;src_2030b845ba85;src_2309bfc3c6e7;src_266b4a8f2871;src_2801af45cdb9;src_311cc910ec9c;src_35dc9a227b9d;src_37bb36627b0a;src_38b76ad6d621;src_39888cae09c0;src_3bb556ce074c;src_4335e7ba518b;src_455287f24eaa;src_46ea18ccd982;src_479d2731f25a;src_4974f6228fc1;src_4bb84f052046;src_5382eb64bc78;src_55b5558dc332;src_5dc6eea1d153;src_6e4e2af83481;src_70c832462968;src_76d67f0ab033;src_8146ea358c72;src_8636358d19c6;src_901fd94d7cbe;src_93a7d93d653b;src_958e85443ca9;src_98e80603d674;src_a5055e4ad044;src_a52f8efce7e9;src_a80bc86a4c74;src_abdb8cb63de8;src_adaecf4c039d;src_ceafeec6e80b;src_d5ecb237c645;src_d70d4ac7f1d1;src_d9d6678516c9;src_da251a703348;src_ddb68c27212e;src_e64c5f847c93;src_f170e550391c;src_f772fe35a149,cpc-rendered,CC BY-NC-SA 4.0;MIT;derived audio; source MIDI terms apply; SoundFont MIT;mixed
exp_943a05670c0e,Wolfgang Amadeus Mozart,Classical,wrk_336c27b116c9,wrk_336c27b116c9,rec_b636cb34e771,sources/ACPAS-dataset/subset_S/Mozart/380_CPM_Sonata_No.16_C_major_Sonata_facile_KV_545_1/S_1512_CPM.mid,,data/derived/rendered_audio/fluidsynth-2.5.6-musescore-general-0.2-v1/rec_b636cb34e771.wav,sources/ACPAS-dataset/subset_S/Mozart/380_CPM_Sonata_No.16_C_major_Sonata_facile_KV_545_1/S_1512_CPM.mid,data/canonical/alignment_events.csv,,1,146,mid,cpc_canonical_beat,licensed_for_research,complete_movement,,true,true,ready,cmp_d79dbb6b49be,Sonata No.16 C major Sonata facile KV 545 1,scv_43c200d4c5a8,prf_2b47b140ae89,aln_0593a4e940e7,synthetic_rendering,beat,source_provided_beat_annotations,source_exact,1.00,src_5e842dd9fb47;src_82f7e9886aae;src_98e80603d674;src_a373aa4c5502;src_a80bc86a4c74;src_aa3139d54d6b;src_b70fa5abae91,cpc-rendered,MIT;derived audio; source MIDI terms apply; SoundFont MIT;mixed
exp_94b77d1f50de,Frédéric Chopin,Romantic,wrk_bdf78d664563,wrk_bdf78d664563,rec_14988f54c8ba,sources/asap-dataset/Chopin/Etudes_op_10/12/xml_score.musicxml,sources/asap-dataset/Chopin/Etudes_op_10/12/xml_score.musicxml,data/downloads/maestro-v2.0.0/2015/MIDI-Unprocessed_R1_D2-21-22_mid--AUDIO-from_mp3_22_R1_2015_wav--3.wav,,data/canonical/alignment_events.csv,,1,84,musicxml,cpc_canonical_beat,licensed_for_research,complete_movement,,true,true,ready,cmp_d624aa5c7714,Etudes op 10 12,scv_57fa1eec1775,prf_4c79a8bd95e8,aln_1380355786c6,source_recording,beat,source_provided_beat_annotations,source_exact,1.00,src_025ca45f4837;src_09330b718bb5;src_0ac1302514ab;src_0beea7223698;src_102d3cffe6b4;src_10cdb4182ea9;src_121168e9de36;src_17e1a8866d36;src_196307bb17c4;src_1ceca4c1fdfb;src_22d93ec87d7e;src_230cf7194460;src_233904f1a2b4;src_24853b85e642;src_2584ee34c30d;src_26656373199d;src_2829315b85ab;src_2aa9708e0b6f;src_2c10a16a6a26;src_2ffd90aa55b5;src_33f0c9a5707a;src_35ec89d554d8;src_3b479793faaa;src_3c0452356ac4;src_3ddc89e8eb69;src_3e55e368dd2c;src_3f5525c86fdb;src_40a6205ecb4e;src_43d4821142c5;src_45503929b276;src_488ad49bbcf0;src_4e3a11ea4790;src_4e831569d04f;src_4f8de5962ad9;src_501cf012f307;src_50fd786ceba2;src_5195acc76e42;src_52908a6c265b;src_56371839f102;src_5929dcdcaf75;src_5af892f30cf5;src_5dc9a9f72e95;src_5dd2496b17d6;src_60a386f43fc8;src_60ee5c4c40a3;src_61d9537bf65a;src_640f73ee87d0;src_653d6a1a8d43;src_670905bb3c9a;src_6746eda26497;src_67986f03abec;src_699335456eef;src_6a832a44dfdc;src_6b2ba84d1e2e;src_6c64c85b0f08;src_707c887c03f5;src_727fee9e6aef;src_73f33784723b;src_7545a4930548;src_778582778e85;src_77eee26032b0;src_7951d60a2ef3;src_7cace7444a30;src_81d7322fbfa4;src_839d401e4c92;src_8628c91c55a7;src_8b2b9ee85542;src_8b83af2bd243;src_8c5e1588cf88;src_8dbc53219be2;src_8ea59fb40015;src_8ed8229e0023;src_90308721f5d5;src_9096cec9702d;src_916e16ddf82c;src_91f0352890bb;src_9259e7392c2f;src_927692773cab;src_938b9594f729;src_9451b49c7a49;src_9473103d8b07;src_96e2c3731861;src_97d2d2baf438;src_99f0af18f589;src_9b150d5a2546;src_9bb6d4eb057c;src_9d1e7c415a12;src_9fb10961dfc0;src_9fe8b0d513bd;src_a32e808e0756;src_a49245aea0a7;src_a7c1d7f124db;src_a99e586c6b1b;src_ab3aa177f548;src_ab5cfdb6a629;src_abe5e7e57e8d;src_ae5a4c41298f;src_ae689094418c;src_affbdbbe7bdf;src_b00de68aaf39;src_b1a166f00c42;src_b37db44643e0;src_b50576015ea1;src_b537f323bee3;src_b5948947b177;src_b92cd470d9a0;src_bce147a78858;src_bee7a693deb3;src_bef7dcfc1cfc;src_c0e97cf12c28;src_caa8a530dbe7;src_cadd721a704b;src_cb0b692cef51;src_cd24dcc8083d;src_ce8f4320ce18;src_d0d3a5670738;src_d17944eb6547;src_d280f6b3c6ba;src_d429ebe1e91b;src_d529d285b575;src_d9accd3c3edb;src_ddfad62f0de1;src_e0a1f568b1e8;src_e0fa3545effa;src_e5657a7a9270;src_e5c84285cf8c;src_f56c086aaf9c;src_f5d82801eaa4;src_f5e872d524b8;src_f6fbadc689ab;src_fb425608c80d;src_fc16f7d83678;src_fc5d62f2c9fa;src_feffd462dd94;src_ffb037316749,asap,CC BY-NC-SA 4.0;mixed
exp_94c78adb47cf,Frédéric Chopin,Romantic,wrk_7e2d098d7b70,wrk_7e2d098d7b70,rec_cdcbada66884,sources/asap-dataset/Chopin/Etudes_op_10/1/xml_score.musicxml,sources/asap-dataset/Chopin/Etudes_op_10/1/xml_score.musicxml,data/downloads/maestro-v2.0.0/2015/MIDI-Unprocessed_R1_D2-13-20_mid--AUDIO-from_mp3_20_R1_2015_wav--3.wav,,data/canonical/alignment_events.csv,,1,79,musicxml,cpc_canonical_beat,licensed_for_research,complete_movement,,true,true,ready,cmp_c4eac3f4866c,Etudes op 10 1,scv_f0ffe2714587,prf_bd670d4aad97,aln_9f8606c86a41,source_recording,beat,source_provided_beat_annotations,source_exact,1.00,src_00a11a73c703;src_02042790b4b9;src_0239dcde9436;src_02b4c992480d;src_02de127b0723;src_0483bddcaf0e;src_0516bbe05f2c;src_05763da8a866;src_0576be99a45d;src_0640b02427c8;src_07e7a002201f;src_08d3337c1d4f;src_09e2daaadafe;src_0ae3e00773cd;src_0b9ff17ecaf0;src_0d44a60dfec9;src_0d64e41dfff3;src_0fb9298a6917;src_1070967f08b1;src_11f3de2bde0b;src_14146c567dd9;src_14850777b751;src_17811c2d7d59;src_19f094e12907;src_1a310a25a343;src_1a7b21d24b1e;src_1c10e262c483;src_1c5a71ef372c;src_1c6a8da5c43b;src_1ccd6f136c60;src_1d5655887d0a;src_1e268c00b0de;src_1e585244ccbe;src_20bf5d646f0c;src_21673dc541ba;src_2178270acaad;src_22a0386b30d6;src_23b668cbe3b1;src_24c82f29da65;src_24febe225615;src_272b23d24d70;src_292f4c4a9cb0;src_2c15204358d3;src_2ccaed3bbcec;src_2d1148e16885;src_2dab1a115838;src_2e355c28ea4c;src_2f0f7c24195c;src_2f22cab3dbf3;src_31856d42e4f9;src_34178768aa2b;src_34e98f1279d1;src_38e1816aec93;src_39bed2f8a107;src_3a20fabcb702;src_3da857abed9e;src_3e32907835de;src_3edc179e1fbd;src_3f42105789b6;src_3fe25cc6eb95;src_3fe8d4c94fdf;src_41ea47a6f741;src_4311589d954e;src_43369dbc95f1;src_43b088078568;src_465e5be8b2f3;src_46dc7d27d709;src_46e84d6d89d8;src_473902c3ad9b;src_47e7a3b90e1e;src_4926f3523f65;src_4a853d1f6d9e;src_4aca4e216321;src_4b02ec432339;src_4b6583fcf3a4;src_4b7519516553;src_4bb561e9f927;src_4d12965f9352;src_4d711c02c0c8;src_4eafd4642e04;src_4f0c5dda734d;src_4f76bed3e422;src_4fe97040362f;src_501888209aec;src_534d4aef4d8e;src_53aafe64d873;src_53dc645742b8;src_568c9083326e;src_56e5293105c0;src_597b03744f01;src_598ba01ea85c;src_5999893f3ec1;src_59a80d7ca6c7;src_5b0ccfaf2494;src_5e9ff38889c6;src_602f7b4c22cc;src_604eda41d763;src_615c1eb4c640;src_625665b305a4;src_6280910f125d;src_62d05f832a31;src_643a35cf6b99;src_65c54647e67c;src_665d76c81c26;src_668f73d79fa0;src_670956a4f3f4;src_6976e820ff92;src_6d1ec68e54dc;src_6f216d6d7b56;src_6f3144540c85;src_70243fe1fa5d;src_704aee9e6c38;src_711f1ac83f06;src_716ecc2fe49f;src_721eef35b477;src_72eaf8f746a9;src_7401e581c1cd;src_7447e06aa26e;src_7607ad5d4b8a;src_77599c9d7a1e;src_7d39d44087d3;src_7f7c65b48784;src_7fd2e0953617;src_834691804625;src_83c0a6c6aca9;src_8443c75ae8bc;src_8771089b3e1b;src_87a8e2b40c34;src_87f11cb0c3bb;src_881d729dfc52;src_8850438505bc;src_88a84ab2b0eb;src_8a28d04529e3;src_8cc71205a4d1;src_8d0049c9b504;src_8d341a7e7e2f;src_8d8132bcc129;src_90420f8b807f;src_9127f114ac04;src_91d8136ae223;src_922577564ec3;src_971292180b44;src_98fbedce93bb;src_9a411c6a3765;src_9aa30a9bdd95;src_9e6ef80718cc;src_9e85ee08512e;src_9f34185b4d12;src_9f4ecfc81982;src_a053be7ae8d5;src_a0a70bdff708;src_a24b106f7a08;src_a36b04d0adec;src_a42159968b2a;src_a491abd9601f;src_a4afd58af4d4;src_a71be20b0013;src_a75beaa762f0;src_a8d0a90d6fca;src_a9e4bbff3b19;src_a9ed1bab6e30;src_abe19c567812;src_ac33020a550f;src_af25c2808e1c;src_b0997cf57101;src_b2b324ebdad0;src_b2e8b6fb462d;src_b3029e43eba6;src_b3fac135c74e;src_b46a87871c12;src_b87b15248f1c;src_b8c8902f7753;src_b9f517c34e0a;src_bc150e23f863;src_bc81d5b4a84b;src_bf60fcd021fa;src_bfe8ce299479;src_bff641e3ddb1;src_bff7d7511576;src_c13fd203be7e;src_c1857c8ff81e;src_c2a9d866e89c;src_c45030d8864e;src_c5792d8dfd7b;src_c5b9418fdcbe;src_c5eaaa0b05ec;src_c641c521e744;src_c64ee1148759;src_c7a8ba021173;src_c865881c18b8;src_c93445ac3a6b;src_cc97d26f219e;src_cde3829ae23d;src_ce5a0b2166fd;src_cea4869f8b3d;src_d2a558862f15;src_d34e68b0ab0d;src_d465f6054df7;src_d6dcf879f383;src_d719bd2fbf75;src_d9f5aa679ddd;src_da16c9b8b51c;src_db0867f90d4d;src_dc860347f752;src_dcd6fa7c8fe0;src_dd776caeee53;src_ddf47c403ba9;src_de4bbcf41ea9;src_e06ed994b043;src_e18a8f7199bb;src_e2062c445adf;src_e38525fe1af9;src_e4cf10780527;src_e4ddd18a3167;src_e5d44828865b;src_e6571fd2259c;src_e697fffaeba3;src_eb1484e5e98f;src_eb1ecc767d94;src_ec9bbbaf5b68;src_ecc2669c1441;src_f1cd837b1a80;src_f218560cec8f;src_f23a6014bf16;src_f320cfb76525;src_f3769daa5aa7;src_f37f737b9e33;src_f3bc83e2a3a9;src_f53e11eefeb3;src_f586645db124;src_f6d40a8cfc6c;src_f7f2ca82edd3;src_f85f75d1f741;src_f8e0f4b06021;src_f97cebb07044;src_fbd91b0da9d4;src_fc411ef78bc3;src_fca33c043206;src_fed144a1a177;src_fee34fe2dd16,asap,CC BY-NC-SA 4.0;mixed
exp_94fd1c02def6,Wolfgang Amadeus Mozart,Classical,wrk_16208b873f55,wrk_16208b873f55,rec_d6034650404f,sources/ACPAS-dataset/subset_S/Mozart/386_ASAP_Piano_Sonatas_8-1/ASAP_8-1.mid,,data/derived/rendered_audio/fluidsynth-2.5.6-musescore-general-0.2-v1/rec_d6034650404f.wav,sources/ACPAS-dataset/subset_S/Mozart/386_ASAP_Piano_Sonatas_8-1/ASAP_8-1.mid,data/canonical/alignment_events.csv,,1,133,mid,cpc_canonical_beat,licensed_for_research,complete_movement,,true,true,ready,cmp_fef1cb83d033,Piano Sonatas 8-1,scv_e800c11bc3c7,prf_12666dfc42a2,aln_1a079d750082,synthetic_rendering,beat,source_provided_beat_annotations,source_exact,1.00,src_00a034d80378;src_02351c287cce;src_0959f7f0c921;src_0c5b459f3713;src_120b85d303a3;src_12ac25a9c7d0;src_133fdd89d752;src_1495fd782897;src_1736c0a3ec30;src_1bfba426e3b5;src_1f601191f854;src_20272ab6e36a;src_2030b845ba85;src_2309bfc3c6e7;src_266b4a8f2871;src_2801af45cdb9;src_311cc910ec9c;src_35dc9a227b9d;src_37bb36627b0a;src_38b76ad6d621;src_39888cae09c0;src_3bb556ce074c;src_4335e7ba518b;src_455287f24eaa;src_46ea18ccd982;src_479d2731f25a;src_4974f6228fc1;src_4bb84f052046;src_5382eb64bc78;src_55b5558dc332;src_5dc6eea1d153;src_6e4e2af83481;src_70c832462968;src_76d67f0ab033;src_8146ea358c72;src_8636358d19c6;src_901fd94d7cbe;src_93a7d93d653b;src_958e85443ca9;src_98e80603d674;src_a5055e4ad044;src_a52f8efce7e9;src_a80bc86a4c74;src_abdb8cb63de8;src_adaecf4c039d;src_ceafeec6e80b;src_d5ecb237c645;src_d70d4ac7f1d1;src_d9d6678516c9;src_da251a703348;src_ddb68c27212e;src_e64c5f847c93;src_f170e550391c;src_f772fe35a149,cpc-rendered,CC BY-NC-SA 4.0;MIT;derived audio; source MIDI terms apply; SoundFont MIT;mixed
exp_952e2232374c,Frédéric Chopin,Romantic,wrk_606fee96925f,wrk_606fee96925f,rec_355c3192214d,sources/asap-dataset/Chopin/Etudes_op_10/8/midi_score.mid,,data/downloads/maestro-v2.0.0/2011/MIDI-Unprocessed_24_R1_2011_MID--AUDIO_R1-D9_10_Track10_wav.wav,sources/asap-dataset/Chopin/Etudes_op_10/8/midi_score.mid,data/canonical/alignment_events.csv,,1,96,mid,cpc_canonical_beat,licensed_for_research,complete_movement,,true,true,ready,cmp_fe9c731c2d2e,Etudes op 10 8,scv_f0f703f3e9b9,prf_362db51db572,aln_14ebc9712dce,source_recording,beat,source_provided_beat_annotations,source_exact,1.00,src_00fb2ab1f099;src_02b7ae40da98;src_038c4a50ebfa;src_05d94747641a;src_072ef64e1663;src_085e3744b85d;src_089f94e75645;src_090082af5269;src_099dda31de0a;src_0b46c4fdda35;src_0bb7a0d0ce99;src_0bda4d1b489f;src_0c46d9e72591;src_0c8cdeb310b2;src_0df6a20b7416;src_0eef7d0d4c3e;src_0fe3629fa37b;src_10240904eb54;src_110ed238b9fe;src_11b576871983;src_1278647ae551;src_12d07b73b62f;src_138018434599;src_16cace67cbae;src_17f1725162ff;src_17f7fd7ad6a5;src_1828da8e6e09;src_182e3e29ca8e;src_183bbd01ff2c;src_1879919033b6;src_18d85268ba31;src_1be798941779;src_1c2e01c00e5e;src_1ce0325457b3;src_1d5967a7cc33;src_1f94413366e4;src_2049593e2719;src_216270244598;src_2197042a7721;src_235b3fc7f290;src_268d5b1f4c8c;src_28acd7791147;src_29812e6e0665;src_298c0dd9e190;src_2a3af8a60840;src_2ab70c5bc726;src_2c654890aa0c;src_2ccec1099c0a;src_2dcc0164e6c6;src_2ec1d1c52749;src_2fe77c3ee703;src_310c8946e093;src_3196bb3c22cd;src_31ceac59dd8a;src_31cecb90bb80;src_33a26205e123;src_3432824105f4;src_365516aad317;src_36dd5502594d;src_37ad9e2cc9fa;src_37b665b42cc3;src_37e312b46957;src_37ffc5e33f82;src_39265cdb4ffb;src_3aa9ca48d031;src_3ad21c47a6f5;src_3b5f415cc619;src_3d3ced5a9495;src_3f6c2f62d2da;src_441753383ab0;src_44ae43783277;src_44f53230b8df;src_44fbfe6b8a57;src_45f7160c4622;src_468e514fb98d;src_46f1aed7e95d;src_4a2a6e18ccd9;src_4b95644f95f3;src_4dba99b9caea;src_4e9f93e7d6b7;src_50b3f7848081;src_5144c02197a7;src_5169667dbe48;src_54da0eedec54;src_5540d8243860;src_5562a5b0d1af;src_58afec9d79f9;src_5ae1a930a2e3;src_5af9d3ded6a7;src_5bd2f6a05515;src_5bdfcbc128a2;src_5d3225323b5c;src_5d6ea3c0d41f;src_5fba218de0df;src_618f0b052897;src_618f5445c761;src_6474c1717933;src_66974f90b4cb;src_670e0fd3f309;src_67cab02b53b8;src_67f88a79e215;src_6b3da2e4154d;src_6c2e534d55a6;src_6c5eec5d077c;src_6df323b447d4;src_6f3ac011f3ba;src_708abc36ec1c;src_70946139805c;src_712e80a4912e;src_7226c7750c68;src_72475bd874f2;src_72668957b68c;src_75397e9b7c2d;src_758cf9b10aea;src_7645230df260;src_776fe98fd5c0;src_783f293d08ca;src_78e1b998f186;src_79dd36d9e241;src_7ace75a5b669;src_7c3e863462fd;src_7c6ed992a322;src_7d2902f1c449;src_7e67fd68c879;src_7e73baf5f983;src_7fca3cdcf74d;src_8161ddedf130;src_81896e947563;src_81eb9e0bcd25;src_821d22f222c6;src_82823d1aa8b3;src_8326f3673c5f;src_8603cd9e82a0;src_8631816ea650;src_8b8ba665556d;src_8c468ec2b465;src_8c58053492eb;src_8d63b87b11b4;src_8de8b1cac623;src_8f9f6c8e9578;src_914fc2161264;src_91af059a8182;src_924e77da85ce;src_925aadfa3878;src_92690bc54d1d;src_932eb5cee157;src_94153027dcfe;src_9751eefc3d18;src_97845f4c5e3a;src_983cfca2562c;src_99587d3d8423;src_99dd350b336f;src_9a94be92b38e;src_9adb3c6219a2;src_9b3dbbf781a3;src_9d6178dfbc9c;src_9f6fbb27a9b5;src_a1621a69a473;src_a27d1b64bd60;src_a584c6da4f16;src_a5bd7d7c4018;src_a5e1ad2eee2e;src_a7c819ad4c06;src_a800e70517cc;src_a835d5f69722;src_a98b9021d738;src_a9d1c560faf3;src_ac170020d68c;src_ac3ebc613a32;src_ae0c9a91cec6;src_aed303f82311;src_af5fe9a07505;src_b0a0a97d1d1a;src_b0b1d748bfd3;src_b1c8ce9ef83e;src_b2ac53a90fee;src_b33f556e5b8f;src_b35ed6446371;src_b3ca864103cf;src_b4e9ff3644d5;src_b5751dcf04ae;src_b603a774d99f;src_b6c3419e33df;src_b7ecd6999f12;src_b8c849717b40;src_b9f9d42e248f;src_ba2385ad8ae5;src_bf860b344422;src_c1915c1312bc;src_c1e2273a12b2;src_c1f0228fc509;src_c20416ad0e21;src_c243ae24d9e1;src_c27eebafcd6f;src_c37e4406d4c2;src_c46e81e83019;src_c5f9461232bc;src_c64eed48d007;src_c68548cacb36;src_c7dfdcd9c7a9;src_c84351594900;src_c8a00245560b;src_ca6c3fd7e6e9;src_cc1b212d6cfa;src_cd51bea977cc;src_cdfcc266d00b;src_ce38e8712eb4;src_cfcd724cf447;src_d105f75c9ad4;src_d1e165960c84;src_d7656efd4e64;src_d871d3889087;src_d959d1305423;src_d97d95a978d3;src_dc4defe14af3;src_dc7ddc962aaa;src_dd3688ce642d;src_dd6ec7547419;src_de537c075522;src_df808a66434f;src_dfb450f02894;src_e0449913f2be;src_e069271508b5;src_e12437d1d52a;src_e2f1be47d58f;src_e2f2981c9653;src_e388b2070915;src_e46b3344c145;src_e471e84ea415;src_e54f117eaca1;src_e5ed3f9a448a;src_e6021dfd43c3;src_ea710362b6a0;src_ec911df903b5;src_ece931201587;src_ed2fd6bdbf59;src_ef17f0b1d558;src_ef348b3b1e1b;src_ef3e3d245fdf;src_ef517a789d29;src_efc0b4491cb8;src_f06c135195de;src_f2fa37dc5ab6;src_f4192f8dba4b;src_f52cfd4d1398;src_f6a92ff2070a;src_f6cd7caffb33;src_f6f9a816a94b;src_face2fbc6a9e;src_fc40231c51e7;src_fcde41ded186;src_fd7695e78070;src_ff56764aedac;src_fff8413d4a07,asap,CC BY-NC-SA 4.0;mixed
exp_962f603aa2df,Wolfgang Amadeus Mozart,Classical,wrk_b81da43ab65e,wrk_b81da43ab65e,rec_5e44fae3293d,sources/ACPAS-dataset/subset_S/Mozart/385_CPM_Sonata_No.17_Bb_major_KV_570_3/S_1517_CPM.mid,,data/derived/rendered_audio/fluidsynth-2.5.6-musescore-general-0.2-v1/rec_5e44fae3293d.wav,sources/ACPAS-dataset/subset_S/Mozart/385_CPM_Sonata_No.17_Bb_major_KV_570_3/S_1517_CPM.mid,data/canonical/alignment_events.csv,,1,122,mid,cpc_canonical_beat,licensed_for_research,complete_movement,,true,true,ready,cmp_347a98e5be61,Sonata No.17 Bb major KV 570 3,scv_91a67d1507fe,prf_58b8bebf1585,aln_aeb4dfafe673,synthetic_rendering,beat,source_provided_beat_annotations,source_exact,1.00,src_062d1262c699;src_2b49bebe40c8;src_30d7c2140777;src_7dd9cbfe242b;src_87a05bdc9720;src_98e80603d674;src_a80bc86a4c74,cpc-rendered,MIT;derived audio; source MIDI terms apply; SoundFont MIT;mixed
exp_970b2898c1b5,Frédéric Chopin,Romantic,wrk_3dcc7b8023b5,wrk_3dcc7b8023b5,rec_066ca07b3722,sources/asap-dataset/Chopin/Scherzos/20/xml_score.musicxml,sources/asap-dataset/Chopin/Scherzos/20/xml_score.musicxml,data/downloads/maestro-v2.0.0/2013/ORIG-MIDI_03_7_6_13_Group__MID--AUDIO_10_R1_2013_wav--4.wav,,data/canonical/alignment_events.csv,,1,621,musicxml,cpc_canonical_beat,licensed_for_research,complete_movement,,false,true,ready,cmp_13ec9ec295c2,Scherzos 20,scv_74ee8d53deb8,prf_84edf30e0b9f,aln_9687cefbc7ad,source_recording,beat,source_provided_beat_annotations,source_partial,0.80,src_00d6793401ae;src_02ea0a010922;src_04569a788f35;src_0c7d711e8085;src_17cce2ef90fe;src_1836861ace45;src_20d94e61d7c7;src_25e02c1ab616;src_25fbe090be45;src_2b8dbb8adb63;src_2f3b3945b914;src_30a3e8318826;src_310f83c52b07;src_335fa3ed0cc0;src_395ea1e6bde7;src_3aa43c0a3acc;src_3dc25db938ed;src_3e203fce0f03;src_3f61810a87f1;src_4519b6602497;src_4bb22cc6d097;src_4c8f98a59378;src_565e95bdbb71;src_5bcec78b2dfd;src_6006abc1d989;src_681faa589d63;src_6bc07c489965;src_6c340436607a;src_7023a7439d83;src_73c8663d28fc;src_7441d7c20a75;src_7ce211b3babd;src_7da5a3a0baae;src_8452b8d91057;src_8fe29b8c60bc;src_91daedc58398;src_a48ca62b03eb;src_a520dc352709;src_acf413860ef0;src_b319225f4d7a;src_bc492f08ccd9;src_c1b9d922bc18;src_c433e3c797a3;src_c4438e90546c;src_d06e95a2414f;src_d17c17ca37a3;src_d6a6886c37f4;src_dc71c58721bf;src_e178c9cb915e;src_e18836564a3f;src_e4d065afa8e2;src_ef6e2cc23c22;src_f049f25171f6;src_f12c9c90366e;src_f1ec57e309f6;src_f3e7ab7410c2;src_f4d852183c76;src_f53f51cd74a8,asap,CC BY-NC-SA 4.0;mixed
exp_98143647d856,Frédéric Chopin,Romantic,wrk_9fb2db5f520d,wrk_9fb2db5f520d,rec_78e57aabd0dd,sources/asap-dataset/Chopin/Barcarolle/midi_score.mid,,data/downloads/maestro-v2.0.0/2009/MIDI-Unprocessed_10_R1_2009_03-05_ORIG_MID--AUDIO_10_R1_2009_10_R1_2009_03_WAV.wav,sources/asap-dataset/Chopin/Barcarolle/midi_score.mid,data/canonical/alignment_events.csv,,1,116,mid,cpc_canonical_beat,licensed_for_research,complete_movement,,true,true,ready,cmp_ccd7dd49c8be,Barcarolle,scv_6c00bca6f68d,prf_8107eade2818,aln_a47d04705f6e,source_recording,beat,source_provided_beat_annotations,source_exact,1.00,src_00bc0a983c65;src_02079f7f9b3a;src_0279d316bf30;src_0ceb0ce7deaa;src_1281873d0da6;src_12ee54737b0f;src_15a9eb410287;src_16cd034abf72;src_1823b51fb262;src_18a077e871d3;src_191a918788c6;src_1b52bf991ea0;src_1b6dcf8ab6e0;src_1d3d4dd44df7;src_1e3c622f99f4;src_1ecb8c13e5f6;src_2318c3b53dbe;src_2375b4e35968;src_24fa2cc99e18;src_26239b38b946;src_2659e8dd41af;src_284f89854fdc;src_29f2a3fd9bc5;src_2bdcc1f1f832;src_2ed7914b23cf;src_3058d009838f;src_32876c5f8b40;src_33707ae06e71;src_38c26682fe2c;src_3c36d0f18899;src_3cc364ea974b;src_3fd043377d5c;src_44738b05b6f7;src_47446933f4ce;src_4a9170a08027;src_4d95da17eca7;src_4eebdf97fddc;src_4f4e586ece4b;src_5a355f3215bc;src_5fb30624b8b8;src_659de6a045a9;src_66f0da1f2040;src_698d389cb1c0;src_6a41cb54ea8d;src_6c7c5e97b89a;src_6dd3efb6d20f;src_6de70e5bf1cc;src_6f364965f12f;src_704ab8321aa6;src_7110bd677d95;src_71a82d6c811b;src_748d4a8352fe;src_78ed826800ac;src_79ec5ff025b9;src_7b62c2d64ff7;src_7dcfa728cd20;src_7ff36cba597e;src_8335dd2a476d;src_835c2ccb3507;src_849d0ad7bf15;src_89eb0aba2317;src_8a678ebc3c21;src_8b13e3f1cb46;src_929037aa79e9;src_955f303b0ff2;src_99971f7fad8d;src_a48a9ca27951;src_a5fb46090c7b;src_a646de7398bb;src_a7126db912c6;src_a792af9cdc3a;src_a7b68c3f0e74;src_a911cb23bfed;src_a913066f4fd8;src_aa36d5f9755c;src_afc1cd16db52;src_b07f5a48fb7a;src_b4f16cc75913;src_b79832df97e8;src_b93a662ebee2;src_bbb8f5eaed7e;src_bcf17d76a1c9;src_bf42604fd477;src_c062cd8a5ad1;src_c1793ed938e8;src_c230eb157033;src_c40fe159303d;src_c45d7273d93d;src_c4ba7df2a67b;src_c4e308ba49c2;src_ccee3dfb49c9;src_cf467a55e1cc;src_d2c188c1c8b4;src_d66ea7efb5f2;src_d8eb640201a5;src_ddb3e6401b55;src_e7103b03c624;src_e7ebae0e4c43;src_efb5f2e82137;src_f23ed59af74d;src_f4a6711293fa;src_f56d8da9a4a1;src_f5cf50a7a1e3;src_f7e9d1379794;src_fa596b01b9ba;src_faf17f5b627f;src_fde4094398d6,asap,CC BY-NC-SA 4.0;mixed
exp_9ad4d31bd9b9,Wolfgang Amadeus Mozart,Classical,wrk_11ba43ed6610,wrk_11ba43ed6610,rec_186f6bb07225,sources/ACPAS-dataset/subset_S/Mozart/369_CPM_Sonata_No.10_C_major_KV_330_2/S_1501_CPM.mid,,data/derived/rendered_audio/fluidsynth-2.5.6-musescore-general-0.2-v1/rec_186f6bb07225.wav,sources/ACPAS-dataset/subset_S/Mozart/369_CPM_Sonata_No.10_C_major_KV_330_2/S_1501_CPM.mid,data/canonical/alignment_events.csv,,1,101,mid,cpc_canonical_beat,licensed_for_research,complete_movement,,true,true,ready,cmp_d05a37c6e964,Sonata No.10 C major KV 330 2,scv_cb0c7ebce59a,prf_6b0627a80a11,aln_4d68e3d57cda,synthetic_rendering,beat,source_provided_beat_annotations,source_exact,1.00,src_02aeb06c352e;src_6ac09776277f;src_890e5dc8083f;src_970568436f7a;src_98e80603d674;src_a80bc86a4c74;src_c0c6cb262e5b,cpc-rendered,MIT;derived audio; source MIDI terms apply; SoundFont MIT;mixed
exp_9b2a421ec029,Wolfgang Amadeus Mozart,Classical,wrk_5e3acc6ed9a0,wrk_5e3acc6ed9a0,rec_a29a5949349f,sources/ACPAS-dataset/subset_S/Mozart/373_CPM_Sonata_No.11_A_major_KV_331_3_Alla_Turca/S_1505_CPM.mid,,data/derived/rendered_audio/fluidsynth-2.5.6-musescore-general-0.2-v1/rec_a29a5949349f.wav,sources/ACPAS-dataset/subset_S/Mozart/373_CPM_Sonata_No.11_A_major_KV_331_3_Alla_Turca/S_1505_CPM.mid,data/canonical/alignment_events.csv,,1,224,mid,cpc_canonical_beat,licensed_for_research,complete_movement,,true,true,ready,cmp_db49212242e7,Sonata No.11 A major KV 331 3 Alla Turca,scv_4420388aa87c,prf_bc3d8d9bd64b,aln_5a05c3623c17,synthetic_rendering,beat,source_provided_beat_annotations,source_exact,1.00,src_0cf334d0ba52;src_2005a7202940;src_301f82e33315;src_31d521ddb99a;src_32b22a173dec;src_3d188de5d1a9;src_41a95a647dc6;src_46f1668c962b;src_48f055259f4b;src_513dcce3a8d0;src_5c02ce97843e;src_6b885f35d7a0;src_98e80603d674;src_9df6e0db100d;src_a26bd6689d26;src_a6587afd1024;src_a80bc86a4c74;src_b7a270870566;src_bb3e3417cb3d;src_bb74cccb38da;src_c65081aea95f;src_c7b751c4833d;src_c86a515000ae;src_ca747718fbcc;src_e5be6dcbdebf,cpc-rendered,MIT;derived audio; source MIDI terms apply; SoundFont MIT;mixed
exp_9b982d2062c5,Frédéric Chopin,Romantic,wrk_c75095618219,wrk_c75095618219,rec_d84d50ca2538,sources/asap-dataset/Chopin/Ballades/1/midi_score.mid,,data/downloads/maestro-v2.0.0/2013/ORIG-MIDI_02_7_8_13_Group__MID--AUDIO_12_R2_2013_wav--3.wav,sources/asap-dataset/Chopin/Ballades/1/midi_score.mid,data/canonical/alignment_events.csv,,1,264,mid,cpc_canonical_beat,licensed_for_research,complete_movement,,true,true,ready,cmp_1cb3d72ba143,Ballades 1,scv_59b6f3605ed2,prf_33388931921a,aln_2a056c6d6d43,source_recording,beat,source_provided_beat_annotations,source_exact,1.00,src_009b10f4f596;src_025991459456;src_05103d14abdc;src_0537b489083e;src_0543b0a7170d;src_0562ff5c5942;src_07ca589fb032;src_0899f3238bb5;src_09162744e255;src_0c02bba966a8;src_0d24cec54883;src_0db7b3124811;src_0e0af0bf184d;src_0e78d9da8c2b;src_118e6a773bae;src_168b4d75315e;src_16a155eaaaea;src_16e7444e4b6d;src_186a1d293b71;src_18b56ee1d27b;src_19da3ee76006;src_1af871e60756;src_1c529d6d6933;src_1d8e086581cb;src_1e74f087d54c;src_1e8341c7cfba;src_205e4a5d014d;src_20f529f8c338;src_227253a3e9e3;src_232354cc6f64;src_2556c91e67bb;src_26df00d01433;src_278111129341;src_2856952fafae;src_285bcb9fc89c;src_2932604d20af;src_2c5eb7f512b1;src_2c619f16abbd;src_2d6a741f6477;src_2e30a7f88ce3;src_2fdb9ea6290f;src_3013241dd9ab;src_31102c63604d;src_32fab4fdab3d;src_3555be65c0c8;src_35f7e4cc286d;src_3637acc220a8;src_3887eb116906;src_391fa557268a;src_3935eb6b5e85;src_394e6c46ed33;src_3a706206642a;src_3d5fe4b447a6;src_3e2b019eaae7;src_3f05ef317091;src_400400ef93b2;src_409725e2885a;src_42c63833086f;src_44091181db60;src_450ac44a1afb;src_4625c2abe13e;src_466a3b9009d4;src_4a6cf1ef5775;src_4c964809a4cb;src_4fc8888dcabe;src_5381ae42774a;src_567c4f4d2f5f;src_5718fe509e3a;src_5775ac0deecb;src_5bca46f475f0;src_5cea08b1dc47;src_5d29af041b88;src_5d2cea2421fa;src_5e478dfb9bee;src_5f20b3796ca5;src_5f4fbde05558;src_6130370e4067;src_66211965846c;src_67e8ff96c842;src_68ad5c7ba690;src_6b6b5b1294f3;src_6beb77c14d93;src_6cc0ec48f7d9;src_72823405bc7c;src_72ff9b8c52f9;src_73db15e2333b;src_761c11a5cc26;src_77cfdc3dbadd;src_78ac78965e75;src_78d1104d8494;src_7b0b94ab2c82;src_7ce54bea1fe3;src_7eef51ec8789;src_7fa60a7cae54;src_811a68571301;src_81b21be2fb27;src_83da6a346aa5;src_85f712b805f1;src_8610d4de1caf;src_88a95b186042;src_895524a2c8ef;src_8a9dbde686aa;src_8c2f645399c3;src_8c400de06eec;src_8dcad0534646;src_8e58892a03f4;src_900072a16c0b;src_92ff6bec8701;src_93679dd5fbe4;src_93a5c187e704;src_93b8640c1d91;src_96f45b86cf01;src_9802a5ced74b;src_98bb7a204dda;src_9b8b647390e9;src_9cf6edfaffec;src_9e7230249b16;src_a00f3bd77638;src_a15f1743ddf6;src_a187242d3308;src_a22b47aea52d;src_a41975d22736;src_a575bdbd879d;src_a5977da214ca;src_a5a3fa7b163f;src_a5b5c46e8b10;src_a6bf2b6f0896;src_a8a472ed12f1;src_a9112c31f7c1;src_ac213eb5c4f6;src_ad12faf3ca99;src_ad1b5050d62f;src_aec3e3168276;src_af0becf41bb2;src_af9572bacc7a;src_afdbff0c7d10;src_b29e8cbde524;src_b440088a9d1a;src_b47f5d9aa0fa;src_b4df0b99b753;src_b5c862f30733;src_b6d6bbac6a5d;src_b7e825387ad1;src_b868ad6a7f56;src_bb5e3260cca7;src_c1541bdc410b;src_c1be2165efad;src_c2efb88085b2;src_c4599ac33e36;src_c5c87f6732ae;src_c797f95ffb13;src_c7c38fa1b3b5;src_c8332657f7ec;src_c8d3460d463e;src_c972e7f7e3b3;src_c97f3f0a8b7f;src_cc4f52829c03;src_cd061e352eff;src_cf722bb50cc1;src_d612a3fedb12;src_d80f2e35380c;src_db4d9db670a1;src_db9d4e860748;src_dbc6f5b5db4b;src_dbdff94727a5;src_dbe936e212df;src_dcc985e5315e;src_e0603351c6ab;src_e1142ef6c426;src_e44686bac85c;src_e52e9e9102e9;src_e68eb8c3743b;src_e6eb7df6b513;src_e70179ca2d41;src_e735d1e325cc;src_ea6de5969434;src_ea733840b86c;src_ed8742cba477;src_effa7253ff9c;src_f3a950fc8de8;src_f400741011c6;src_f5119b4108c8;src_f76a93df4c0c;src_f8cc65b8c40e;src_f96d868cb16e;src_f99b8c58bacd;src_fa28683b9736;src_fb8242c01209;src_fdce6fa4ee7c;src_fe1268e0a59c;src_ff0978c3468a,asap,CC BY-NC-SA 4.0;mixed
exp_9baf4665a213,Wolfgang Amadeus Mozart,Classical,wrk_e8d34109f1ba,wrk_e8d34109f1ba,rec_198683ceed55,"data/downloads/pianocore/1.0/refined/Mozart,_Wolfgang_Amadeus/Piano_Sonata_No.10_in_C_major,_K.330/1._Allegro_moderato/score_ATEPP_refined.mid",,data/derived/rendered_audio/pianocore-1.0-a-star-mozart-fluidsynth-2.5.6-v1/rec_198683ceed55.wav,"data/downloads/pianocore/1.0/refined/Mozart,_Wolfgang_Amadeus/Piano_Sonata_No.10_in_C_major,_K.330/1._Allegro_moderato/score_ATEPP_refined.mid",data/canonical/alignment_notes.csv,,1,152,mid,cpc_canonical_note,licensed_for_research,complete_movement,,true,true,ready,cmp_baa2fd52af2b,"Piano Sonata No. 10 In C Major, K.330: 1. Allegro moderato",scv_d83f7f5a4559,prf_56d24ac2efec,aln_8065b6177b8f,synthetic_rendering,note,pianocore_rascop_refined,pianocore_a_star,0.9777,src_003c44897f52;src_005175fd0335;src_005b2183f991;src_007333ab054c;src_0087f9ed1deb;src_009919b4d3c1;src_00a692749bd2;src_00b3c20d3035;src_00bd5c62a84a;src_01606d0cc156;src_016d17ee8eb9;src_01b0a8c8467a;src_01b0bb991011;src_020cd4e5eefb;src_024520e6ec60;src_02563187bbf1;src_02ab06e26074;src_038224bf27dc;src_038a65a78ca7;src_04a8429fcc02;src_051fccf6e635;src_05433f0425f0;src_05c682f270c4;src_05cf158eb179;src_05fa86c73d4e;src_062e3d85da84;src_06498fbee058;src_068401984e6e;src_07208d351c22;src_07830a3432ca;src_07bef35100f9;src_08210a32f214;src_087bef67820d;src_087cdecde067;src_088aa2928d73;src_08f12c64c5ae;src_090b7b4dd13c;src_0a1acd14db40;src_0a4d51dc4f39;src_0ab62354e6fc;src_0af47f6b58c4;src_0b1a1c0a6d3d;src_0c2ffc9f63cd;src_0d1b16994a84;src_0d300a0e296f;src_0da94a413ef3;src_0f22dee55ffc;src_0f23e394e417;src_0ff80564a897;src_1078883a40b7;src_10bcc2c6de82;src_117698a15a9c;src_1180f5dcd18d;src_120391604f23;src_1220654cfc82;src_125e8636a97e;src_127ae8a65454;src_12c3f4ae1c75;src_12e55088f371;src_12ecc88bae6e;src_138110a34352;src_13e9636f39db;src_141c511e675a;src_1462c9140279;src_1496d4b5214d;src_150728916508;src_154a7ea26748;src_1555176177d7;src_15b1955ed024;src_15d6a8ac98b9;src_1658ddfa1226;src_16adb7d37a4d;src_17691e820fa2;src_17e21aebb983;src_1897fa9e8b99;src_18e0877d1d7a;src_1905457a63de;src_199cd21809a7;src_19a3468775ab;src_19f9052bca5e;src_1a417d9fc0bc;src_1acdbe7b3b23;src_1ad2b88ccdd3;src_1bb5c562a668;src_1cdf228003fd;src_1cf0d13e6b61;src_1d15c5097e28;src_1d28e30e0249;src_1d4bf666cd7a;src_1da474ff325c;src_1e22801d4fc3;src_1e2ecce59c32;src_1e8589a96e96;src_1e8bbb080d91;src_1eb612f56de8;src_1eef62570a49;src_1f01f439d207;src_1f092c7f7921;src_1f270aebc73b;src_1f4729aa57ee;src_1ff6d12942cf;src_20294e50997b;src_20bddf33e75d;src_20f5cef1673a;src_217f6f8ca48a;src_2195f8ffdcef;src_21dd21d78b04;src_22237206e32d;src_223b80519e0d;src_2277f54b2e76;src_22c1a0c950dd;src_2307ac3049ad;src_231f9738b2e2;src_235fbe8a2e92;src_23f111f7b041;src_2474e993750a;src_24c5b81c5201;src_24c941ad4492;src_24dadf0f3f71;src_2520b7d98935;src_2520c56a7548;src_2545f0b90cd6;src_2556e139358e;src_25d65dd94c26;src_25d9d0ccf96a;src_266a9e3c946b;src_26afba8c3610;src_26b1db929bb3;src_26c309d8d6b9;src_26f0d328b725;src_26f1317d00f5;src_28093ba0367f;src_2817cfed6002;src_2824eda2265c;src_284c3d91632c;src_28707cfcc336;src_28e4e24de221;src_28fedf9621e9;src_298ff45056e6;src_29986fcdf868;src_2a4ce9b4cce5;src_2a72b53ef282;src_2ae60eeb6c84;src_2b1adbe6ebd2;src_2c2f8b135157;src_2c3f6b4d6bac;src_2d06bae1cbc5;src_2d2db6ccf99d;src_2e35c6fa6130;src_2e7b56ee971f;src_2f46361674d2;src_2f75822c9167;src_2f8fe6f91059;src_2fae1002811a;src_2fb80de29564;src_3015a2c1b3f0;src_309ef497aec8;src_30e11092516c;src_31da2642bc1b;src_320532aaabc4;src_3218187c3995;src_32551945cc51;src_3277afb5de88;src_33a41bb74555;src_33a75a13cae3;src_33b88edb0a76;src_34549c872a6a;src_349fcf4a51bb;src_35893d65ba18;src_358a33f5ad66;src_368d5f9e8e1d;src_36dc15c9dced;src_36f5e1acb4f6;src_36f637e366d9;src_3881410e1a0c;src_38c94f34d76f;src_38cfb623bc07;src_38e4d72d0e1c;src_397e0b728213;src_39d76417e27f;src_3a14f77c32b8;src_3acb9ce3783d;src_3b175532bc57;src_3b1c3286d6e6;src_3b1c7506f5be;src_3bddd3d29776;src_3be17ae5e2fd;src_3be591744487;src_3de88fe09c6f;src_3eddc6bd73f2;src_3f1c96265388;src_3f4bff1989fb;src_3f5bd5835bfe;src_3f7cd69f4a9d;src_3fb7992f59cb;src_3fe526f24fe0;src_3febb97e5ab1;src_404dbe307f15;src_40ecbe98ce2e;src_411591eb56b0;src_41297dca6a2a;src_418e13dd628c;src_420b09d03f7f;src_42df3ea162a5;src_43271a28266a;src_4378997e03b7;src_43f39dc0984b;src_44254938d1f7;src_4432bcc0eaf3;src_44c12e8ab556;src_44c8dae037ce;src_44ceda2766c2;src_451ac25edbda;src_452ff97b9207;src_453a0e00bf63;src_45e92ea24c71;src_46396b7ad88d;src_46779e87ddc7;src_46820ed6a889;src_46f3ed60915f;src_477a36d6ed1a;src_4799e7b02d62;src_47c40ccd6be9;src_487a1108d179;src_489a5267397e;src_48a797a0f83c;src_490062a9b677;src_49277b5666fc;src_4a1b21615ae1;src_4a5a38b841ff;src_4a859df37c65;src_4ab0624edb97;src_4ac2f46ea442;src_4afd1263f3e5;src_4b27c1770028;src_4ba2a47cdf6c;src_4c2e9e78d804;src_4c83d9a7d63e;src_4cbb475e2b58;src_4cd41d745ec3;src_4ce21553f73e;src_4cff8f26fc33;src_4d57018334db;src_4d7b9a0bd0af;src_4df52be65cee;src_4e307288a050;src_4e49b595002a;src_4ea01697e7be;src_4ed364a2672a;src_4f9986b0f0d4;src_4fe5954cfb89;src_502c5fbf0f54;src_507d572dc459;src_5101e64f8d80;src_510459cc39e0;src_51351fb0ef43;src_51355be020f5;src_517dc61b9843;src_518cfe4e9b6a;src_51b017bde1ca;src_51bfd1729465;src_51cedc6f8456;src_52407c419266;src_52925e1043ab;src_52994d1bedfa;src_52bb88b84e0a;src_54055df5ab3e;src_540ba211f22e;src_5444eeba9b89;src_5450c0dbacad;src_5486bfee175e;src_565040e0083b;src_56fec8be4920;src_570089f8522d;src_57536e656210;src_575e92032ae7;src_580edc483e88;src_5840eab1207c;src_5870876524fd;src_58f10257c9ae;src_595aa0ebf63b;src_5968d94e6f4c;src_599bb3a551e6;src_59e90e1f3237;src_5a053cb1df7f;src_5a5ee249cca6;src_5a783fc90d7b;src_5ac925eb0587;src_5af05a9af819;src_5af3c04602ed;src_5b0752f6f188;src_5b1c35238733;src_5b4397b4c0d5;src_5bc467fc0e2c;src_5bf4702a22c0;src_5c197d6e3d2b;src_5c267e3be812;src_5c44f4a5de0b;src_5c84e3d59076;src_5cc88936a710;src_5cf598789433;src_5d00fa9fb72a;src_5dc1769defc4;src_5e6f216c91d3;src_5ed0763f03dd;src_5f16f9776201;src_5f79e640d993;src_5fae20983f48;src_5fb38947e071;src_6015409037c9;src_603009f8db11;src_611700caa664;src_614ec172c8a5;src_61589db366c4;src_619acacf695c;src_620eefeaeff3;src_6239101e63b0;src_6239a7ebae7b;src_625569365964;src_633879367258;src_63b5d35ae0fc;src_6435ae1958a9;src_64e3a2bfbdb4;src_6565ebea5fe3;src_65cc99d81e44;src_6612cc269d50;src_661b4275ef2d;src_666385ea50f4;src_66a737229d88;src_679fc501fd59;src_67d2224e02ae;src_67d90e6e4980;src_67e8a579f544;src_68e201ef7479;src_68fb43f8e469;src_692561b90092;src_696c319bde60;src_6a1ac74fddc2;src_6aa8673d472c;src_6adfa365edd8;src_6aed34b03c60;src_6b4ed9dd5cd6;src_6b726048a478;src_6bed6cbfbd59;src_6c39e0ec2e5a;src_6c8d0865422d;src_6ca77b205e2e;src_6d5c669576fa;src_6d8c1eb4558d;src_6e268478617f;src_6e96a34c0b3a;src_6ea29844bc26;src_6f0840cf6de0;src_6f53dfc4ebba;src_6f73ad1fd8c0;src_6f8467c2993e;src_6ff98c6d454a;src_701172f356d9;src_702294762711;src_702308641772;src_70c14eb7563f;src_70c849ea6079;src_7163263a8f3f;src_71fda76694e7;src_722e18eadec3;src_725c92cd8a8a;src_728ebcd58e32;src_7290b485c853;src_72ae54743a01;src_72c4b179eef5;src_72caa88790cd;src_73010a642634;src_739870cef5d7;src_7447aec505f4;src_75031ea48c9b;src_75155de6f42b;src_755d484e8d31;src_756e9e868f0b;src_7599fc4e8214;src_75cbff8f3834;src_75d10d5ca5c6;src_76af242f0d24;src_76f53abae131;src_77056e2b4c94;src_7785c630f863;src_7798055a0199;src_77b630c62e0e;src_77f304d947e9;src_783ec0167368;src_78633308e8e9;src_78f505e9aed3;src_79109edac1f7;src_796993077fd9;src_7973c0461b3d;src_7a5c2e64d7b5;src_7aea1cac1f08;src_7b97ac0ac4f2;src_7c0ce2cc2d11;src_7c8ca79d270f;src_7cb22084697f;src_7cc97f93a724;src_7cf3f6ea9eb8;src_7cf4b4acbf32;src_7cf9dc94fb72;src_7da52766b958;src_7e532595b4fc;src_7e546b1ef81f;src_7e6d5b62c825;src_7e98ad41faf5;src_7ea01ce592c9;src_7efe59dcfd9c;src_7f221e733dd1;src_7f653d7ab052;src_7fabe6adf88b;src_8103140c43b8;src_81e6e303c1d6;src_8237eb5ea7d9;src_82d9feae1c9b;src_82de89b8c08e;src_82fa866cdb52;src_836970d88ee7;src_83c13d6aefa2;src_83f20e34f37d;src_846f207c10a3;src_847102dcab66;src_84986be558dc;src_84afa61c5216;src_859a60b0c8fa;src_85c66ff57aa2;src_866ba4532fb5;src_86e30bdec8a7;src_8767f8db490c;src_87ddf65fce31;src_883e1f780b98;src_88ac580b3ce4;src_88b62f21861f;src_88db32f2fb15;src_89ee1ba4e0d7;src_8a5a4b6e69c9;src_8a99a71d267a;src_8acfc351d90a;src_8b00aa07d96f;src_8b974ffab006;src_8bafb2c0181b;src_8bbc16f69130;src_8c033fc96b85;src_8c08491719ae;src_8c26afe4d198;src_8c5818f63b89;src_8cc90ee7e6cf;src_8d0a289443f3;src_8d0acc5c1bbc;src_8e41ec0d2270;src_8ebf24a5b03b;src_8f1a3b747701;src_8f701a1f5a43;src_8fc4d4506077;src_90499d8e8467;src_908de5c945ae;src_90ebb9532f29;src_91101785c3ba;src_9188d5753cc4;src_92ae58e4195e;src_92c1e62c608c;src_930b90c23c47;src_93d4096767ed;src_94074e97bce9;src_941ad81aff73;src_94266967b4a5;src_942a7b7d1dd1;src_94b4ec9fa68c;src_94c514f1dce0;src_94d22f7ccb5a;src_95c99b1ea988;src_9718b1efa1f3;src_976ae6621b56;src_97a9262d401e;src_97d1d4556461;src_9830c30d44ed;src_9831856806f9;src_9894646a30de;src_991cd5d8f73a;src_9985c6c0c7b3;src_9a54483cecd8;src_9ad18092b3bd;src_9b79873947ae;src_9ba96ca52ce7;src_9bebaa06c2b7;src_9bf5314ddce0;src_9ce331994159;src_9d0aee5f8cb9;src_9d6fd0c8c764;src_9dfcadd535e7;src_9e08a977046c;src_9e32f494dca3;src_9e40966417ca;src_9f371687358d;src_9f475087fd04;src_9f5e173b935a;src_9fbfc1cfeb29;src_9fc8ae6765d4;src_9fe4815ea0dd;src_a04e0dcb34bd;src_a0749ef29750;src_a08b967533df;src_a0f650954118;src_a1134406bef1;src_a132432b3ec3;src_a159a60eeaa9;src_a1d67488945b;src_a2126d5f3ae4;src_a2a222ed461a;src_a2ede5277299;src_a31ab082b2ba;src_a31d429c23ef;src_a342cb88c801;src_a350bba16ab5;src_a3a268184eb5;src_a3f6dbfcf6f5;src_a42d34d6d1bc;src_a44495b19fe2;src_a52d05175375;src_a5998ccb128b;src_a59f8db3cfe9;src_a5ed7574fa93;src_a6219ebc1dfd;src_a63671510ffc;src_a681a07e049f;src_a6e2bb20e7f3;src_a7086770b7db;src_a72820e54a0a;src_a734b3d1dd38;src_a7838170664d;src_a80867b0cc3c;src_a80bc86a4c74;src_a81fb56c7643;src_a85722911cf9;src_a96a485663f8;src_aa273bd128f4;src_aa36305b471e;src_aa5d2e60f997;src_aa91460318ac;src_aaa6325171f1;src_aada6d23e6c8;src_aae593bd1c6b;src_aaeee284c5b8;src_ab4ef3aa2cb3;src_aba9392cc727;src_ac0413116e73;src_ac71705981d6;src_ac8d7884a0fa;src_ac9f48077180;src_aca2ad2af088;src_acdfb22ba35a;src_adfc8e2c6599;src_ae8bab83bc24;src_aebf030358d1;src_af3415ccbf9a;src_af821eeed6f0;src_b01357d0851d;src_b04a81d6461a;src_b06d92522599;src_b07d9b80ad5b;src_b09a6ddce6e7;src_b11ca71f1ab5;src_b12dd42158d6;src_b174ac20d493;src_b18fbf29adfa;src_b236ce7e2ee5;src_b272a71f163c;src_b27679323f71;src_b31751aa4c63;src_b3a47aa5bc1f;src_b3e2bb8d1fea;src_b403b1be30c3;src_b41a8daa98ee;src_b4a1526cdd8b;src_b4ea8d355d04;src_b56308e21e74;src_b5a100daacd1;src_b5a1ab7018b6;src_b5e8d54cc777;src_b5f349a8044f;src_b5f94318ee00;src_b64a6d249386;src_b6540b6bcbb4;src_b7b49de2446d;src_b800ea52abdf;src_b80ca06eff98;src_b8287f7e1f88;src_b86e16f408b5;src_b8b038ae89b4;src_b8d502e8ebe5;src_b95fad983197;src_b9ca2e20ddce;src_b9fb7f70f370;src_ba1339e5471d;src_ba4f465d0e9e;src_ba65dfa2955f;src_ba6febbd8b25;src_bacac3504f9e;src_bb1a3dbbabf2;src_bb6e35e94f47;src_bb8f9a4af5e0;src_bbb689bac685;src_bbc5706e0ef2;src_bbdf18bf95ea;src_bc0c08ef5ba8;src_bc3d6e037e1b;src_bca03c163e6d;src_be32d673fd13;src_beba9584d155;src_bef4d4356a98;src_bf080a1fc54e;src_bf1661dfe2b0;src_bf1aeb7e3ef1;src_bfc978e28019;src_bfd4f0832890;src_c01e2f499868;src_c021e0adaae4;src_c022318147f8;src_c031df66370a;src_c05719dbed13;src_c0f431523303;src_c125ffc9b8d9;src_c1384acce9f4;src_c1ccf87a64b2;src_c1d1bb88de21;src_c1d753711fa5;src_c1e194fd1d21;src_c1ecbbbad27b;src_c2031d37d13f;src_c226bf65283f;src_c22df8d2b90c;src_c26c4b3d419e;src_c287935857c9;src_c37fc913a342;src_c3c4a0279da1;src_c3f697c0c096;src_c441ce2a6f55;src_c463f621bcb4;src_c4ac2deaabb7;src_c59251ee97a3;src_c592cbeeb99e;src_c5a7a0d6837c;src_c63f1be9d7ff;src_c64dcd57b1fc;src_c66007efeebe;src_c6a0af5263ed;src_c72912ca272b;src_c76081961963;src_c8761f484313;src_c90204c2c3a1;src_c911feb7ef37;src_c9751c4991a0;src_c983fae8296a;src_c9d29b0249d5;src_ca246d57306b;src_ca49938e3ac3;src_cacf8c588cd5;src_cad305c743c8;src_cafe75a7d4b0;src_cb8ab2863602;src_cbbce85bb2af;src_cc275061c79b;src_cc3b22bd0d7c;src_cc76bd1eefe2;src_cc9a60962b35;src_ccb6ee1738dd;src_ccbe7e58ada6;src_ce099f762570;src_ce296ef1f38c;src_ced18c11e419;src_cf2cf9b9163f;src_cf3e5154bc1a;src_cf5110f5d671;src_cfb03d63ec98;src_cffebd2e77aa;src_d0693bffa1c7;src_d0824d320c0b;src_d0c2952d1332;src_d1272e6904c9;src_d1767c17885e;src_d271f8f7a6f8;src_d3559a849c67;src_d38c27f87a85;src_d3e48ee52edb;src_d3fa388b88be;src_d4485a6559cf;src_d46a5fe1b094;src_d4741b750ff1;src_d52e37c0c5df;src_d5442991b37c;src_d584771d7174;src_d5b79183f783;src_d626f46e724e;src_d637f8c14a84;src_d68e8c8cfd8c;src_d693ca40ee58;src_d6fa2488aaa7;src_d70acea15254;src_d7bd82ec2606;src_d7d23392d236;src_d833878bac09;src_d88856f3d378;src_d88d86d8c919;src_d947205e3d56;src_d97634735e02;src_d9f19d6124a3;src_db0aa883649f;src_db3066997bd2;src_dbcecabb4595;src_dc3e3908465f;src_dcaeaf557558;src_dd33c50e9d73;src_dd4a802ded42;src_dd67f5d6c99c;src_de634cdae1bc;src_dee289b1e236;src_defbe81d0041;src_df83c0e12305;src_dfa3ba31d661;src_dfbe73e7fcc0;src_dfc83afd8d45;src_dfda219d04f3;src_e010030f83bf;src_e02700de5f32;src_e0731d8e89bd;src_e08fecf06f13;src_e0e4e7fcd27c;src_e122fe1f7312;src_e187b50edf0a;src_e1a4a1dd49ec;src_e1b21e09c3a4;src_e236e0413190;src_e2790b1d2c4f;src_e2be7ff46962;src_e2f1e4e6fdaf;src_e31740457697;src_e333c97a7417;src_e395611c232e;src_e3b2f121ea6d;src_e3fe9b1101fd;src_e41340b327bc;src_e46b9aa16354;src_e4f86d395e49;src_e55e769969e4;src_e5b7bbbf3508;src_e5ea77086958;src_e5ea8773dc38;src_e63e0a4fbcb9;src_e6478e277464;src_e68cc72175ad;src_e6b894c04551;src_e6c9a8f544b3;src_e70f58707cb8;src_e71bb11b0e68;src_e7843d9514fc;src_e81cae5eb7e1;src_e891409e6a99;src_e8b307afc3e0;src_e8b5905b8202;src_e90425c03f25;src_e9597a7d1cfa;src_e99803e0a8a0;src_ea0dd4b87e91;src_ea18ccd30fb2;src_ea27f883b38b;src_ea280cd0c989;src_ea3e45944e1d;src_ea58f0195ca4;src_ea5c7afe00c5;src_eaca766ae04f;src_eae3a3b6bc4b;src_eaf1cc4ffe23;src_eb020299d6b0;src_eb6b7a3f2a9b;src_eb9293b93102;src_eb9bbe25c996;src_ec0079e13547;src_ec4d5043772e;src_ec8e50fcb4a6;src_ed5693031227;src_edb5755a1566;src_edfe3ddc6fda;src_ee1bbdd96a74;src_ee237fc14353;src_ee2617f44e81;src_ee4bb365faa6;src_eed11d9f984f;src_eef1d952d088;src_ef1a38c2cfd1;src_ef26ed76c6fd;src_ef307f62ad10;src_ef54b198c43c;src_ef5d8bb3b91f;src_ef70f165eceb;src_ef87ac5392ba;src_efbcfc6ba450;src_efdfa010266b;src_f06680b7a87f;src_f1ac131185f8;src_f1b4569ca800;src_f2d13af2a775;src_f35a3aee1a0c;src_f379d06b3dd3;src_f567314e757c;src_f5909e0f83f4;src_f5d32bd5a9bc;src_f6376d7a94f2;src_f656502a7458;src_f71525aa5e9d;src_f763d312f5f2;src_f7c0d554cb79;src_f81b954ff1b1;src_f8973e8b8c8f;src_f8a1e37db138;src_f8a2e9f5e24b;src_f90668999dfe;src_f9c027ad78cc;src_fa26e4cdd314;src_fa2e6fdb6b31;src_fa5d21ad19c4;src_fabba7b31c8c;src_fada7b8974ac;src_fb1e5474b34d;src_fb24b2cb6580;src_fb3ec6d6853a;src_fbe5b6abcb61;src_fc2dc1304f1c;src_fc42cdc6d619;src_fc8c1a8aaef2;src_fc8f090f5dcc;src_fcacdab34b0c;src_fd5bba08ce8a;src_fd82d68e5c20;src_fdab9940077d;src_fdc4f1d16da6;src_fddee7930670;src_fe7c8a88b7a5;src_fecb0ec6a10e;src_ff262d2e0cfb;src_ff46dbd9936c;src_fff114f03f8a;src_fff6833e8c29,Aria-MIDI,CC BY 4.0;CC BY-NC-SA 4.0; non-commercial research and education;MIT;derived audio; source MIDI terms apply; SoundFont MIT;external recording; rights not granted by ATEPP metadata license
exp_9bece340b30c,Wolfgang Amadeus Mozart,Classical,wrk_f1aa6de79926,wrk_f1aa6de79926,rec_a951bcd8870e,sources/ACPAS-dataset/subset_S/Mozart/364_ASAP_Fantasie_475/ASAP_Fantasie_475.mid,,data/derived/rendered_audio/fluidsynth-2.5.6-musescore-general-0.2-v1/rec_a951bcd8870e.wav,sources/ACPAS-dataset/subset_S/Mozart/364_ASAP_Fantasie_475/ASAP_Fantasie_475.mid,data/canonical/alignment_events.csv,,1,186,mid,cpc_canonical_beat,licensed_for_research,complete_movement,,true,true,ready,cmp_7e0267a3eef2,Fantasie 475,scv_c2fb5dedf769,prf_32c0fc6b116a,aln_89d793c1e3f7,synthetic_rendering,beat,source_provided_beat_annotations,source_exact,1.00,src_13c93634ed9a;src_14f5d4f52566;src_160a940079d9;src_1a8ff7231fb7;src_22d0ec95fd3d;src_279fd91223da;src_2b5e4ae504b8;src_2bf31afde6df;src_2c705541bde3;src_3eccd7e95db3;src_444420052abc;src_47408935e583;src_4bfb57645b76;src_60383a4042c5;src_6fb6a2d13d96;src_75010ae66974;src_79f2ff293c6a;src_89081fc60e54;src_8bd00815149f;src_8bda8da01c2a;src_98e80603d674;src_a5b38292ea91;src_a5ec05b28b35;src_a80bc86a4c74;src_ad90704af859;src_b6164e9c88ce;src_b7de61ee675b;src_bc1ed3940b25;src_bc80330f856a;src_bed7b5bbaebf;src_c4b4c3e851c9;src_d6b361eef0e7;src_ea8118a3d675;src_fdd68fd8dc05,cpc-rendered,CC BY-NC-SA 4.0;CC BY-NC-SA 4.0; non-commercial research and education;MIT;derived audio; source MIDI terms apply; SoundFont MIT;mixed
exp_9bfa7abfd158,Wolfgang Amadeus Mozart,Classical,wrk_44c6308a4722,wrk_44c6308a4722,rec_d2a253b6b0ef,sources/ACPAS-dataset/subset_S/Mozart/373_ASAP_Piano_Sonatas_11-3/ASAP_11-3.mid,,data/derived/rendered_audio/fluidsynth-2.5.6-musescore-general-0.2-v1/rec_d2a253b6b0ef.wav,sources/ACPAS-dataset/subset_S/Mozart/373_ASAP_Piano_Sonatas_11-3/ASAP_11-3.mid,data/canonical/alignment_events.csv,,1,224,mid,cpc_canonical_beat,licensed_for_research,complete_movement,,true,true,ready,cmp_b563f0486b86,Piano Sonatas 11-3,scv_1a4adc586f7e,prf_f703ade51632,aln_c09a48960d54,synthetic_rendering,beat,source_provided_beat_annotations,source_exact,1.00,src_04c85821a7cd;src_0f1beaa91df0;src_13602092ab4f;src_16da154e62d9;src_2867258a9aa3;src_4cca6fc5d250;src_70619c38b0d8;src_7728465e55bc;src_8b3a7075e93a;src_8d54a71fd391;src_98e80603d674;src_9bed02efccf6;src_9eabd6da6cf5;src_a80bc86a4c74;src_c20c3d32f25b;src_cc3a3a78aca1;src_e08fd50cad4f;src_f7587bf8c0ee,cpc-rendered,CC BY-NC-SA 4.0;MIT;derived audio; source MIDI terms apply; SoundFont MIT;mixed
exp_9c8fa78a6f9d,Frédéric Chopin,Romantic,wrk_c75095618219,wrk_c75095618219,rec_d6d1f1f0bd29,sources/asap-dataset/Chopin/Ballades/1/midi_score.mid,,data/downloads/maestro-v2.0.0/2011/MIDI-Unprocessed_04_R2_2011_MID--AUDIO_R2-D2_03_Track03_wav.wav,sources/asap-dataset/Chopin/Ballades/1/midi_score.mid,data/canonical/alignment_events.csv,,1,264,mid,cpc_canonical_beat,licensed_for_research,complete_movement,,true,true,ready,cmp_1cb3d72ba143,Ballades 1,scv_59b6f3605ed2,prf_e1e00c3b7bba,aln_55fbe3085993,source_recording,beat,source_provided_beat_annotations,source_exact,1.00,src_009b10f4f596;src_025991459456;src_05103d14abdc;src_0537b489083e;src_0543b0a7170d;src_0562ff5c5942;src_07ca589fb032;src_0899f3238bb5;src_09162744e255;src_0c02bba966a8;src_0d24cec54883;src_0db7b3124811;src_0e0af0bf184d;src_0e78d9da8c2b;src_118e6a773bae;src_168b4d75315e;src_16a155eaaaea;src_16e7444e4b6d;src_186a1d293b71;src_18b56ee1d27b;src_19da3ee76006;src_1af871e60756;src_1c529d6d6933;src_1d8e086581cb;src_1e74f087d54c;src_1e8341c7cfba;src_205e4a5d014d;src_20f529f8c338;src_227253a3e9e3;src_232354cc6f64;src_2556c91e67bb;src_26df00d01433;src_278111129341;src_2856952fafae;src_285bcb9fc89c;src_2932604d20af;src_2c5eb7f512b1;src_2c619f16abbd;src_2d6a741f6477;src_2e30a7f88ce3;src_2fdb9ea6290f;src_3013241dd9ab;src_31102c63604d;src_32fab4fdab3d;src_3555be65c0c8;src_35f7e4cc286d;src_3637acc220a8;src_3887eb116906;src_391fa557268a;src_3935eb6b5e85;src_394e6c46ed33;src_3a706206642a;src_3d5fe4b447a6;src_3e2b019eaae7;src_3f05ef317091;src_400400ef93b2;src_409725e2885a;src_42c63833086f;src_44091181db60;src_450ac44a1afb;src_4625c2abe13e;src_466a3b9009d4;src_4a6cf1ef5775;src_4c964809a4cb;src_4fc8888dcabe;src_5381ae42774a;src_567c4f4d2f5f;src_5718fe509e3a;src_5775ac0deecb;src_5bca46f475f0;src_5cea08b1dc47;src_5d29af041b88;src_5d2cea2421fa;src_5e478dfb9bee;src_5f20b3796ca5;src_5f4fbde05558;src_6130370e4067;src_66211965846c;src_67e8ff96c842;src_68ad5c7ba690;src_6b6b5b1294f3;src_6beb77c14d93;src_6cc0ec48f7d9;src_72823405bc7c;src_72ff9b8c52f9;src_73db15e2333b;src_761c11a5cc26;src_77cfdc3dbadd;src_78ac78965e75;src_78d1104d8494;src_7b0b94ab2c82;src_7ce54bea1fe3;src_7eef51ec8789;src_7fa60a7cae54;src_811a68571301;src_81b21be2fb27;src_83da6a346aa5;src_85f712b805f1;src_8610d4de1caf;src_88a95b186042;src_895524a2c8ef;src_8a9dbde686aa;src_8c2f645399c3;src_8c400de06eec;src_8dcad0534646;src_8e58892a03f4;src_900072a16c0b;src_92ff6bec8701;src_93679dd5fbe4;src_93a5c187e704;src_93b8640c1d91;src_96f45b86cf01;src_9802a5ced74b;src_98bb7a204dda;src_9b8b647390e9;src_9cf6edfaffec;src_9e7230249b16;src_a00f3bd77638;src_a15f1743ddf6;src_a187242d3308;src_a22b47aea52d;src_a41975d22736;src_a575bdbd879d;src_a5977da214ca;src_a5a3fa7b163f;src_a5b5c46e8b10;src_a6bf2b6f0896;src_a8a472ed12f1;src_a9112c31f7c1;src_ac213eb5c4f6;src_ad12faf3ca99;src_ad1b5050d62f;src_aec3e3168276;src_af0becf41bb2;src_af9572bacc7a;src_afdbff0c7d10;src_b29e8cbde524;src_b440088a9d1a;src_b47f5d9aa0fa;src_b4df0b99b753;src_b5c862f30733;src_b6d6bbac6a5d;src_b7e825387ad1;src_b868ad6a7f56;src_bb5e3260cca7;src_c1541bdc410b;src_c1be2165efad;src_c2efb88085b2;src_c4599ac33e36;src_c5c87f6732ae;src_c797f95ffb13;src_c7c38fa1b3b5;src_c8332657f7ec;src_c8d3460d463e;src_c972e7f7e3b3;src_c97f3f0a8b7f;src_cc4f52829c03;src_cd061e352eff;src_cf722bb50cc1;src_d612a3fedb12;src_d80f2e35380c;src_db4d9db670a1;src_db9d4e860748;src_dbc6f5b5db4b;src_dbdff94727a5;src_dbe936e212df;src_dcc985e5315e;src_e0603351c6ab;src_e1142ef6c426;src_e44686bac85c;src_e52e9e9102e9;src_e68eb8c3743b;src_e6eb7df6b513;src_e70179ca2d41;src_e735d1e325cc;src_ea6de5969434;src_ea733840b86c;src_ed8742cba477;src_effa7253ff9c;src_f3a950fc8de8;src_f400741011c6;src_f5119b4108c8;src_f76a93df4c0c;src_f8cc65b8c40e;src_f96d868cb16e;src_f99b8c58bacd;src_fa28683b9736;src_fb8242c01209;src_fdce6fa4ee7c;src_fe1268e0a59c;src_ff0978c3468a,asap,CC BY-NC-SA 4.0;mixed
exp_9d4811ac7ffb,Frédéric Chopin,Romantic,wrk_606fee96925f,wrk_606fee96925f,rec_5c630ae31080,sources/asap-dataset/Chopin/Etudes_op_10/8/midi_score.mid,,data/downloads/maestro-v2.0.0/2013/ORIG-MIDI_02_7_7_13_Group__MID--AUDIO_17_R1_2013_wav--3.wav,sources/asap-dataset/Chopin/Etudes_op_10/8/midi_score.mid,data/canonical/alignment_events.csv,,1,96,mid,cpc_canonical_beat,licensed_for_research,complete_movement,,true,true,ready,cmp_fe9c731c2d2e,Etudes op 10 8,scv_f0f703f3e9b9,prf_960e548724eb,aln_237de3d1cd33,source_recording,beat,source_provided_beat_annotations,source_exact,1.00,src_00fb2ab1f099;src_02b7ae40da98;src_038c4a50ebfa;src_05d94747641a;src_072ef64e1663;src_085e3744b85d;src_089f94e75645;src_090082af5269;src_099dda31de0a;src_0b46c4fdda35;src_0bb7a0d0ce99;src_0bda4d1b489f;src_0c46d9e72591;src_0c8cdeb310b2;src_0df6a20b7416;src_0eef7d0d4c3e;src_0fe3629fa37b;src_10240904eb54;src_110ed238b9fe;src_11b576871983;src_1278647ae551;src_12d07b73b62f;src_138018434599;src_16cace67cbae;src_17f1725162ff;src_17f7fd7ad6a5;src_1828da8e6e09;src_182e3e29ca8e;src_183bbd01ff2c;src_1879919033b6;src_18d85268ba31;src_1be798941779;src_1c2e01c00e5e;src_1ce0325457b3;src_1d5967a7cc33;src_1f94413366e4;src_2049593e2719;src_216270244598;src_2197042a7721;src_235b3fc7f290;src_268d5b1f4c8c;src_28acd7791147;src_29812e6e0665;src_298c0dd9e190;src_2a3af8a60840;src_2ab70c5bc726;src_2c654890aa0c;src_2ccec1099c0a;src_2dcc0164e6c6;src_2ec1d1c52749;src_2fe77c3ee703;src_310c8946e093;src_3196bb3c22cd;src_31ceac59dd8a;src_31cecb90bb80;src_33a26205e123;src_3432824105f4;src_365516aad317;src_36dd5502594d;src_37ad9e2cc9fa;src_37b665b42cc3;src_37e312b46957;src_37ffc5e33f82;src_39265cdb4ffb;src_3aa9ca48d031;src_3ad21c47a6f5;src_3b5f415cc619;src_3d3ced5a9495;src_3f6c2f62d2da;src_441753383ab0;src_44ae43783277;src_44f53230b8df;src_44fbfe6b8a57;src_45f7160c4622;src_468e514fb98d;src_46f1aed7e95d;src_4a2a6e18ccd9;src_4b95644f95f3;src_4dba99b9caea;src_4e9f93e7d6b7;src_50b3f7848081;src_5144c02197a7;src_5169667dbe48;src_54da0eedec54;src_5540d8243860;src_5562a5b0d1af;src_58afec9d79f9;src_5ae1a930a2e3;src_5af9d3ded6a7;src_5bd2f6a05515;src_5bdfcbc128a2;src_5d3225323b5c;src_5d6ea3c0d41f;src_5fba218de0df;src_618f0b052897;src_618f5445c761;src_6474c1717933;src_66974f90b4cb;src_670e0fd3f309;src_67cab02b53b8;src_67f88a79e215;src_6b3da2e4154d;src_6c2e534d55a6;src_6c5eec5d077c;src_6df323b447d4;src_6f3ac011f3ba;src_708abc36ec1c;src_70946139805c;src_712e80a4912e;src_7226c7750c68;src_72475bd874f2;src_72668957b68c;src_75397e9b7c2d;src_758cf9b10aea;src_7645230df260;src_776fe98fd5c0;src_783f293d08ca;src_78e1b998f186;src_79dd36d9e241;src_7ace75a5b669;src_7c3e863462fd;src_7c6ed992a322;src_7d2902f1c449;src_7e67fd68c879;src_7e73baf5f983;src_7fca3cdcf74d;src_8161ddedf130;src_81896e947563;src_81eb9e0bcd25;src_821d22f222c6;src_82823d1aa8b3;src_8326f3673c5f;src_8603cd9e82a0;src_8631816ea650;src_8b8ba665556d;src_8c468ec2b465;src_8c58053492eb;src_8d63b87b11b4;src_8de8b1cac623;src_8f9f6c8e9578;src_914fc2161264;src_91af059a8182;src_924e77da85ce;src_925aadfa3878;src_92690bc54d1d;src_932eb5cee157;src_94153027dcfe;src_9751eefc3d18;src_97845f4c5e3a;src_983cfca2562c;src_99587d3d8423;src_99dd350b336f;src_9a94be92b38e;src_9adb3c6219a2;src_9b3dbbf781a3;src_9d6178dfbc9c;src_9f6fbb27a9b5;src_a1621a69a473;src_a27d1b64bd60;src_a584c6da4f16;src_a5bd7d7c4018;src_a5e1ad2eee2e;src_a7c819ad4c06;src_a800e70517cc;src_a835d5f69722;src_a98b9021d738;src_a9d1c560faf3;src_ac170020d68c;src_ac3ebc613a32;src_ae0c9a91cec6;src_aed303f82311;src_af5fe9a07505;src_b0a0a97d1d1a;src_b0b1d748bfd3;src_b1c8ce9ef83e;src_b2ac53a90fee;src_b33f556e5b8f;src_b35ed6446371;src_b3ca864103cf;src_b4e9ff3644d5;src_b5751dcf04ae;src_b603a774d99f;src_b6c3419e33df;src_b7ecd6999f12;src_b8c849717b40;src_b9f9d42e248f;src_ba2385ad8ae5;src_bf860b344422;src_c1915c1312bc;src_c1e2273a12b2;src_c1f0228fc509;src_c20416ad0e21;src_c243ae24d9e1;src_c27eebafcd6f;src_c37e4406d4c2;src_c46e81e83019;src_c5f9461232bc;src_c64eed48d007;src_c68548cacb36;src_c7dfdcd9c7a9;src_c84351594900;src_c8a00245560b;src_ca6c3fd7e6e9;src_cc1b212d6cfa;src_cd51bea977cc;src_cdfcc266d00b;src_ce38e8712eb4;src_cfcd724cf447;src_d105f75c9ad4;src_d1e165960c84;src_d7656efd4e64;src_d871d3889087;src_d959d1305423;src_d97d95a978d3;src_dc4defe14af3;src_dc7ddc962aaa;src_dd3688ce642d;src_dd6ec7547419;src_de537c075522;src_df808a66434f;src_dfb450f02894;src_e0449913f2be;src_e069271508b5;src_e12437d1d52a;src_e2f1be47d58f;src_e2f2981c9653;src_e388b2070915;src_e46b3344c145;src_e471e84ea415;src_e54f117eaca1;src_e5ed3f9a448a;src_e6021dfd43c3;src_ea710362b6a0;src_ec911df903b5;src_ece931201587;src_ed2fd6bdbf59;src_ef17f0b1d558;src_ef348b3b1e1b;src_ef3e3d245fdf;src_ef517a789d29;src_efc0b4491cb8;src_f06c135195de;src_f2fa37dc5ab6;src_f4192f8dba4b;src_f52cfd4d1398;src_f6a92ff2070a;src_f6cd7caffb33;src_f6f9a816a94b;src_face2fbc6a9e;src_fc40231c51e7;src_fcde41ded186;src_fd7695e78070;src_ff56764aedac;src_fff8413d4a07,asap,CC BY-NC-SA 4.0;mixed
exp_9e1a76a8c354,Frédéric Chopin,Romantic,wrk_2ea4ae59ea14,wrk_2ea4ae59ea14,rec_63dd962b6819,sources/asap-dataset/Chopin/Etudes_op_10/4/xml_score.musicxml,sources/asap-dataset/Chopin/Etudes_op_10/4/xml_score.musicxml,data/downloads/maestro-v2.0.0/2011/MIDI-Unprocessed_21_R1_2011_MID--AUDIO_R1-D8_09_Track09_wav.wav,,data/canonical/alignment_events.csv,,1,83,musicxml,cpc_canonical_beat,licensed_for_research,complete_movement,,true,true,ready,cmp_3840f26af604,Etudes op 10 4,scv_828c93ba4c1e,prf_d74275bbbd8d,aln_967475209300,source_recording,beat,source_provided_beat_annotations,source_exact,1.00,src_00435d154e8e;src_00493e711d06;src_02d5f448e252;src_06661b8a0af2;src_074098c68b87;src_08d3d01fb869;src_0bb476b5b453;src_0bee72ecedb1;src_0e8411e873d7;src_0f6994d36e3c;src_133c0b50fe48;src_142e62f5af0e;src_1568a1206855;src_175bf20b0beb;src_18fcd5845910;src_1a8e7c4c3ae7;src_1ab40fcf30b2;src_1b1c0b6fb982;src_1b81d7198d7c;src_1e61197f7f3b;src_1e92e6c4aa44;src_1fb68ddeb4e7;src_22abd18cd1e7;src_23fbf1d7152c;src_24accc41700e;src_25be3551181a;src_25f3f1cfdfe6;src_260ff8936ac1;src_27091cb2b7c1;src_2a9c97c6263e;src_2ac16978e6f1;src_2bf3b5d35c6a;src_2e04a5aaf970;src_2eb90af37b6d;src_2f568fc374a7;src_301883723571;src_315b19b0a72c;src_319948a6ee86;src_31fc3ead56c3;src_3203be84752d;src_363b658499bb;src_36434f9715d0;src_39c8ed66d683;src_3ac1fa0c9463;src_3e0134e92264;src_3ee5897a59f8;src_40ecf364b7dd;src_43b0fb9c4a91;src_43bc146ebb76;src_45622a59eed8;src_46af1c2989f5;src_48b69c87e5f6;src_49c19bd547fd;src_4b12f6fb0dfb;src_4b17aa1b6659;src_4d23ffbe64d3;src_4dd63d710066;src_4f01e6ad10b1;src_50c9596611aa;src_517e5cd89b51;src_52dde52a34ed;src_53746fe22635;src_5433fff9f958;src_546bc53839d0;src_546fb58f0e79;src_54958adef32c;src_56ebe5323c91;src_574a22f2a78e;src_584252941fc5;src_599738ef8f07;src_59d344ed4a31;src_5a0df20488a4;src_5ab73682c4c1;src_5c52a40481f6;src_5c5ca63bac97;src_5ffd3d804cdc;src_614231554a72;src_62bd7a5da2a0;src_64deedb2002e;src_66b5ae995323;src_66dd8490f08f;src_68a5d4edcf17;src_68cc0e1f735e;src_712f757a8898;src_71516b3eb864;src_71a33f189040;src_722a5a46897b;src_72740c399dac;src_7296f0509261;src_72df3fcf6a78;src_73e6ef81c38d;src_7517776f1a48;src_76817c986ecf;src_77b937613ab9;src_79208e685b4e;src_79a659586b70;src_7a8ff5d1ee58;src_7ba6c5115038;src_7d797ed95ab0;src_7f0479e52676;src_7f84f882bab0;src_80bc2719d6f2;src_818313d9c6ef;src_819e473011cb;src_8436ecdf80bb;src_84cede3136f0;src_85561b46e4ac;src_88a78fba425c;src_88f456185e42;src_88fb456b207b;src_890db1098a74;src_8932adaef3db;src_8accf80be009;src_8beae127cb2e;src_8c69cedc9552;src_8d1421f7c6d5;src_8e0f31f5c660;src_8e68636225be;src_90b77a2440b9;src_91510879e4f3;src_93c7e1341dd0;src_93d7378bf0b8;src_943bf152a149;src_94aa636b5b62;src_96267656faf4;src_96567c396e1d;src_966dc4721014;src_9670cb76f632;src_967c0d91894f;src_983daf52931d;src_9be8a2c5c60f;src_9cb41b6fc217;src_9da8a8ae9ef1;src_9ec72286206e;src_9f1cf138ee42;src_a04ebe63c80b;src_a41b4d5ead6f;src_a514af7d8a2a;src_a65dc5011930;src_a7665abb2178;src_a7e0cd1ec2d6;src_a831131fa8bd;src_a96d16500d3a;src_aa09b1ed01f3;src_aa7124c0fbf6;src_aac33758e112;src_ac75d76cf9b7;src_ac9571007754;src_ae0809a8c3c8;src_af2e4edae436;src_af5b9ef2e611;src_b0ff2ce14afe;src_b2f1ee6182b7;src_b440731d0e5c;src_b444849616c4;src_b45722bf9d36;src_b59cf9da73a2;src_b71321f5af8c;src_b7c4c58b5eda;src_b8b17b66730d;src_b8d4799103b0;src_bc0024852ba7;src_bdd09519724a;src_be5eeb31d7ee;src_be789afd4ed9;src_bee0aea3f3ac;src_bf72b993ddb8;src_c0eadba0e5dc;src_c167a56c87fe;src_c19195c14130;src_c1eddaecccf6;src_c27b43bfc925;src_c2d0a26e50b7;src_c32991d3213b;src_c523603361fd;src_c9d66e884e9f;src_cb8b1b94e443;src_cc97c188fdf8;src_ccead01ae2c8;src_ce9f765d92fe;src_cfdd3b4360f0;src_d08790730873;src_d120954538f3;src_d241690bee53;src_d394125bf16d;src_d50de97ae7a2;src_d70d1a85c779;src_d8defb8b6812;src_dae18a78f4a1;src_dc35f738ea75;src_dc4be58cf824;src_de496ed6d4d3;src_deedd6b985e0;src_e0f596b7bc08;src_e11723d1127f;src_e1276e6d1733;src_e159e5d150a4;src_e3022ae1a44d;src_e39ba0db8f7b;src_e3bf1b01f721;src_e44308f8330d;src_e53d853a3cab;src_e5bcc2023b0d;src_e7f423e3cd53;src_e82bf45d3171;src_ea08f8a7b770;src_ea31f1942ff1;src_eac2e58d066d;src_ec84238ee412;src_ec9d66968101;src_ee5176015da6;src_ef521e81b719;src_f58748654ad8;src_f59850e84dd5;src_f60ba7fcde2b;src_f6b3d1da4934;src_f71cf5923d91;src_f8549196f39c;src_f9b1fac75d23;src_fa64efb924ef;src_fc1e8cf023fa;src_fc226cb27a46;src_fca5df633f7d;src_fd24d379b6d4;src_fe4bb24e7485;src_ff07dae714ff,asap,CC BY-NC-SA 4.0;mixed
exp_9f881a4fb2e5,Frédéric Chopin,Romantic,wrk_2dba713813f1,wrk_2dba713813f1,rec_744eef24e95f,sources/asap-dataset/Chopin/Scherzos/31/midi_score.mid,,data/downloads/maestro-v2.0.0/2017/MIDI-Unprocessed_062_PIANO062_MID--AUDIO-split_07-07-17_Piano-e_2-07_wav--4.wav,sources/asap-dataset/Chopin/Scherzos/31/midi_score.mid,data/canonical/alignment_events.csv,,1,780,mid,cpc_canonical_beat,licensed_for_research,complete_movement,,true,true,ready,cmp_4fade9260416,Scherzos 31,scv_e60623ce59c0,prf_e6f88aaaf2f8,aln_4d82663950cd,source_recording,beat,source_provided_beat_annotations,source_exact,1.00,src_006c839a80ea;src_03ec7fb9092f;src_08134f626795;src_08e670c23d34;src_0b72c15addfc;src_0bc1fe84af4a;src_0dd11732e425;src_0de8ac2c8599;src_0e645eceece1;src_10216435519e;src_12ab227cb34c;src_138362adddcc;src_14c2683c4513;src_14d189b77f6d;src_154ebb60d6f5;src_1790fe670e03;src_1a9b66ff8c11;src_1b9267d8f580;src_1df244266d31;src_2045dfef6313;src_2155a88bcac7;src_22f872c756fb;src_24b52b2550ed;src_257509ed30ce;src_2697395bb90b;src_2941af989b7a;src_2a41a71b037b;src_2bfe1367fa4c;src_2c721d5823c0;src_2e4cea999436;src_2f2baef5f837;src_306784351627;src_3720177a070c;src_381c1815b9fd;src_38cf01742654;src_3977569a818b;src_3aa959d83570;src_3c623434f0cb;src_3e2b714e90e2;src_3fed61a3c179;src_42fff87e78ee;src_432ba7627149;src_45d579dddcc7;src_4867c43d87ac;src_4894f57f1e0d;src_48af8ece423c;src_4b09869d8f59;src_4d2af982e022;src_4e226bb1d5e0;src_4ece58d294e6;src_4f57168c8a61;src_50610cfb75e2;src_526fb353580e;src_533c262d36d8;src_534397905719;src_5432f36db989;src_54c8541a49b9;src_564dbf2b0b7b;src_58166fd764cc;src_5895a19e2275;src_5af8a4700c33;src_5b87e9a003f5;src_5ba9446f5ade;src_60a6cd80c5de;src_60fcad5eaf59;src_64810fc38756;src_64f52ae94b8e;src_6516c808d60b;src_692f3b741b24;src_6b6a3431c666;src_6b8ed8c853cc;src_6beaa5b745af;src_6e37149a3e76;src_71461211c7d2;src_722d73269a95;src_729431c61f4b;src_72e63fbbb92b;src_7300493c7fd1;src_7304bb751c4c;src_74c11e6f192d;src_7987bf888a1e;src_7ba2aefcdb1f;src_7e8c5df43048;src_7ff138bcccab;src_814bbb422235;src_867532b5b031;src_87ec9ed6d64f;src_88f7d0aec04e;src_89aa3aea0d3e;src_8c66bdabd602;src_8d7ad4dab8a3;src_8f44534f098d;src_8f60608fccdc;src_91ced24f2e96;src_926302821870;src_936f10781a02;src_96a7deb336de;src_97cce262d259;src_98f719dced96;src_9a7257ae1b31;src_9adb5f5e3832;src_9dd276267da2;src_a2c9d3bac2b4;src_a399d487b701;src_a3ccc4e39419;src_a46c4fea6fdb;src_a48c2c298d22;src_a66a981e9a0d;src_ac126b2eb8ff;src_ac764ad03507;src_af3d62b60ee6;src_b1ca61d09313;src_b2eb510e1015;src_b30f3a46d9de;src_b5193a49f80f;src_b5fa21a0069d;src_b6d96a177074;src_b717036bdff2;src_b737eeddc19b;src_ba1fbeaec487;src_bc52bc0d513d;src_c1b1c5d55de7;src_c1d294de8f4b;src_c57bfd32e89a;src_c5e7f534504f;src_c64723536af8;src_c6c9fe8d00ca;src_c72bffb14df2;src_c79b85f3a1bb;src_c90c9a180971;src_cca667697101;src_cd9d1d4dc41b;src_ce53fcca9859;src_ce65f42219d6;src_ce7979f711b0;src_ce81b5d116da;src_cf55a418092c;src_d16ae8fe4a03;src_d4031242fadc;src_d6bfd3c9e23e;src_d75bc1c20019;src_d87ad2691f42;src_d9e86a5dd044;src_dabc69505eb5;src_dc3a8d8f3f0a;src_dfe223d7f6af;src_e1ab36671867;src_e275c071d331;src_e77359a112b4;src_e818678be8c0;src_ea723e07821a;src_f1096d55bc87;src_f1f6ba1d1f97;src_f3a4a4ad2b15;src_f4fa56d49a32;src_f5e5dc0427d6;src_f668cdd75351;src_f80172d9a37f;src_f844561cb65f;src_f97f6ebc8fa0;src_fc4fe9e1037e;src_fe8cb323dd18;src_fe97db8a4888,asap,CC BY-NC-SA 4.0;mixed
exp_a0a5dfb14707,Wolfgang Amadeus Mozart,Classical,wrk_0caa93a6d559,wrk_0caa93a6d559,rec_fa2e486b88d2,sources/ACPAS-dataset/subset_S/Mozart/377_CPM_Sonata_No.13_Bb_major_KV_333_1/S_1509_CPM.mid,,data/derived/rendered_audio/fluidsynth-2.5.6-musescore-general-0.2-v1/rec_fa2e486b88d2.wav,sources/ACPAS-dataset/subset_S/Mozart/377_CPM_Sonata_No.13_Bb_major_KV_333_1/S_1509_CPM.mid,data/canonical/alignment_events.csv,,1,331,mid,cpc_canonical_beat,licensed_for_research,complete_movement,,true,true,ready,cmp_a67b3772a3b0,Sonata No.13 Bb major KV 333 1,scv_86c64a78f413,prf_9dc25c4fa697,aln_4ac430bdb277,synthetic_rendering,beat,source_provided_beat_annotations,source_exact,1.00,src_216b8984f2ec;src_338292ea2b2d;src_443c189c5890;src_493ab1d88ea2;src_63e3c0725870;src_6da199cf2667;src_92d675359dc3;src_98e80603d674;src_9e938edf5913;src_a3d63f8287f8;src_a80bc86a4c74;src_c9f7dcd1b92c;src_f90ab056c463,cpc-rendered,MIT;derived audio; source MIDI terms apply; SoundFont MIT;mixed
exp_a128b20de916,Frédéric Chopin,Romantic,wrk_590658643687,wrk_590658643687,rec_c00c00b7e46b,sources/asap-dataset/Chopin/Etudes_op_10/5/midi_score.mid,,data/downloads/maestro-v2.0.0/2017/MIDI-Unprocessed_060_PIANO060_MID--AUDIO-split_07-07-17_Piano-e_2-04_wav--3.wav,sources/asap-dataset/Chopin/Etudes_op_10/5/midi_score.mid,data/canonical/alignment_events.csv,,1,85,mid,cpc_canonical_beat,licensed_for_research,complete_movement,,true,true,ready,cmp_7d2f6be52e06,Etudes op 10 5,scv_1f897d3886e7,prf_2d42820b2336,aln_e9b0cf020588,source_recording,beat,source_provided_beat_annotations,source_exact,1.00,src_00db612c1e67;src_016391a2d541;src_0531103567f4;src_0a71c4bfb3dd;src_0c63cf4e6021;src_12dd99d9bfb4;src_18ab38722591;src_199810568194;src_1bd3dac9f782;src_1e0a01ee6544;src_1e3cbbe43ff4;src_232dab05ccaa;src_26018b560551;src_297db7db6189;src_2b734de8f347;src_2ca64b01fea2;src_3167dbf33f62;src_31ca865c1f9d;src_31dda7803c19;src_335f2e0092cd;src_3447a13e615b;src_3540d4116fe0;src_3559db261ae6;src_39877a694b09;src_3c3cd5c26c55;src_4314bc5a9d0e;src_43c811bc6b66;src_48061130be7c;src_498795dc6265;src_49fb40df4df3;src_4ad22cd79306;src_4af2fe0c433b;src_4e0a4b249446;src_4e4034bcd83f;src_58d4337b7e35;src_58e65358909a;src_607661c24cf6;src_6b1d7208f671;src_6bfacaeeb1a9;src_6c17ce88812a;src_6d6107667264;src_70f734cecfee;src_717b6e9ff03d;src_76563cbd3685;src_7989b733773f;src_7cac67088abf;src_7d7a761ee267;src_8094f8b9c368;src_8c9be3651e98;src_8e4a49dfc95f;src_8e802d82e3e0;src_8f1dbaa28e45;src_90f7957299c3;src_93685fc33969;src_97323ab49f10;src_97a3a15cfdfb;src_9a9707006036;src_9c9d693b8f16;src_9e3bec9c1d11;src_9eda8d1736d0;src_a10b88401d3d;src_a13fe30418af;src_a2cdeef73aa6;src_a384b18d00e0;src_a78c1c98d156;src_a88bf7f060a4;src_a8a2be9ebcc7;src_aa8463bb51c2;src_ab959fda6a08;src_adc6176d8993;src_ae42120f2d2f;src_ae9fcec5c418;src_af3230175615;src_b2200e8cf987;src_b26a84bfee3d;src_b26d76f6f426;src_b2b0fc5e9bbc;src_b3989a3a48e8;src_b5c0e86669c3;src_b6a17f0cf54d;src_baaf6792d37a;src_bb136cdbb342;src_bdd2644f7c10;src_bfae28a7155e;src_c65e5f786a91;src_cea13e81b04c;src_ced6e3304e60;src_cf92bfbd2873;src_d420e5920efb;src_d47199a94a28;src_d49080234f4d;src_d6bd7c93dc0b;src_d778ed40cfe2;src_d7e9cac8f651;src_d8f878b15a9e;src_deb236738264;src_e0972a4f5417;src_e4024ac7a00f;src_e68f2b59c2af;src_e6c2ab2d9011;src_e7853fd36b42;src_e7b95fe0f476;src_f0af5a2ff97f;src_f10acf159b84;src_f8131d3d76d9;src_f9db4a50c897;src_fe2c1c23731a,asap,CC BY-NC-SA 4.0;mixed
exp_a2b471ac1472,Wolfgang Amadeus Mozart,Classical,wrk_f2fd7348d34e,wrk_f2fd7348d34e,rec_b2249f244493,sources/ACPAS-dataset/subset_S/Mozart/376_ASAP_Piano_Sonatas_12-3/ASAP_12-3.mid,,data/derived/rendered_audio/fluidsynth-2.5.6-musescore-general-0.2-v1/rec_b2249f244493.wav,sources/ACPAS-dataset/subset_S/Mozart/376_ASAP_Piano_Sonatas_12-3/ASAP_12-3.mid,data/canonical/alignment_events.csv,,1,245,mid,cpc_canonical_beat,licensed_for_research,complete_movement,,true,true,ready,cmp_ef443eed1fe6,Piano Sonatas 12-3,scv_2a284f591bd2,prf_e5b822aed11e,aln_9454e7a768b4,synthetic_rendering,beat,source_provided_beat_annotations,source_exact,1.00,src_00892c94453f;src_05fce6a1c094;src_082f5c6bf2e8;src_08e0bebe976d;src_0c55f3b2d324;src_0c57b0064acd;src_0cc8ec2a9729;src_0d77f89abc0e;src_0fd8d55cd61b;src_15c2c8e7aaaf;src_18c259203e28;src_230b83e7eb73;src_253ba719c792;src_28a2fbdb48e0;src_2d4c3f088c38;src_3a55a4800637;src_3c03b156384f;src_3d278fa1649d;src_3ea8f3df8a60;src_4381359fce9a;src_482a35184ba3;src_503c2db2ad29;src_510e5a6ab9ae;src_57f12b8cee90;src_63b49285a011;src_6517247c666e;src_68750706644c;src_6914081268ab;src_6944674d32bd;src_697613977243;src_6da7d92c3af7;src_7175e59affda;src_723a743b598e;src_73f40f01bd0a;src_76196252854b;src_791e601a8fbb;src_7c64b7722edc;src_7dc1d307f632;src_7ff9adc224ec;src_80a9c89b82ab;src_85955f07b57b;src_89a8148f121a;src_8ca3d224d6b1;src_8f4d84f70757;src_9160550b7c11;src_983129b28bef;src_98e80603d674;src_9c53262fd73d;src_a54e9255e601;src_a80bc86a4c74;src_ad95a65e4d1d;src_bc24ebd953f3;src_bc6797f5e8e6;src_c0c40c6aa029;src_c499401e65d4;src_c6d1c330ce90;src_c90c4af85197;src_d31196f2b412;src_d75b18bee77a;src_d9d40eb428b4;src_db2d4752bd56;src_e5bbb70b5783;src_e7744dfeddfd;src_f30700d5fdeb;src_f34d0412381b;src_f93243e72c48;src_fcae82b0b106,cpc-rendered,CC BY-NC-SA 4.0;CC BY-NC-SA 4.0; non-commercial research and education;MIT;derived audio; source MIDI terms apply; SoundFont MIT;mixed
exp_a34d36848179,Wolfgang Amadeus Mozart,Classical,wrk_73de062f35d4,wrk_73de062f35d4,rec_47d8629a2793,sources/ACPAS-dataset/subset_S/Mozart/378_CPM_Sonata_No.13_Bb_major_KV_333_2/S_151_A_MAPS_mz_333_2_AkPnCGdD.mid,,data/derived/rendered_audio/fluidsynth-2.5.6-musescore-general-0.2-v1/rec_47d8629a2793.wav,sources/ACPAS-dataset/subset_S/Mozart/378_CPM_Sonata_No.13_Bb_major_KV_333_2/S_151_A_MAPS_mz_333_2_AkPnCGdD.mid,data/canonical/alignment_events.csv,,1,164,mid,cpc_canonical_beat,licensed_for_research,complete_movement,,true,true,ready,cmp_0054edb621f3,Sonata No.13 Bb major KV 333 2,scv_9921c787c684,prf_6709dd5523b6,aln_6e9af4131bd5,synthetic_rendering,beat,source_provided_beat_annotations,source_exact,1.00,src_09ddae2f4214;src_0dd84cbd9470;src_23293e7b2772;src_26569807521e;src_373f19153118;src_59a002431968;src_68ef5b1f10a1;src_7146a6dc3dc9;src_8f56db2f60be;src_96cc09019a17;src_97388f0a409c;src_97755e45af75;src_98e80603d674;src_9df9ce16b33a;src_a5fc5a02e081;src_a80bc86a4c74;src_b89eec102a12;src_b90d70844fe1;src_c946c8405561;src_cd938bbe80d0;src_d6c71f0b4dba;src_d89e69abbceb;src_e11796bfecb0;src_f611bc3f7b9b;src_fe2f891c9f6b,cpc-rendered,MIT;derived audio; source MIDI terms apply; SoundFont MIT;mixed
exp_a440dedd3657,Frédéric Chopin,Romantic,wrk_d063227c64a5,wrk_d063227c64a5,rec_c01398cd8373,sources/asap-dataset/Chopin/Ballades/3/xml_score.musicxml,sources/asap-dataset/Chopin/Ballades/3/xml_score.musicxml,data/downloads/maestro-v2.0.0/2011/MIDI-Unprocessed_10_R2_2011_MID--AUDIO_R2-D3_11_Track11_wav.wav,,data/canonical/alignment_events.csv,,1,241,musicxml,cpc_canonical_beat,licensed_for_research,complete_movement,,true,true,ready,cmp_b5bd959b8877,Ballades 3,scv_7153facf1f55,prf_b888b86ed248,aln_d50880aee938,source_recording,beat,source_provided_beat_annotations,source_exact,1.00,src_065e9c56695a;src_1073689150e2;src_10d56ec3bc77;src_133055bf6364;src_158a63df500f;src_19437e73bc32;src_2820a9213631;src_2af943d8837a;src_2ce1cdf6e396;src_31266a63460d;src_387412a91a30;src_3c9ad4284eb4;src_444e0e63f6d1;src_4496d91d2eea;src_5a8514cc59b9;src_5bb8f0ce01fa;src_5c66f8907bbd;src_605e420b0472;src_628d385e38b6;src_644ea73b7272;src_6dd7b2a3e7b6;src_765b41b69c48;src_7863d53eea0e;src_81d9326f4766;src_83fdb84b632e;src_88c1bd88ff60;src_8a699858304f;src_93ae853c0f59;src_959620c7ba78;src_9b150d9ad572;src_9b7a7e350374;src_9ed68bc6a75a;src_a838f44c921f;src_aa162072bd45;src_ac119bb5cc60;src_ac3c1d03590a;src_bb3b525a2595;src_c13304585863;src_c733c042d1e2;src_cadac4363167;src_e50db01be713;src_e604c879c4fc;src_eddbb2b42fef;src_fd2d145a49c7,asap,CC BY-NC-SA 4.0;mixed
exp_a72221522c2e,Frédéric Chopin,Romantic,wrk_977621526cb9,wrk_977621526cb9,rec_4347dae94f4e,sources/asap-dataset/Chopin/Sonata_3/4th/xml_score.musicxml,sources/asap-dataset/Chopin/Sonata_3/4th/xml_score.musicxml,data/downloads/maestro-v2.0.0/2018/MIDI-Unprocessed_Chamber5_MID--AUDIO_18_R3_2018_wav--1.wav,,data/canonical/alignment_events.csv,,1,286,musicxml,cpc_canonical_beat,licensed_for_research,complete_movement,,true,true,ready,cmp_ad2d73a6c8e0,Sonata 3 4th,scv_b4acb03c45a8,prf_f5fa5e2fc8d7,aln_d31476da221f,source_recording,beat,source_provided_beat_annotations,source_exact,1.00,src_006c56253de2;src_0179a749c1dc;src_07e56d949e9a;src_09decb1ac376;src_0adec1bcb2f8;src_10e06369e879;src_12c602448eac;src_13f67ae21817;src_1783038a33c0;src_188d86305574;src_19e4e6a305d0;src_2637de13414a;src_279d8e0bba65;src_295e700ebb02;src_2961b10df106;src_30716013ec01;src_3206fc9e6260;src_332c95d16cd2;src_35cf7d2e2fe4;src_399a2d08f9bf;src_3a2d961fc032;src_3d7138a2887d;src_4226b057d30a;src_428710d0c9cd;src_478498fd9b92;src_48cd816945d4;src_508a8dc9d5d9;src_5498e68a2b0d;src_56be4d64a3ac;src_5e9601360482;src_617e2e8b080f;src_622ecbf6104a;src_6299ae875f8d;src_66bca615e309;src_6706ce9dd961;src_692430b72c53;src_710dc3e353f6;src_729997aa9073;src_733731fb1e61;src_747148fdbed5;src_7de8d840ea73;src_8902ecb6a480;src_8c45d2c7203a;src_8c9d4b131a41;src_8cb96a6a58e8;src_8fc64398536a;src_9054c9387617;src_91bd7e5b7e82;src_97038faf5131;src_98fd81e41937;src_9964934e1ee0;src_9c1612d701fd;src_9ca5ee45b1e7;src_9f807f3c0949;src_a3202d03ce47;src_a4810edd63de;src_a9e813735536;src_aad1b942484c;src_b17f4d5028da;src_b180524daf99;src_b1edc756dd94;src_b8d4e0cd8382;src_b92691da02c0;src_bce9da75b95f;src_be69217ff820;src_c0af783563b7;src_c21e8724a454;src_c2bef5820c05;src_c336e9fb7426;src_c48624a6065a;src_c98a41bd67ab;src_ca743fc9a5d7;src_ca9cadbef585;src_cc1cea86a83f;src_ccf3056dded5;src_cdd0445f31f2;src_d0e61f79529b;src_d21d694925a4;src_d35044fcce1a;src_d56428287429;src_d97c3d8c9846;src_d9e3f9c8fd3d;src_dbefafd59e08;src_de1b6bde0404;src_e1420b432246;src_e466070ae6bf;src_e53cac3818a4;src_eabc6574b5c3;src_eb9df4e27fd3;src_ebe33ba29268;src_eea3d66aced8;src_eeb49c4e0a71;src_efd1cb02d9e5;src_f4c2a4c31b1f;src_f6b78a2b20e9;src_f7565902f4ed;src_f771ef389149;src_f7c5285f8f2c;src_f8dd54153991;src_fd60547df1ed,asap,CC BY-NC-SA 4.0;mixed
exp_a72fb196cd38,Wolfgang Amadeus Mozart,Classical,wrk_16208b873f55,wrk_16208b873f55,rec_c635dd1d34bb,sources/ACPAS-dataset/subset_S/Mozart/386_ASAP_Piano_Sonatas_8-1/ASAP_8-1.mid,,data/derived/rendered_audio/fluidsynth-2.5.6-musescore-general-0.2-v1/rec_c635dd1d34bb.wav,sources/ACPAS-dataset/subset_S/Mozart/386_ASAP_Piano_Sonatas_8-1/ASAP_8-1.mid,data/canonical/alignment_events.csv,,1,133,mid,cpc_canonical_beat,licensed_for_research,complete_movement,,true,true,ready,cmp_fef1cb83d033,Piano Sonatas 8-1,scv_e800c11bc3c7,prf_ad010c5db450,aln_b66c6ea27150,synthetic_rendering,beat,source_provided_beat_annotations,source_exact,1.00,src_00a034d80378;src_02351c287cce;src_0959f7f0c921;src_0c5b459f3713;src_120b85d303a3;src_12ac25a9c7d0;src_133fdd89d752;src_1495fd782897;src_1736c0a3ec30;src_1bfba426e3b5;src_1f601191f854;src_20272ab6e36a;src_2030b845ba85;src_2309bfc3c6e7;src_266b4a8f2871;src_2801af45cdb9;src_311cc910ec9c;src_35dc9a227b9d;src_37bb36627b0a;src_38b76ad6d621;src_39888cae09c0;src_3bb556ce074c;src_4335e7ba518b;src_455287f24eaa;src_46ea18ccd982;src_479d2731f25a;src_4974f6228fc1;src_4bb84f052046;src_5382eb64bc78;src_55b5558dc332;src_5dc6eea1d153;src_6e4e2af83481;src_70c832462968;src_76d67f0ab033;src_8146ea358c72;src_8636358d19c6;src_901fd94d7cbe;src_93a7d93d653b;src_958e85443ca9;src_98e80603d674;src_a5055e4ad044;src_a52f8efce7e9;src_a80bc86a4c74;src_abdb8cb63de8;src_adaecf4c039d;src_ceafeec6e80b;src_d5ecb237c645;src_d70d4ac7f1d1;src_d9d6678516c9;src_da251a703348;src_ddb68c27212e;src_e64c5f847c93;src_f170e550391c;src_f772fe35a149,cpc-rendered,CC BY-NC-SA 4.0;MIT;derived audio; source MIDI terms apply; SoundFont MIT;mixed
exp_a8f416e0a491,Frédéric Chopin,Romantic,wrk_c75095618219,wrk_c75095618219,rec_2ee75ebfc2f1,sources/asap-dataset/Chopin/Ballades/1/midi_score.mid,,data/downloads/maestro-v2.0.0/2011/MIDI-Unprocessed_18_R1_2011_MID--AUDIO_R1-D7_10_Track10_wav.wav,sources/asap-dataset/Chopin/Ballades/1/midi_score.mid,data/canonical/alignment_events.csv,,1,264,mid,cpc_canonical_beat,licensed_for_research,complete_movement,,true,true,ready,cmp_1cb3d72ba143,Ballades 1,scv_59b6f3605ed2,prf_7147d655ff1e,aln_c87f95b0d28f,source_recording,beat,source_provided_beat_annotations,source_exact,1.00,src_009b10f4f596;src_025991459456;src_05103d14abdc;src_0537b489083e;src_0543b0a7170d;src_0562ff5c5942;src_07ca589fb032;src_0899f3238bb5;src_09162744e255;src_0c02bba966a8;src_0d24cec54883;src_0db7b3124811;src_0e0af0bf184d;src_0e78d9da8c2b;src_118e6a773bae;src_168b4d75315e;src_16a155eaaaea;src_16e7444e4b6d;src_186a1d293b71;src_18b56ee1d27b;src_19da3ee76006;src_1af871e60756;src_1c529d6d6933;src_1d8e086581cb;src_1e74f087d54c;src_1e8341c7cfba;src_205e4a5d014d;src_20f529f8c338;src_227253a3e9e3;src_232354cc6f64;src_2556c91e67bb;src_26df00d01433;src_278111129341;src_2856952fafae;src_285bcb9fc89c;src_2932604d20af;src_2c5eb7f512b1;src_2c619f16abbd;src_2d6a741f6477;src_2e30a7f88ce3;src_2fdb9ea6290f;src_3013241dd9ab;src_31102c63604d;src_32fab4fdab3d;src_3555be65c0c8;src_35f7e4cc286d;src_3637acc220a8;src_3887eb116906;src_391fa557268a;src_3935eb6b5e85;src_394e6c46ed33;src_3a706206642a;src_3d5fe4b447a6;src_3e2b019eaae7;src_3f05ef317091;src_400400ef93b2;src_409725e2885a;src_42c63833086f;src_44091181db60;src_450ac44a1afb;src_4625c2abe13e;src_466a3b9009d4;src_4a6cf1ef5775;src_4c964809a4cb;src_4fc8888dcabe;src_5381ae42774a;src_567c4f4d2f5f;src_5718fe509e3a;src_5775ac0deecb;src_5bca46f475f0;src_5cea08b1dc47;src_5d29af041b88;src_5d2cea2421fa;src_5e478dfb9bee;src_5f20b3796ca5;src_5f4fbde05558;src_6130370e4067;src_66211965846c;src_67e8ff96c842;src_68ad5c7ba690;src_6b6b5b1294f3;src_6beb77c14d93;src_6cc0ec48f7d9;src_72823405bc7c;src_72ff9b8c52f9;src_73db15e2333b;src_761c11a5cc26;src_77cfdc3dbadd;src_78ac78965e75;src_78d1104d8494;src_7b0b94ab2c82;src_7ce54bea1fe3;src_7eef51ec8789;src_7fa60a7cae54;src_811a68571301;src_81b21be2fb27;src_83da6a346aa5;src_85f712b805f1;src_8610d4de1caf;src_88a95b186042;src_895524a2c8ef;src_8a9dbde686aa;src_8c2f645399c3;src_8c400de06eec;src_8dcad0534646;src_8e58892a03f4;src_900072a16c0b;src_92ff6bec8701;src_93679dd5fbe4;src_93a5c187e704;src_93b8640c1d91;src_96f45b86cf01;src_9802a5ced74b;src_98bb7a204dda;src_9b8b647390e9;src_9cf6edfaffec;src_9e7230249b16;src_a00f3bd77638;src_a15f1743ddf6;src_a187242d3308;src_a22b47aea52d;src_a41975d22736;src_a575bdbd879d;src_a5977da214ca;src_a5a3fa7b163f;src_a5b5c46e8b10;src_a6bf2b6f0896;src_a8a472ed12f1;src_a9112c31f7c1;src_ac213eb5c4f6;src_ad12faf3ca99;src_ad1b5050d62f;src_aec3e3168276;src_af0becf41bb2;src_af9572bacc7a;src_afdbff0c7d10;src_b29e8cbde524;src_b440088a9d1a;src_b47f5d9aa0fa;src_b4df0b99b753;src_b5c862f30733;src_b6d6bbac6a5d;src_b7e825387ad1;src_b868ad6a7f56;src_bb5e3260cca7;src_c1541bdc410b;src_c1be2165efad;src_c2efb88085b2;src_c4599ac33e36;src_c5c87f6732ae;src_c797f95ffb13;src_c7c38fa1b3b5;src_c8332657f7ec;src_c8d3460d463e;src_c972e7f7e3b3;src_c97f3f0a8b7f;src_cc4f52829c03;src_cd061e352eff;src_cf722bb50cc1;src_d612a3fedb12;src_d80f2e35380c;src_db4d9db670a1;src_db9d4e860748;src_dbc6f5b5db4b;src_dbdff94727a5;src_dbe936e212df;src_dcc985e5315e;src_e0603351c6ab;src_e1142ef6c426;src_e44686bac85c;src_e52e9e9102e9;src_e68eb8c3743b;src_e6eb7df6b513;src_e70179ca2d41;src_e735d1e325cc;src_ea6de5969434;src_ea733840b86c;src_ed8742cba477;src_effa7253ff9c;src_f3a950fc8de8;src_f400741011c6;src_f5119b4108c8;src_f76a93df4c0c;src_f8cc65b8c40e;src_f96d868cb16e;src_f99b8c58bacd;src_fa28683b9736;src_fb8242c01209;src_fdce6fa4ee7c;src_fe1268e0a59c;src_ff0978c3468a,asap,CC BY-NC-SA 4.0;mixed
exp_ac51abf7ce1a,Frédéric Chopin,Romantic,wrk_722d28e8b59c,wrk_722d28e8b59c,rec_bca717eb7072,sources/asap-dataset/Chopin/Etudes_op_25/12/xml_score.musicxml,sources/asap-dataset/Chopin/Etudes_op_25/12/xml_score.musicxml,data/downloads/maestro-v2.0.0/2015/MIDI-Unprocessed_R1_D2-13-20_mid--AUDIO-from_mp3_14_R1_2015_wav--4.wav,,data/canonical/alignment_events.csv,,1,83,musicxml,cpc_canonical_beat,licensed_for_research,complete_movement,,true,true,ready,cmp_37866f5ade57,Etudes op 25 12,scv_f6b36e9722d1,prf_b876a3732ffb,aln_ab5adcaeca1f,source_recording,beat,source_provided_beat_annotations,source_exact,1.00,src_014c78158b56;src_0161f9dd4145;src_038a2de9939f;src_03dcb6d86f9c;src_052359be7470;src_0eed46111903;src_0fd33e89cb6d;src_14cd8413fad9;src_18b4a1dd9605;src_211b4339eb3f;src_21d0d63f2d5a;src_2cad9a413281;src_39db6e587d47;src_3b5b7259e752;src_3bb45ca23156;src_405c5b74f7fc;src_43444693f9d8;src_459bfd4c6009;src_4a3657fbf079;src_4a3dcb9430ec;src_4e62c22fa679;src_4ece4110db4c;src_4ff068a80883;src_505d5b6eb698;src_50aa5f84051b;src_50cc45b652db;src_529e0c898a8d;src_52f92c1d5177;src_532bf85c7fd2;src_5583a3afdac0;src_57947ac7c9c6;src_58fe9a6cd661;src_5952053b9ee2;src_5cd8e24af707;src_61cc9f00fa20;src_61d5f5d6b518;src_62d66fb785fa;src_66b73ae17d06;src_6db3691369ef;src_6e828d26039c;src_73afabf5ff67;src_77b79288df22;src_7c2c2a9f2ec1;src_7f65907bb843;src_833bb0b18095;src_8571fa07bb9d;src_8af3cc25c713;src_8ca6a463c931;src_90a4f691f60b;src_913113193336;src_94ec052f4002;src_9a846f712c78;src_9e6adfcc88a5;src_a3c2737216d5;src_a734595377a9;src_b12c40f4b1af;src_b41c7b326c6e;src_b5bccc2edbfa;src_b72025b36b3e;src_bb19b28f02a7;src_bbcac8f64c90;src_bbd03239baef;src_bdde62215181;src_be1c43aaa668;src_c0ae834efca8;src_c1092ad98af8;src_c19849f301bc;src_c42ea75e60b4;src_c49c3e053ad3;src_c74a15c3c488;src_c8fce56d1be5;src_ca4191d61282;src_ca6480797740;src_cb7588284fe6;src_cda56a71d6df;src_ce86414abaa4;src_cf146fca6902;src_cfef437f043d;src_d5baf6912418;src_dde58fc98fd1;src_e081693baa71;src_e36c54646dda;src_e40046747627;src_e56ba4646ca6;src_e6946cb6e8fc;src_e6e11f746319;src_eb0d8cb05fb1;src_f01b2c2a8ef9;src_f7c806cd753f;src_fba373c1326e;src_fdd01a91b29a;src_fef93cb9100d;src_ffc019d506c8,asap,CC BY-NC-SA 4.0;mixed
exp_afdb5a9ba675,Wolfgang Amadeus Mozart,Classical,wrk_05c063078bee,wrk_05c063078bee,rec_836972989062,"data/downloads/pianocore/1.0/refined/Mozart,_Wolfgang_Amadeus/Piano_Sonata_No.6_in_D_major,_K.284_""Dürnitz""/1._Allegro/score_ATEPP_mini_refined.mid",,data/derived/rendered_audio/pianocore-1.0-a-star-mozart-fluidsynth-2.5.6-v1/rec_836972989062.wav,"data/downloads/pianocore/1.0/refined/Mozart,_Wolfgang_Amadeus/Piano_Sonata_No.6_in_D_major,_K.284_""Dürnitz""/1._Allegro/score_ATEPP_mini_refined.mid",data/canonical/alignment_notes.csv,,1,127,mid,cpc_canonical_note,licensed_for_research,complete_movement,,true,true,ready,cmp_f9b5a43b7207,"Piano Sonata No.6 in D major, K.284 ""Dürnitz"": 1. Allegro",scv_eb3efafdb279,prf_def88af00713,aln_f2ad9b345077,synthetic_rendering,note,pianocore_rascop_refined,pianocore_a_star,0.9831,src_00832c9304db;src_026d162bb39d;src_02ca3f72d1ed;src_02d16c65d3af;src_046f5730823a;src_05b1befde24a;src_0c605f718b94;src_0db2cebc8a78;src_0f5d47ac1f10;src_10b726f1d84c;src_112295cde123;src_13a1a375458d;src_141575757654;src_14531a021f4b;src_1710685b9ab6;src_189cc9ef44b2;src_1995530e35ac;src_1a8fc392dde3;src_1adcdf1531d7;src_1b26d33349dd;src_1c1bd51b6ea2;src_1d4d8381a22a;src_1d95ecdde20b;src_1e2ecce59c32;src_1e50fc2e390b;src_1e748bb14f52;src_1f6ee3c83d35;src_21d94730384b;src_22c9990cb0fc;src_231317b18fb1;src_24db7c2b466d;src_2529f9753806;src_268d212a1e62;src_29646b256ae7;src_2c47a80a7732;src_2ec931fca4a7;src_2f1891885054;src_2fdbdcc315db;src_32aa790e9839;src_32ff8a992e75;src_398376feb4da;src_3be37747cad2;src_3f6269fdc60c;src_40459d992baf;src_40c73a581794;src_4217bf09e5d8;src_4223b5e8bb25;src_43031ca90725;src_43a17cd077c7;src_44989c577d12;src_44bb4b6f0a58;src_4ba3d7e23bd1;src_506c61af0ced;src_57b8ec0d0780;src_59d6320cdac0;src_5b0f83154758;src_5ca990726722;src_5cd69fda4281;src_5ce36836b443;src_5d1e67bb7983;src_5d7295804e4b;src_5f5f2a352951;src_60a0b7b858c7;src_626c8aba9ba9;src_65a455672530;src_67da43dffc49;src_683255c99d53;src_689855a3ab38;src_68d68becf3da;src_69e8b88c3d5a;src_6aa7a7d2d53a;src_6ce7691c6008;src_6ceecb6e0d82;src_6d1e27bce4bb;src_7129becf59c3;src_74120311a68b;src_74728e996477;src_751a30b0d2b9;src_782e229abdcc;src_78f287c5ba8b;src_7b9c83ac32e8;src_7fb4af764ce1;src_820a28dfb899;src_825e2071e18f;src_827de4d90d76;src_8356fec59b81;src_83f28ebeeede;src_86e4221f3227;src_898b758016bf;src_89a84b0984ce;src_8b4b63f36f00;src_8f8a0b7788f1;src_8fc872aee7e4;src_917c5c02f110;src_924db425efad;src_9485468833d7;src_948af3da8c1e;src_966a9c123aa4;src_96b1d114b8f5;src_96c1908e7ebb;src_996403cda1ae;src_9a150d720b37;src_9a390aa2bd49;src_9b703082262d;src_9cab4f15e867;src_9ec64fc7513a;src_a5424a354248;src_a6b72e02186f;src_a80bc86a4c74;src_a92a09459c97;src_a9c29451f05c;src_aaa9d3053026;src_ac7c11452e02;src_acc7dcb4ee8a;src_ad63e3c8dfd5;src_ae53d9afc2a4;src_af3a819971e2;src_b29b50012559;src_b4fadceb2cdb;src_b5ff7b67751d;src_b6607c4c52fb;src_b70f550f6311;src_b8b788686f9b;src_bc9a8b60a5d8;src_be0064366c1b;src_c1985ed38211;src_c1b78b03b42d;src_c2b6635a8566;src_c3c3f198e9dc;src_c7e7e69ae948;src_c99867c08461;src_cab95750dd97;src_cad06f2ff651;src_cb06202bd264;src_cbb4b02410a3;src_cbf90bcb9228;src_cc944839fe48;src_cf4a56119186;src_cfc853c26b04;src_d04c2f8ece8f;src_d1bc0ce65fff;src_d557cfd03211;src_dad2c029f49c;src_df559b7532af;src_e4a636ea6117;src_e5a7e3a542be;src_e62811a3bd40;src_eb1e42e7f069;src_eb9c8dee388d;src_ec3a02d8cfdd;src_ec9d66cccdd0;src_ed5977f6b30c;src_ed6df3239bc9;src_ee107b003320;src_ef20e074e4b2;src_eff0c4c39a18;src_f18e534e91c7;src_f2954d342f92;src_f313ce63878f;src_f32367aa9350;src_f8f77b15dd53;src_f9a72fcb9f20;src_fa278ca3cd80;src_ff812d56d293,Aria-MIDI,CC BY-NC-SA 4.0; non-commercial research and education;MIT;derived audio; source MIDI terms apply; SoundFont MIT
exp_affbcf54fc43,Wolfgang Amadeus Mozart,Classical,wrk_f1aa6de79926,wrk_f1aa6de79926,rec_8ae6f04d46b2,"data/downloads/pianocore/1.0/refined/Mozart,_Wolfgang_Amadeus/Fantasia_in_C_minor,_K.475/score_ASAP_refined.mid",,data/downloads/maestro-v2.0.0/2006/MIDI-Unprocessed_07_R1_2006_01-04_ORIG_MID--AUDIO_07_R1_2006_02_Track02_wav.wav,"data/downloads/pianocore/1.0/refined/Mozart,_Wolfgang_Amadeus/Fantasia_in_C_minor,_K.475/score_ASAP_refined.mid",data/canonical/alignment_notes.csv,,1,192,mid,cpc_canonical_note,licensed_for_research,complete_movement,,true,true,ready,cmp_7e0267a3eef2,Fantasie 475,scv_08736e8076e7,prf_15dfb379c161,aln_c07bf7dd7511,source_recording,note,pianocore_rascop_refined,pianocore_a_star,0.9679,src_13c93634ed9a;src_14f5d4f52566;src_160a940079d9;src_1a8ff7231fb7;src_22d0ec95fd3d;src_279fd91223da;src_2b5e4ae504b8;src_2bf31afde6df;src_2c705541bde3;src_3eccd7e95db3;src_444420052abc;src_47408935e583;src_4bfb57645b76;src_60383a4042c5;src_6fb6a2d13d96;src_75010ae66974;src_79f2ff293c6a;src_89081fc60e54;src_8bd00815149f;src_8bda8da01c2a;src_a5b38292ea91;src_a5ec05b28b35;src_ad90704af859;src_b6164e9c88ce;src_b7de61ee675b;src_bc1ed3940b25;src_bc80330f856a;src_bed7b5bbaebf;src_c4b4c3e851c9;src_d6b361eef0e7;src_ea8118a3d675;src_fdd68fd8dc05,ASAP,CC BY-NC-SA 4.0;CC BY-NC-SA 4.0; non-commercial research and education;derived audio; source MIDI terms apply; SoundFont MIT;mixed
exp_b32cb6f27343,Frédéric Chopin,Romantic,wrk_590658643687,wrk_590658643687,rec_bb7cd5de8626,sources/asap-dataset/Chopin/Etudes_op_10/5/midi_score.mid,,data/downloads/maestro-v2.0.0/2017/MIDI-Unprocessed_062_PIANO062_MID--AUDIO-split_07-07-17_Piano-e_2-07_wav--3.wav,sources/asap-dataset/Chopin/Etudes_op_10/5/midi_score.mid,data/canonical/alignment_events.csv,,1,85,mid,cpc_canonical_beat,licensed_for_research,complete_movement,,true,true,ready,cmp_7d2f6be52e06,Etudes op 10 5,scv_1f897d3886e7,prf_b08f77a105ff,aln_e41521ed09d1,source_recording,beat,source_provided_beat_annotations,source_exact,1.00,src_00db612c1e67;src_016391a2d541;src_0531103567f4;src_0a71c4bfb3dd;src_0c63cf4e6021;src_12dd99d9bfb4;src_18ab38722591;src_199810568194;src_1bd3dac9f782;src_1e0a01ee6544;src_1e3cbbe43ff4;src_232dab05ccaa;src_26018b560551;src_297db7db6189;src_2b734de8f347;src_2ca64b01fea2;src_3167dbf33f62;src_31ca865c1f9d;src_31dda7803c19;src_335f2e0092cd;src_3447a13e615b;src_3540d4116fe0;src_3559db261ae6;src_39877a694b09;src_3c3cd5c26c55;src_4314bc5a9d0e;src_43c811bc6b66;src_48061130be7c;src_498795dc6265;src_49fb40df4df3;src_4ad22cd79306;src_4af2fe0c433b;src_4e0a4b249446;src_4e4034bcd83f;src_58d4337b7e35;src_58e65358909a;src_607661c24cf6;src_6b1d7208f671;src_6bfacaeeb1a9;src_6c17ce88812a;src_6d6107667264;src_70f734cecfee;src_717b6e9ff03d;src_76563cbd3685;src_7989b733773f;src_7cac67088abf;src_7d7a761ee267;src_8094f8b9c368;src_8c9be3651e98;src_8e4a49dfc95f;src_8e802d82e3e0;src_8f1dbaa28e45;src_90f7957299c3;src_93685fc33969;src_97323ab49f10;src_97a3a15cfdfb;src_9a9707006036;src_9c9d693b8f16;src_9e3bec9c1d11;src_9eda8d1736d0;src_a10b88401d3d;src_a13fe30418af;src_a2cdeef73aa6;src_a384b18d00e0;src_a78c1c98d156;src_a88bf7f060a4;src_a8a2be9ebcc7;src_aa8463bb51c2;src_ab959fda6a08;src_adc6176d8993;src_ae42120f2d2f;src_ae9fcec5c418;src_af3230175615;src_b2200e8cf987;src_b26a84bfee3d;src_b26d76f6f426;src_b2b0fc5e9bbc;src_b3989a3a48e8;src_b5c0e86669c3;src_b6a17f0cf54d;src_baaf6792d37a;src_bb136cdbb342;src_bdd2644f7c10;src_bfae28a7155e;src_c65e5f786a91;src_cea13e81b04c;src_ced6e3304e60;src_cf92bfbd2873;src_d420e5920efb;src_d47199a94a28;src_d49080234f4d;src_d6bd7c93dc0b;src_d778ed40cfe2;src_d7e9cac8f651;src_d8f878b15a9e;src_deb236738264;src_e0972a4f5417;src_e4024ac7a00f;src_e68f2b59c2af;src_e6c2ab2d9011;src_e7853fd36b42;src_e7b95fe0f476;src_f0af5a2ff97f;src_f10acf159b84;src_f8131d3d76d9;src_f9db4a50c897;src_fe2c1c23731a,asap,CC BY-NC-SA 4.0;mixed
exp_b41279d5d2ac,Frédéric Chopin,Romantic,wrk_11485ee63aff,wrk_11485ee63aff,rec_a9fc38cc4dca,sources/asap-dataset/Chopin/Etudes_op_25/5/xml_score.musicxml,sources/asap-dataset/Chopin/Etudes_op_25/5/xml_score.musicxml,data/downloads/maestro-v2.0.0/2008/MIDI-Unprocessed_09_R2_2008_01-05_ORIG_MID--AUDIO_09_R2_2008_wav--2.wav,,data/canonical/alignment_events.csv,,1,139,musicxml,cpc_canonical_beat,licensed_for_research,complete_movement,,true,true,ready,cmp_0bbeffdba454,Etudes op 25 5,scv_2d5c1e721042,prf_2fc08884d80a,aln_a165bf91f529,source_recording,beat,source_provided_beat_annotations,source_exact,1.00,src_0459b56e2a19;src_0a6160706933;src_0c26e3b30ff9;src_0c4957c1a694;src_0cd08a8fc3e4;src_0e9cd856542a;src_0fbdecb8738c;src_10cfe55af62f;src_1510911f1a65;src_1ac94a8c9553;src_24aa27c5c8a2;src_2f1ef5bca735;src_34c2283bad07;src_48c732a1a604;src_53af9cf78019;src_55195ca197d0;src_5b7b66435240;src_5d832f06f3c0;src_61088348e26f;src_64377b963d37;src_6d057bb8c847;src_6f7b411ec195;src_723fa59a471e;src_81d11a22aa6b;src_99a975c7cd84;src_9c28f0f6f703;src_aa75868b233c;src_b1c02f343d7a;src_c455f40400e7;src_d98e75b41dfd,asap,CC BY-NC-SA 4.0;mixed
exp_b53e37c64b52,Frédéric Chopin,Romantic,wrk_7c8a93c28dae,wrk_7c8a93c28dae,rec_bcba8ff75afc,sources/asap-dataset/Chopin/Etudes_op_25/1/midi_score.mid,,data/downloads/maestro-v2.0.0/2017/MIDI-Unprocessed_056_PIANO056_MID--AUDIO-split_07-07-17_Piano-e_1-05_wav--2.wav,sources/asap-dataset/Chopin/Etudes_op_25/1/midi_score.mid,data/canonical/alignment_events.csv,,1,50,mid,cpc_canonical_beat,licensed_for_research,complete_movement,,true,true,ready,cmp_3f53c3033d5f,Etudes op 25 1,scv_ff0a756883d8,prf_7dda9ccfb34c,aln_4c43c0f9b94d,source_recording,beat,source_provided_beat_annotations,source_exact,1.00,src_01ab2e85c531;src_02a27c7ff5d2;src_032fa374450b;src_0b6e2d439038;src_13984b20e23d;src_18d34d662b7a;src_1c83d9a6283d;src_238a7a364c5d;src_2449850a42e2;src_2677433224fa;src_271146b06578;src_28a636084a91;src_295f19fcc0cf;src_330df61039a7;src_3625515aaf3d;src_39d9f5f50e36;src_3a41479b82e6;src_3bac7d344627;src_4acade54b2b7;src_551b1974fc0f;src_5c17c15807b6;src_5d4b590c676c;src_5df5d8cfd483;src_612b194cb569;src_615d9e38c060;src_621a5e054078;src_6382115f872f;src_6836d946fe6c;src_6fe535208bb6;src_7271f108ffa1;src_7abd567484de;src_7cb69c485bdf;src_7e6e8dd834bd;src_83d5b4ce162a;src_851a2d28527a;src_85c621e0af26;src_87ebe077b197;src_88958884d9c9;src_9690e78bdc93;src_a18666ee22e7;src_a36b4928c100;src_a413b8030a4c;src_a45d70bcf29d;src_a798addab407;src_a881a277d38a;src_a8c2aa6e4f3d;src_a9d4e2d75821;src_ae34dd79266e;src_b11aabab6ba2;src_b1362bf38e70;src_b14c47341c76;src_b2148d7f6578;src_c1945a029b74;src_c8542ee8d088;src_caf5862eb95a;src_cb9b4caf3861;src_d4ee33f8de60;src_d728f12a7a69;src_daa0451a9f4c;src_de37c540117c;src_dee1e05255af;src_e664ce643193;src_e7df770b11a0;src_ec583a29ed2c;src_f8134cdef3be;src_f8190f4832bb;src_f8dedaee5a76;src_fb4b53b85e9f;src_fc0fbb553a7c;src_fd9504e6233c;src_fd96085cb946;src_fe0c57127f38,asap,CC BY-NC-SA 4.0;mixed
exp_b5b9b9b3f765,Wolfgang Amadeus Mozart,Classical,wrk_ea0fb259619c,wrk_ea0fb259619c,rec_44917c60c94a,sources/ACPAS-dataset/subset_S/Mozart/374_CPM_Sonata_No.12_F_major_KV_332_1/S_1506_CPM.mid,,data/derived/rendered_audio/fluidsynth-2.5.6-musescore-general-0.2-v1/rec_44917c60c94a.wav,sources/ACPAS-dataset/subset_S/Mozart/374_CPM_Sonata_No.12_F_major_KV_332_1/S_1506_CPM.mid,data/canonical/alignment_events.csv,,1,458,mid,cpc_canonical_beat,licensed_for_research,complete_movement,,true,true,ready,cmp_5a3f42521212,Sonata No.12 F major KV 332 1,scv_43dbf1fe49f9,prf_3ba54a3ddf6b,aln_59254e51281e,synthetic_rendering,beat,source_provided_beat_annotations,source_exact,1.00,src_09a294db134c;src_0e8abe1e4355;src_443c9a4531aa;src_6d0b8acba2b4;src_70357672fe5c;src_8ca3589ea6ff;src_9434822c7b73;src_98e80603d674;src_a80bc86a4c74;src_aa6be8106aa1;src_b52b7f7899e4;src_cb145d1f512f;src_d1bb387bcba1,cpc-rendered,MIT;derived audio; source MIDI terms apply; SoundFont MIT;mixed
exp_b5f52a5c6a71,Wolfgang Amadeus Mozart,Classical,wrk_cc5971a28718,wrk_cc5971a28718,rec_6430e1cd6341,sources/ACPAS-dataset/subset_S/Mozart/384_CPM_Sonata_No.17_Bb_major_KV_570_2/S_1516_CPM.mid,,data/derived/rendered_audio/fluidsynth-2.5.6-musescore-general-0.2-v1/rec_6430e1cd6341.wav,sources/ACPAS-dataset/subset_S/Mozart/384_CPM_Sonata_No.17_Bb_major_KV_570_2/S_1516_CPM.mid,data/canonical/alignment_events.csv,,1,87,mid,cpc_canonical_beat,licensed_for_research,complete_movement,,true,true,ready,cmp_d0d255a95119,Sonata No.17 Bb major KV 570 2,scv_93f34c41430f,prf_c029bd9efa6f,aln_b00be49d0019,synthetic_rendering,beat,source_provided_beat_annotations,source_exact,1.00,src_204dbfbd42db;src_74115d850c14;src_8502caa44bcf;src_858491d93ea2;src_98e80603d674;src_a6d80f928eec;src_a80bc86a4c74,cpc-rendered,MIT;derived audio; source MIDI terms apply; SoundFont MIT;mixed
exp_b680dad642d9,Frédéric Chopin,Romantic,wrk_cc42b6bacfae,wrk_cc42b6bacfae,rec_e821b9a40beb,sources/asap-dataset/Chopin/Ballades/2/xml_score.musicxml,sources/asap-dataset/Chopin/Ballades/2/xml_score.musicxml,data/downloads/maestro-v2.0.0/2008/MIDI-Unprocessed_02_R3_2008_01-03_ORIG_MID--AUDIO_02_R3_2008_wav--2.wav,,data/canonical/alignment_events.csv,,1,204,musicxml,cpc_canonical_beat,licensed_for_research,complete_movement,,true,true,ready,cmp_bb516492de95,Ballades 2,scv_3eaa2e2c4410,prf_74c3b6b3cb36,aln_5a169c2f77e1,source_recording,beat,source_provided_beat_annotations,source_exact,1.00,src_021bf12b4129;src_0580acf2f2ad;src_08ee7b517c52;src_0a122be5e54d;src_0e349eb6b8b9;src_18a67195d3bc;src_193369e81e6a;src_1a65d678022d;src_1f90c4e9dd2f;src_22daaa3576cf;src_24a60d219d47;src_25d288f1575f;src_26a8346c5e34;src_28ea814d375d;src_2f4fb4aa0db3;src_314a3d49c9b0;src_317294a4f226;src_3191c768dc54;src_3480f870684c;src_45fd1aa5deae;src_49e8021a89cc;src_4f2bb44e5ce9;src_5a3bd4471b25;src_5b68322a8fd5;src_61837c612605;src_6bd3dd63c5e3;src_700ce1b1a046;src_72a8c59b9637;src_72c5d9879866;src_7656f324e9e9;src_7e93b9592f2e;src_82c57ec3dab3;src_85214c7dcbe3;src_92968eaec006;src_92f121b05b4a;src_9ed3badd65a3;src_aa418d0d1838;src_ad32e396608e;src_ae4a2096b884;src_b0ff64071645;src_b1faf3d013d4;src_b2f4b7d0a923;src_b4c99ee3beb4;src_ba999137a83c;src_bce72d5b2e35;src_c82ea8f39917;src_c92c84b3d680;src_c9761b842e65;src_c9e6e1d459d0;src_cebf7fa9ff57;src_d32c3c505085;src_d3631dc7ff42;src_d5f9ee84cd5a;src_d6526b1eaeed;src_da18876564a5;src_dbe7b38ca9a2;src_de72a04699ba;src_e02c1806f543;src_e0ff6964b851;src_e11d377250ed;src_ed283a1ed765;src_ef80da2ac841;src_f052eaf3b2bd;src_f117f0639495;src_f41a5c90415c,asap,CC BY-NC-SA 4.0;mixed
exp_b8d420c8b3fa,Frédéric Chopin,Romantic,wrk_54dc7532c8f1,wrk_54dc7532c8f1,rec_de58678ceeee,sources/asap-dataset/Chopin/Scherzos/39/xml_score.musicxml,sources/asap-dataset/Chopin/Scherzos/39/xml_score.musicxml,data/downloads/maestro-v2.0.0/2006/MIDI-Unprocessed_01_R1_2006_01-09_ORIG_MID--AUDIO_01_R1_2006_05_Track05_wav.wav,,data/canonical/alignment_events.csv,,1,649,musicxml,cpc_canonical_beat,licensed_for_research,complete_movement,,true,true,ready,cmp_1791c45e1862,Scherzos 39,scv_16d2d114950f,prf_559efff5cbca,aln_eeba2bfef1ca,source_recording,beat,source_provided_beat_annotations,source_exact,1.00,src_0a42368a46f0;src_10090161d495;src_1a013bf55323;src_1b645833ec8a;src_21ae3ee45a84;src_2463bdb999e6;src_2a5537bbb5c5;src_2f015d924436;src_36c572024203;src_4414f6f9c7fa;src_534181a17b3e;src_53a9825171b2;src_567ad943e9cb;src_57a3b79b74e9;src_59f15c50fb97;src_5f46efd97c67;src_5f7a138a48b2;src_61e3d447910a;src_690c0186812c;src_726c37913e0a;src_72cf2cc1f41d;src_73f891487677;src_87e50d1619e3;src_89f19b214d58;src_8e8d2690f2cc;src_8ea1eea9aca4;src_8ece3238693f;src_8ef9a94e80db;src_94b83c1158a4;src_a04cf0a7ba80;src_ba6d556cc3e9;src_bab0094afc0b;src_d2691e132229;src_d3ddcef64e61;src_e36ed9e3914c;src_f8823de6a163;src_fcc9a834990b,asap,CC BY-NC-SA 4.0;mixed
exp_b9e23dce1198,Frédéric Chopin,Romantic,wrk_3136cdcc08a9,wrk_3136cdcc08a9,rec_b9477f1d9807,sources/asap-dataset/Chopin/Etudes_op_25/11/xml_score.musicxml,sources/asap-dataset/Chopin/Etudes_op_25/11/xml_score.musicxml,data/downloads/maestro-v2.0.0/2014/MIDI-UNPROCESSED_16-18_R1_2014_MID--AUDIO_18_R1_2014_wav--4.wav,,data/canonical/alignment_events.csv,,1,96,musicxml,cpc_canonical_beat,licensed_for_research,complete_movement,,true,true,ready,cmp_3b04980a56a1,Etudes op 25 11,scv_4dd8e1445616,prf_13410c1eaedd,aln_1caf76c4120c,source_recording,beat,source_provided_beat_annotations,source_exact,1.00,src_0117edcf7362;src_0136c1fc476c;src_0174bdd637ea;src_01d2d376024e;src_03e7e4ecb0a7;src_04587b1998e4;src_04fb79339c33;src_057a426dd4d4;src_07be52ffdcfe;src_0803943b3b3b;src_0806767f52f2;src_0920d4fe4470;src_094c75666776;src_0a3bff604a5c;src_0b36fdbcc466;src_0be8ca736ecc;src_0c80474f6340;src_0c8bdd2124d1;src_0dcabd241fca;src_106e21fd811d;src_11ebd0112548;src_126f62246251;src_13b1bed47ec4;src_14ff767619ee;src_1525bcffcd41;src_1582f4b14a05;src_16db32b54405;src_1769febb050f;src_19ab7c6167c3;src_19b5ba739939;src_21954ebae089;src_2458321ebec6;src_24a6d0cd8aed;src_26499ebc67b4;src_274681bb9c12;src_27b2379f852c;src_2935bc5fb364;src_2b0e1ee99aa4;src_2beaa5f535ca;src_2cce741d8671;src_2cd602fc6748;src_2d164cbff494;src_2d945b98ca49;src_2da9197279ac;src_2e15a7b09fb5;src_2f49e2f4136a;src_2f4b60611760;src_2f8a3df83c1f;src_318802864317;src_31dcbefce4fb;src_321e2860ab50;src_3220a158300d;src_353c77180563;src_373d3b650494;src_375f3da80810;src_39c2f1d7bf3b;src_39ed922358d7;src_3a952b5a238d;src_3abd858d0d68;src_3cfc6471112e;src_3d46483ea6df;src_3dd5ccfd9477;src_3e6092e00d33;src_3f5f3a2d592c;src_40f5621ce26d;src_41c7ac49f630;src_423d0b4cfdbe;src_43b47854ee7c;src_4436c2b4dac5;src_45260e1c135d;src_45afb7ca80d0;src_463c0ff905d7;src_46b6d5de73f6;src_4850ae7c56de;src_4c30dfe39ad3;src_4cecad55461a;src_5086b93d5214;src_50afc7cda832;src_52bb46d08183;src_52ef63b9f1bb;src_533ad3127f7c;src_53a195ef4046;src_56d132ce58d3;src_58254be8e5ae;src_595958dec0e1;src_5a20b4a7b97f;src_5a5702c9e89d;src_5e01c8363288;src_60aa47ce634c;src_621b71d1fd9d;src_63f6a761aad0;src_652c6aa81ed7;src_65b701a2cae8;src_673a6413ec36;src_6744f16a71ed;src_683fccb28962;src_692498282257;src_6aedd6f10cfc;src_6b45797cc007;src_6c7bc24b7702;src_6cb427b03049;src_6d29d4ad90de;src_6dea3bee3223;src_6e36c276a1b7;src_6e7cee7ae3a0;src_6f65f55badf9;src_71770e5a1aae;src_7455ea41c307;src_74f011ea90bf;src_766469d13bfd;src_77ca3bc933c6;src_782d6abfc8c8;src_7951c5a7eb1a;src_7a1dadc74566;src_7a30f9480c15;src_7af50434b314;src_7da6dc447b36;src_82d013d5e6ec;src_8353646bf2a0;src_8485cdaa07aa;src_84ed6e943737;src_85efd12f584c;src_875e275b64da;src_87ab6908249a;src_8ad4dae4a85b;src_8af2330e4111;src_8bc8f1717924;src_8c2d548e15b3;src_8cdcb23a73e1;src_8fef7a0f0b46;src_918d7b94cee1;src_9b8d2aa77504;src_9bd9da517a15;src_9cb1f820601b;src_9cccac6223d3;src_9e5a0d66da54;src_9ef884b5d84d;src_9f5106d47a7e;src_9f803c1811af;src_a0824343c997;src_a09f90c3ef3a;src_a12c5bff9890;src_a19ff25bcb0c;src_a1f9e19bca1c;src_a2083e2c81d4;src_a35e5fb86f1e;src_a38ad2e4e126;src_a3e61eb1108e;src_a545fd5303a5;src_a696301d41f5;src_a7518195a372;src_a80bf1641e8b;src_aae18ddc3729;src_ab3ed3c687bd;src_acb38f564446;src_aced10221359;src_adc51af75412;src_add87d9a2093;src_aecd63d457de;src_b04772495b8a;src_b26feb86f3a9;src_b29a08f7e9af;src_b311e511d237;src_b472bc184e4f;src_b53d903b786b;src_b5d02c45165f;src_b7410ef3d87e;src_b747105d40c2;src_b8718bc55aa0;src_bb34ad7a2868;src_bb560c20753a;src_bc2998f8de8b;src_bcc77f065070;src_bd405180a519;src_bd97cb08b13c;src_be01bd3d8765;src_be0624a95038;src_be5c11b1c40b;src_be5c638c15cd;src_bef9e8f0edf1;src_bfe97ad735e9;src_c0e9ae117fee;src_c18ec6c7ba45;src_c1e6dd0fd3e3;src_c2a907e62f16;src_c5610e545c12;src_c6a7fac7ae82;src_c7a07f605567;src_c8bb23f005a7;src_c8bee3c9e499;src_caa9d9f3f28b;src_cb2868f3eb9f;src_cb328b9c03cb;src_cc7ccfc61bd9;src_ccc65133d3a1;src_ccdb8dde4556;src_cdd8d55aac66;src_cf23b584aadb;src_d245f909d51a;src_d2ae65f95227;src_d2d14e3e8b2c;src_d4bd5ca72db7;src_d51fa4269685;src_d665b6bc0e51;src_d73ef2187834;src_d85b4be52384;src_d889f4e579a7;src_d8988b1b4eef;src_da9552686d99;src_dbcc49d93dcc;src_dc522d37b09c;src_dd32d0cba4a5;src_de7068cb0ee7;src_dfe4b4121a7d;src_e0084c9b5616;src_e107fc10a5c1;src_e13033d1616d;src_e182a5717a16;src_e21350a1bfef;src_e2f2fd4e551e;src_e3f780124e0f;src_e552a31bedb4;src_e56b1d8491e1;src_e5ae8e3dbb79;src_e83c5dcab9cf;src_e88822e93183;src_e8e5d8c1dd73;src_ea6e7f7b27ec;src_ed35153a90bf;src_ed9260d6d4bf;src_ee8affbbc3f8;src_f09c30169433;src_f1609effc52b;src_f1eccc9dd6e5;src_f34315aa2f0b;src_f3cffe1d2613;src_f52197d4928b;src_f5cba0cbd728;src_f5e5a32fd4cb;src_f67cc92b46e1;src_f6b41a721145;src_f7ac0eea2804;src_f82c40750f49;src_fa7f479ff016;src_faaff46a7c07;src_ff463af8b69b;src_ff49a8cff247,asap,CC BY-NC-SA 4.0;mixed
exp_ba86f5d1561b,Wolfgang Amadeus Mozart,Classical,wrk_95ceb95e11bc,wrk_95ceb95e11bc,rec_6fad590f79e3,sources/ACPAS-dataset/subset_R/Mozart/383_CPM_Sonata_No.17_Bb_major_KV_570_1/R_37_A_MAPS_mz_570_1_ENSTDkCl.mid,,data/derived/rendered_audio/fluidsynth-2.5.6-musescore-general-0.2-v1/rec_6fad590f79e3.wav,sources/ACPAS-dataset/subset_R/Mozart/383_CPM_Sonata_No.17_Bb_major_KV_570_1/R_37_A_MAPS_mz_570_1_ENSTDkCl.mid,data/canonical/alignment_events.csv,,1,419,mid,cpc_canonical_beat,licensed_for_research,complete_movement,,true,true,ready,cmp_c19fe5402db5,Sonata No.17 Bb major KV 570 1,scv_c2ba444637a6,prf_ba985075d417,aln_c07946daac3d,synthetic_rendering,beat,source_provided_beat_annotations,source_exact,1.00,src_17b58c1af9ba;src_26a0f0d71458;src_273fe883705e;src_2a1a7cd52341;src_3088826ddba6;src_33305ebd7c5b;src_44c57ec1be70;src_4c153d3344c1;src_56d64769b9f0;src_6947cb78d66b;src_706d54ef94c5;src_81806c295ef0;src_8bab48ed13da;src_8bc5418af039;src_98e80603d674;src_a80bc86a4c74;src_d60d96f53242;src_ecedef7a70b4;src_fb952cf4a76e,cpc-rendered,MIT;derived audio; source MIDI terms apply; SoundFont MIT;mixed
exp_bbbf1941e8b0,Wolfgang Amadeus Mozart,Classical,wrk_a32d8a2b15b4,wrk_a32d8a2b15b4,rec_5b5081580125,sources/ACPAS-dataset/subset_S/Mozart/367_CPM_Sonata_No.8_D_major_KV_311_3/S_1499_CPM.mid,,data/derived/rendered_audio/fluidsynth-2.5.6-musescore-general-0.2-v1/rec_5b5081580125.wav,sources/ACPAS-dataset/subset_S/Mozart/367_CPM_Sonata_No.8_D_major_KV_311_3/S_1499_CPM.mid,data/canonical/alignment_events.csv,,1,452,mid,cpc_canonical_beat,licensed_for_research,complete_movement,,true,true,ready,cmp_6d89360e0fc4,Sonata No.8 D major KV 311 3,scv_115f22dea8d7,prf_7a5091f88d75,aln_a204a0c41053,synthetic_rendering,beat,source_provided_beat_annotations,source_exact,1.00,src_473cfe2d5368;src_4c22989039ca;src_98e80603d674;src_a80bc86a4c74;src_b293d8dcc56c;src_cdcdc5e37575;src_fa30af22c097,cpc-rendered,MIT;derived audio; source MIDI terms apply; SoundFont MIT;mixed
exp_bc1289ad468d,Frédéric Chopin,Romantic,wrk_3136cdcc08a9,wrk_3136cdcc08a9,rec_68eb51a24b7f,sources/asap-dataset/Chopin/Etudes_op_25/11/xml_score.musicxml,sources/asap-dataset/Chopin/Etudes_op_25/11/xml_score.musicxml,data/downloads/maestro-v2.0.0/2011/MIDI-Unprocessed_11_R1_2011_MID--AUDIO_R1-D4_09_Track09_wav.wav,,data/canonical/alignment_events.csv,,1,96,musicxml,cpc_canonical_beat,licensed_for_research,complete_movement,,true,true,ready,cmp_3b04980a56a1,Etudes op 25 11,scv_4dd8e1445616,prf_10a38d9c5d85,aln_534bab392ae8,source_recording,beat,source_provided_beat_annotations,source_exact,1.00,src_0117edcf7362;src_0136c1fc476c;src_0174bdd637ea;src_01d2d376024e;src_03e7e4ecb0a7;src_04587b1998e4;src_04fb79339c33;src_057a426dd4d4;src_07be52ffdcfe;src_0803943b3b3b;src_0806767f52f2;src_0920d4fe4470;src_094c75666776;src_0a3bff604a5c;src_0b36fdbcc466;src_0be8ca736ecc;src_0c80474f6340;src_0c8bdd2124d1;src_0dcabd241fca;src_106e21fd811d;src_11ebd0112548;src_126f62246251;src_13b1bed47ec4;src_14ff767619ee;src_1525bcffcd41;src_1582f4b14a05;src_16db32b54405;src_1769febb050f;src_19ab7c6167c3;src_19b5ba739939;src_21954ebae089;src_2458321ebec6;src_24a6d0cd8aed;src_26499ebc67b4;src_274681bb9c12;src_27b2379f852c;src_2935bc5fb364;src_2b0e1ee99aa4;src_2beaa5f535ca;src_2cce741d8671;src_2cd602fc6748;src_2d164cbff494;src_2d945b98ca49;src_2da9197279ac;src_2e15a7b09fb5;src_2f49e2f4136a;src_2f4b60611760;src_2f8a3df83c1f;src_318802864317;src_31dcbefce4fb;src_321e2860ab50;src_3220a158300d;src_353c77180563;src_373d3b650494;src_375f3da80810;src_39c2f1d7bf3b;src_39ed922358d7;src_3a952b5a238d;src_3abd858d0d68;src_3cfc6471112e;src_3d46483ea6df;src_3dd5ccfd9477;src_3e6092e00d33;src_3f5f3a2d592c;src_40f5621ce26d;src_41c7ac49f630;src_423d0b4cfdbe;src_43b47854ee7c;src_4436c2b4dac5;src_45260e1c135d;src_45afb7ca80d0;src_463c0ff905d7;src_46b6d5de73f6;src_4850ae7c56de;src_4c30dfe39ad3;src_4cecad55461a;src_5086b93d5214;src_50afc7cda832;src_52bb46d08183;src_52ef63b9f1bb;src_533ad3127f7c;src_53a195ef4046;src_56d132ce58d3;src_58254be8e5ae;src_595958dec0e1;src_5a20b4a7b97f;src_5a5702c9e89d;src_5e01c8363288;src_60aa47ce634c;src_621b71d1fd9d;src_63f6a761aad0;src_652c6aa81ed7;src_65b701a2cae8;src_673a6413ec36;src_6744f16a71ed;src_683fccb28962;src_692498282257;src_6aedd6f10cfc;src_6b45797cc007;src_6c7bc24b7702;src_6cb427b03049;src_6d29d4ad90de;src_6dea3bee3223;src_6e36c276a1b7;src_6e7cee7ae3a0;src_6f65f55badf9;src_71770e5a1aae;src_7455ea41c307;src_74f011ea90bf;src_766469d13bfd;src_77ca3bc933c6;src_782d6abfc8c8;src_7951c5a7eb1a;src_7a1dadc74566;src_7a30f9480c15;src_7af50434b314;src_7da6dc447b36;src_82d013d5e6ec;src_8353646bf2a0;src_8485cdaa07aa;src_84ed6e943737;src_85efd12f584c;src_875e275b64da;src_87ab6908249a;src_8ad4dae4a85b;src_8af2330e4111;src_8bc8f1717924;src_8c2d548e15b3;src_8cdcb23a73e1;src_8fef7a0f0b46;src_918d7b94cee1;src_9b8d2aa77504;src_9bd9da517a15;src_9cb1f820601b;src_9cccac6223d3;src_9e5a0d66da54;src_9ef884b5d84d;src_9f5106d47a7e;src_9f803c1811af;src_a0824343c997;src_a09f90c3ef3a;src_a12c5bff9890;src_a19ff25bcb0c;src_a1f9e19bca1c;src_a2083e2c81d4;src_a35e5fb86f1e;src_a38ad2e4e126;src_a3e61eb1108e;src_a545fd5303a5;src_a696301d41f5;src_a7518195a372;src_a80bf1641e8b;src_aae18ddc3729;src_ab3ed3c687bd;src_acb38f564446;src_aced10221359;src_adc51af75412;src_add87d9a2093;src_aecd63d457de;src_b04772495b8a;src_b26feb86f3a9;src_b29a08f7e9af;src_b311e511d237;src_b472bc184e4f;src_b53d903b786b;src_b5d02c45165f;src_b7410ef3d87e;src_b747105d40c2;src_b8718bc55aa0;src_bb34ad7a2868;src_bb560c20753a;src_bc2998f8de8b;src_bcc77f065070;src_bd405180a519;src_bd97cb08b13c;src_be01bd3d8765;src_be0624a95038;src_be5c11b1c40b;src_be5c638c15cd;src_bef9e8f0edf1;src_bfe97ad735e9;src_c0e9ae117fee;src_c18ec6c7ba45;src_c1e6dd0fd3e3;src_c2a907e62f16;src_c5610e545c12;src_c6a7fac7ae82;src_c7a07f605567;src_c8bb23f005a7;src_c8bee3c9e499;src_caa9d9f3f28b;src_cb2868f3eb9f;src_cb328b9c03cb;src_cc7ccfc61bd9;src_ccc65133d3a1;src_ccdb8dde4556;src_cdd8d55aac66;src_cf23b584aadb;src_d245f909d51a;src_d2ae65f95227;src_d2d14e3e8b2c;src_d4bd5ca72db7;src_d51fa4269685;src_d665b6bc0e51;src_d73ef2187834;src_d85b4be52384;src_d889f4e579a7;src_d8988b1b4eef;src_da9552686d99;src_dbcc49d93dcc;src_dc522d37b09c;src_dd32d0cba4a5;src_de7068cb0ee7;src_dfe4b4121a7d;src_e0084c9b5616;src_e107fc10a5c1;src_e13033d1616d;src_e182a5717a16;src_e21350a1bfef;src_e2f2fd4e551e;src_e3f780124e0f;src_e552a31bedb4;src_e56b1d8491e1;src_e5ae8e3dbb79;src_e83c5dcab9cf;src_e88822e93183;src_e8e5d8c1dd73;src_ea6e7f7b27ec;src_ed35153a90bf;src_ed9260d6d4bf;src_ee8affbbc3f8;src_f09c30169433;src_f1609effc52b;src_f1eccc9dd6e5;src_f34315aa2f0b;src_f3cffe1d2613;src_f52197d4928b;src_f5cba0cbd728;src_f5e5a32fd4cb;src_f67cc92b46e1;src_f6b41a721145;src_f7ac0eea2804;src_f82c40750f49;src_fa7f479ff016;src_faaff46a7c07;src_ff463af8b69b;src_ff49a8cff247,asap,CC BY-NC-SA 4.0;mixed
exp_bc4c44cd69f5,Wolfgang Amadeus Mozart,Classical,wrk_21cadf4d4581,wrk_21cadf4d4581,rec_df9db61ca170,sources/ACPAS-dataset/subset_S/Mozart/368_CPM_Sonata_No.10_C_major_KV_330_1/S_1500_CPM.mid,,data/derived/rendered_audio/fluidsynth-2.5.6-musescore-general-0.2-v1/rec_df9db61ca170.wav,sources/ACPAS-dataset/subset_S/Mozart/368_CPM_Sonata_No.10_C_major_KV_330_1/S_1500_CPM.mid,data/canonical/alignment_events.csv,,1,300,mid,cpc_canonical_beat,licensed_for_research,complete_movement,,true,true,ready,cmp_ffe626e2d096,Sonata No.10 C major KV 330 1,scv_2dda0180f5ee,prf_8d55f245d932,aln_e389792726ae,synthetic_rendering,beat,source_provided_beat_annotations,source_exact,1.00,src_0a75f09514cc;src_0c23fb15ee94;src_1fe6112f3a0c;src_3169df65c592;src_373a4327c649;src_74542c6cc315;src_98e80603d674;src_a80bc86a4c74;src_bb3e0f243727;src_c45124709f8d;src_cd833faee909;src_d1a313b2888b;src_f224c6b4828f,cpc-rendered,MIT;derived audio; source MIDI terms apply; SoundFont MIT;mixed
exp_bc6a0c1c860e,Wolfgang Amadeus Mozart,Classical,wrk_f668e972943c,wrk_f668e972943c,rec_270757849827,"data/downloads/pianocore/1.0/refined/Mozart,_Wolfgang_Amadeus/Piano_Sonata_No.16_in_C_major,_K.545_""Sonata_facile""/3._Rondo_(Allegro)/score_ATEPP_mini_refined.mid",,data/derived/rendered_audio/pianocore-1.0-a-star-mozart-fluidsynth-2.5.6-v1/rec_270757849827.wav,"data/downloads/pianocore/1.0/refined/Mozart,_Wolfgang_Amadeus/Piano_Sonata_No.16_in_C_major,_K.545_""Sonata_facile""/3._Rondo_(Allegro)/score_ATEPP_mini_refined.mid",data/canonical/alignment_notes.csv,,1,74,mid,cpc_canonical_note,licensed_for_research,complete_movement,,true,true,ready,cmp_2cab26df7266,"Piano Sonata No. 16 in C Major, K. 545 ""Sonata facile"": 3. Rondo (Allegro)",scv_524da79caca9,prf_e50b81b94551,aln_9f0a79b1c9fa,synthetic_rendering,note,pianocore_rascop_refined,pianocore_a_star,0.9865,src_000a4b6e8123;src_002a160668fd;src_007f74d22f30;src_011e25f62111;src_01be2d457b96;src_01e4c0f000dd;src_0219d2c66073;src_022a94637a32;src_0306d269c4ae;src_04383d7b36a9;src_04a5ffc2d898;src_04d556f1b879;src_056f911290cc;src_05ce52dca4f3;src_06093e6b642a;src_06416f194ff8;src_06dac35659be;src_06ec099c8826;src_076530a0bd98;src_07ce5371589a;src_07d9bdddb46b;src_07ed09449645;src_08641db7b691;src_08b8c7943136;src_08db2a5ccfb8;src_0ace6b9e1c6e;src_0aedb1cdc844;src_0b7bdf582e07;src_0d13e42a99e0;src_0dc2873bb29d;src_0dd19ca3f9cf;src_0ddb922083b4;src_0de63e163920;src_0e38cd4c78c2;src_0f26f1d54477;src_0f850c24a2e4;src_0fbae19735ea;src_104fe49dbd4d;src_1106759bb602;src_114b1e72dd23;src_115aae4b8def;src_11795f507f2e;src_14e17735daaf;src_14e54aeeb77a;src_152022b5d19b;src_15deef2a74bb;src_176f20f7d8dc;src_17d856d76849;src_17de8f9cdcdb;src_1889855dbaf5;src_188eda601cf5;src_18ba990cbba9;src_18d2ddda41c4;src_18f10292cbf7;src_1adf35e19dc5;src_1afa2143357b;src_1b90a36cc44f;src_1b9487413cf7;src_1b9bd494b901;src_1bf471950b4b;src_1c4790c7dd72;src_1ce82b0f0dec;src_1da11b401a1a;src_1dcbf6456e24;src_1e2ecce59c32;src_1ee874b65789;src_1fe868a4472d;src_2023d510be81;src_20575f0892c5;src_20ed712dd7b5;src_2178e40e4b78;src_21a60aaf41cf;src_21a95884646e;src_235b81aa2275;src_247a55d097cf;src_25762d50e8bf;src_257f9c44b2cd;src_25cee252e2c8;src_269ed708fe44;src_27130435ecdd;src_272ddfe7786a;src_277026666b40;src_27965cf758f1;src_27fdb366bcb8;src_280299916ea6;src_281b2ba13c3a;src_282de54a5285;src_28aacfdf4af1;src_2933571ab2eb;src_29c1d74ef373;src_2a03b819e85e;src_2ad12333a54b;src_2afa37db6d15;src_2b140714a6d9;src_2c2c3722eea3;src_2c586ac79468;src_2ca6dc966498;src_2f7694fcfa97;src_2ff67a41df47;src_30c2b0f0cb0e;src_31f3c09398e2;src_320395db986d;src_3208b1487c4e;src_3239ce939448;src_326b9806f08e;src_331c9ddbf735;src_33497f00b4f9;src_336f20110c05;src_33922449efb8;src_33edf335ecdb;src_3467683114d0;src_347bb595b805;src_34b45025bddc;src_35d4bb205d10;src_3632af02a1b0;src_36b460f5c397;src_36cb2d306cf2;src_37a5434827e1;src_38755fea13fe;src_38e42c536e59;src_3a38d0419ad3;src_3a568822b281;src_3acca04b07bb;src_3c2c6297a662;src_3cd010b921e0;src_3d398c34736f;src_3f3d3370e740;src_3f7aeb5e4778;src_40be2f425211;src_40c75eff9a5e;src_40dfcb80e22e;src_414c530777be;src_41cc15cf675d;src_4379e8d561e2;src_43d865d1cdc3;src_43e387075042;src_446dd4acbf6f;src_44e3c73a2902;src_45003672e0a5;src_453c233a3a60;src_45d5297fb7a9;src_468bc36475ab;src_47790cbd2001;src_47d78dbcc438;src_483397fcc956;src_48a5a60537ba;src_48b0e9f28959;src_48cb4e76e905;src_4a473abf49ae;src_4a6137c56339;src_4be31533d60a;src_4bf1a12f2bca;src_4c314fe8f8a3;src_4c3a2e7fb345;src_4c9e95f393ea;src_4e7208095d66;src_4ec6dadf660f;src_4ee27fb656d8;src_4f3fd3295b2d;src_4f486982654c;src_4fc6a4aa83aa;src_5080f39bf3d3;src_509b01739d45;src_5199bef5519d;src_520bb1176ba6;src_5212b831f83b;src_52a9366edb38;src_52f71bb9b39f;src_532544168195;src_5377066fc23c;src_5390b6bc6402;src_549d2332937f;src_5571502652bb;src_557d7a62c095;src_55b3c7dd102f;src_560c3376dac8;src_561d5c67ec9b;src_56304400927f;src_564275435703;src_566720080c05;src_56e486099f11;src_5707bab90f48;src_57f44d0a62f5;src_583d9ab3b7a8;src_590f31da4298;src_5967b67007e1;src_599ce44d4032;src_59d71938163e;src_5a0316290ac7;src_5a25ecab1470;src_5a30a12f76d2;src_5a68d4f1e23f;src_5a8ad270ca16;src_5ab491a74a31;src_5ad728dd76a9;src_5b97fe7ea652;src_5c043b5a6bc7;src_5e6196714a24;src_5ecc6e3f3f84;src_5ef9821d5121;src_5f3a2803ab26;src_5fa74019beb1;src_5fde361f7788;src_6055fd9b68d3;src_6096a2b4618e;src_60fa39191ca5;src_613d9b1f8e4a;src_6151e4b1cac7;src_61573cba515c;src_61e1aaf249d7;src_622aee2a69e3;src_628fc5561e97;src_63ec199d22a4;src_64336b785588;src_644aa863ab5b;src_64b3a3feff83;src_64bd60e434dc;src_65b5e9ee834b;src_65cebacf9251;src_667e0300753e;src_675240ef09dc;src_67cdfc83e1c5;src_67fad3b95443;src_6824fa53a586;src_6863abe4b4cf;src_688cfb481825;src_68b00b941314;src_68cbac4e8ff6;src_69a6f592c67f;src_69c761826f3c;src_6a027972fbe4;src_6a22cd5da78b;src_6a9041c3adb6;src_6ab862505f60;src_6b1c166e85d6;src_6bb939cb1195;src_6c752f85c51f;src_6d6778044c71;src_6dde59d27b1d;src_6e92c28c1956;src_6eadc1ea3e42;src_6eed35e62ad1;src_711ba7864845;src_713313cbf044;src_7204c36759ee;src_732b84e5b2d3;src_7346be45ea62;src_738bdc24d253;src_73cdce5d795d;src_741ed39cbba0;src_74319cf19671;src_74cf2a542b74;src_750ae5fc7539;src_756dca4a68bb;src_7573259e5a5b;src_7752ad32fb84;src_77ab2651b9ee;src_77eec58630ce;src_781759977aea;src_7817f2a3f96d;src_782cb4f07033;src_78a5b313a062;src_790238c09840;src_796f3997a784;src_79c0ae082a73;src_7a942b2d8eaa;src_7ac145fa540c;src_7ba293dfb05f;src_7bc66f746b06;src_7c3fa263097f;src_7c90afdcec27;src_7d249ae1e719;src_7e738302f2e3;src_7eadf7b7b92d;src_7f25c1c73251;src_7f8ec14a91c3;src_7f9d29382b0b;src_7fce1bc85c3d;src_801248b9777b;src_8022b29694fb;src_807368f24184;src_80845653a2d0;src_810750ab7da5;src_81b15eb94224;src_82320daa4b58;src_824f470c89fc;src_82570ab8804e;src_826d4f0cc240;src_82de784b904a;src_848a40bf1489;src_852212e58ff6;src_852b8e79ed47;src_859053aa0723;src_85a09d9fe136;src_86367be43aec;src_86949f3dfb8b;src_869a09e9c868;src_8715e92f5354;src_87463a20fbf7;src_883c92db2b0f;src_89223bb8b852;src_892d92445703;src_8a3cb5133d3f;src_8abdeeebaa83;src_8ada105c2d14;src_8aeb2f0a1b82;src_8b3ce8073e28;src_8bb2da952001;src_8bbd45fb1538;src_8be2079337f7;src_8bff7988a227;src_8c26787a3560;src_8c27c45e8196;src_8c333f895231;src_8c6d7905a596;src_8c85c0fe438f;src_8c9989dff971;src_8cee0d4e5f6c;src_8d38be9d757f;src_8d64a72d8305;src_8da42b0c7cc3;src_8f0d1beceb27;src_8f1c801fc815;src_8f8bc249a9c8;src_8fc843c141d6;src_8fdbc81892e4;src_909437c67488;src_91f0f739539f;src_928b0cd61869;src_92b0f559d424;src_92f17287b6d0;src_93113cc3b9d0;src_9326d1d0bdc3;src_9419a2fd96d5;src_941e5f02f0c9;src_94b26d4b1150;src_96327a01f860;src_967e5429b80b;src_97288394c9b3;src_97dfcd359a8a;src_9827d8900341;src_982fd7ec48c6;src_98bf5841352b;src_991dc8916ba3;src_99466ea49db3;src_99c8129e0c09;src_9a3c111a09a0;src_9c263cf9aef3;src_9c479bf2c5d9;src_9cdaf0e47907;src_9d78bf41b526;src_9dff96b686c4;src_9e5cccb9225b;src_9e84cfb436af;src_9f10dc78c1b3;src_9fab7440da5c;src_9fef910e3c21;src_a0fe1dca7583;src_a1157a2d4bc7;src_a20a1eec8736;src_a22c47873c57;src_a27bc23406ef;src_a367fe3dd7f3;src_a3e7f7cdf1eb;src_a494196b383d;src_a5462083fc25;src_a5a92c81baa1;src_a5ba5626f636;src_a680c080cf02;src_a681013c36c8;src_a74009a5aecb;src_a76b14ebeff2;src_a80bc86a4c74;src_a8217a279df1;src_a980ebadeee5;src_a98bd807e125;src_a9fba1d26b38;src_ab4685255a96;src_ab7c0b859af1;src_abc2039f248a;src_ac71ceaa1afe;src_accb86ec58a2;src_acf990634ac2;src_ad028d72f811;src_add3c206693d;src_b0d058dd1af6;src_b19d63c8dea0;src_b2182ec0387a;src_b2490eb0b42f;src_b2f6822bf118;src_b3533de68c97;src_b3a31dee695f;src_b411cbc14cfd;src_b4df538ca39e;src_b52d3ec233a1;src_b5d1c23b2016;src_b627146d7738;src_b660712708a1;src_b7a1c79046af;src_b8905e611fc0;src_b8ed835a8892;src_b9085bfdc50c;src_b94586cfa80b;src_b9870f418a87;src_b9977d348b6f;src_ba0123029ff8;src_ba19b400c591;src_ba2ac3ce6c84;src_ba6bef4fe6ce;src_ba6f9124143f;src_bbd19b286ebd;src_bc3be69620db;src_bc9d04c5f016;src_bcbf833e3f5b;src_bcdaa0c37101;src_bcdcb7e9cf08;src_bd08dffef6c2;src_bd326433f686;src_bd387e8e695b;src_bd64563549a6;src_bd8311acb010;src_bda3adfbadac;src_bdd2e94d2c31;src_be8fdd274be8;src_be9c967f16bf;src_bec6687bec7e;src_bf01709cb5b4;src_bfae334f6421;src_bfe373ad1b40;src_c0f40a782991;src_c0f9f049af1d;src_c1718f97338c;src_c1b76e5438b5;src_c1c1857f238b;src_c1e67943752b;src_c21839b64d28;src_c23059c07eaf;src_c2455a9232fd;src_c2607f3707a5;src_c2f7a1cb31b6;src_c3655eb28050;src_c3a62091aeaf;src_c4b6d0b01136;src_c55237043157;src_c6ed2165c6ff;src_c6f543ccf0f1;src_c7698314c496;src_c7c4719584de;src_c7df8dbd6c22;src_c7ed45c45a12;src_c81c67650816;src_c81cb9df75e7;src_ca21384bd5b5;src_ca2ab29533cc;src_cb2eeb31a5a8;src_cb53849fb9bf;src_cc39fa775897;src_cc3ad683849d;src_ccfa79f8f79a;src_cd2ad700886a;src_ce312e7481c1;src_ce3c116bcd7f;src_ce476260fb2f;src_ce876a0683aa;src_ce904c74cb8f;src_ceb5603f06bb;src_ceb5c5f50d8a;src_cf05da6fe279;src_cf08170a081b;src_d072638ea394;src_d0c74dbd0e9c;src_d10579d47654;src_d149c2d47be0;src_d220fbf40293;src_d222337a6eac;src_d2b129003cf9;src_d2c05760dd8b;src_d31bdf7b1402;src_d46f23477aac;src_d4bdc253ad57;src_d61b5480f8a7;src_d6af2487b0bc;src_d80b2b0cf434;src_d89114f2d87b;src_d89f41740f90;src_d8ee6b0e712c;src_d95d5f0b243c;src_d9cfac1836dd;src_da1c93fa452e;src_da3f8ada2c28;src_da47faac7141;src_da7727c9f3e6;src_daf221842630;src_dc570ab006e9;src_dc95f125a940;src_dcaecd946c12;src_dd02a216501c;src_ddc2c96c361e;src_dea4024f0dee;src_deedc1606f56;src_dfd6738a8bed;src_e0a5684c0377;src_e1133518de2f;src_e1dcc3f92925;src_e276e73c887a;src_e283c3676858;src_e2e5234387c8;src_e36212774937;src_e3c0658e32a4;src_e432e7068c15;src_e4817b5f82b8;src_e53e268a6762;src_e5c670318848;src_e5e5a025b382;src_e62ffe8d16fc;src_e65ab20d5c5f;src_e699be45ed3a;src_e6f8a10e6aa9;src_e707ff4f3b6b;src_e7d367ff1aab;src_e8601f97d49d;src_e8793f83b2ac;src_e8819c4f9470;src_e91931a19b22;src_e958264582fc;src_eb1764fcbbc5;src_ebf621b2b456;src_ec0818b5ecbc;src_ec106d965211;src_ec1e63d48011;src_ec502de02223;src_ecea68f6bff3;src_ed6530017d8d;src_edd39e2ef036;src_edf580d80919;src_ee17c61eace7;src_eecf280ff3a0;src_ef148c21c7d0;src_ef4903915575;src_ef5cc2b8f56b;src_f056ab33a3a2;src_f08d727548de;src_f0a19afa1a9c;src_f0a9abdf0ee8;src_f14efbd5ebad;src_f1e490a4281f;src_f206cbaf3cf4;src_f2376761a740;src_f2588000c5d0;src_f27b0ae973af;src_f3323a594940;src_f37c4f330c79;src_f4784cdc1eac;src_f4aa3bc0bd63;src_f4d0ed4c9fc0;src_f4d568a6bc75;src_f554f6bf6392;src_f57bda8fcbae;src_f59fac9569e1;src_f5a9ff5554ab;src_f6810e84b3c2;src_f7beb88e9189;src_f8835f163d40;src_f9a9c254a83d;src_fa2272852e98;src_faa2c438674b;src_fc218b5ee657;src_fc33c9190a16;src_fc5c6082f048;src_fca6976ee7fc;src_fcfb326b0f96;src_fd2d437cd79c;src_fdda4057a450;src_fe563c0aff4c;src_ff018e3bedbe;src_ff86768b06dd;src_ff86c7b01568;src_ffef04753873,Aria-MIDI,CC BY 4.0;CC BY-NC-SA 4.0; non-commercial research and education;MIT;derived audio; source MIDI terms apply; SoundFont MIT;external recording; rights not granted by ATEPP metadata license
exp_bd269ef976c2,Frédéric Chopin,Romantic,wrk_3136cdcc08a9,wrk_3136cdcc08a9,rec_e00e4940f081,sources/asap-dataset/Chopin/Etudes_op_25/11/xml_score.musicxml,sources/asap-dataset/Chopin/Etudes_op_25/11/xml_score.musicxml,data/downloads/maestro-v2.0.0/2011/MIDI-Unprocessed_13_R1_2011_MID--AUDIO_R1-D5_03_Track03_wav.wav,,data/canonical/alignment_events.csv,,1,96,musicxml,cpc_canonical_beat,licensed_for_research,complete_movement,,true,true,ready,cmp_3b04980a56a1,Etudes op 25 11,scv_4dd8e1445616,prf_16e7f08b3035,aln_5d47311dcf11,source_recording,beat,source_provided_beat_annotations,source_exact,1.00,src_0117edcf7362;src_0136c1fc476c;src_0174bdd637ea;src_01d2d376024e;src_03e7e4ecb0a7;src_04587b1998e4;src_04fb79339c33;src_057a426dd4d4;src_07be52ffdcfe;src_0803943b3b3b;src_0806767f52f2;src_0920d4fe4470;src_094c75666776;src_0a3bff604a5c;src_0b36fdbcc466;src_0be8ca736ecc;src_0c80474f6340;src_0c8bdd2124d1;src_0dcabd241fca;src_106e21fd811d;src_11ebd0112548;src_126f62246251;src_13b1bed47ec4;src_14ff767619ee;src_1525bcffcd41;src_1582f4b14a05;src_16db32b54405;src_1769febb050f;src_19ab7c6167c3;src_19b5ba739939;src_21954ebae089;src_2458321ebec6;src_24a6d0cd8aed;src_26499ebc67b4;src_274681bb9c12;src_27b2379f852c;src_2935bc5fb364;src_2b0e1ee99aa4;src_2beaa5f535ca;src_2cce741d8671;src_2cd602fc6748;src_2d164cbff494;src_2d945b98ca49;src_2da9197279ac;src_2e15a7b09fb5;src_2f49e2f4136a;src_2f4b60611760;src_2f8a3df83c1f;src_318802864317;src_31dcbefce4fb;src_321e2860ab50;src_3220a158300d;src_353c77180563;src_373d3b650494;src_375f3da80810;src_39c2f1d7bf3b;src_39ed922358d7;src_3a952b5a238d;src_3abd858d0d68;src_3cfc6471112e;src_3d46483ea6df;src_3dd5ccfd9477;src_3e6092e00d33;src_3f5f3a2d592c;src_40f5621ce26d;src_41c7ac49f630;src_423d0b4cfdbe;src_43b47854ee7c;src_4436c2b4dac5;src_45260e1c135d;src_45afb7ca80d0;src_463c0ff905d7;src_46b6d5de73f6;src_4850ae7c56de;src_4c30dfe39ad3;src_4cecad55461a;src_5086b93d5214;src_50afc7cda832;src_52bb46d08183;src_52ef63b9f1bb;src_533ad3127f7c;src_53a195ef4046;src_56d132ce58d3;src_58254be8e5ae;src_595958dec0e1;src_5a20b4a7b97f;src_5a5702c9e89d;src_5e01c8363288;src_60aa47ce634c;src_621b71d1fd9d;src_63f6a761aad0;src_652c6aa81ed7;src_65b701a2cae8;src_673a6413ec36;src_6744f16a71ed;src_683fccb28962;src_692498282257;src_6aedd6f10cfc;src_6b45797cc007;src_6c7bc24b7702;src_6cb427b03049;src_6d29d4ad90de;src_6dea3bee3223;src_6e36c276a1b7;src_6e7cee7ae3a0;src_6f65f55badf9;src_71770e5a1aae;src_7455ea41c307;src_74f011ea90bf;src_766469d13bfd;src_77ca3bc933c6;src_782d6abfc8c8;src_7951c5a7eb1a;src_7a1dadc74566;src_7a30f9480c15;src_7af50434b314;src_7da6dc447b36;src_82d013d5e6ec;src_8353646bf2a0;src_8485cdaa07aa;src_84ed6e943737;src_85efd12f584c;src_875e275b64da;src_87ab6908249a;src_8ad4dae4a85b;src_8af2330e4111;src_8bc8f1717924;src_8c2d548e15b3;src_8cdcb23a73e1;src_8fef7a0f0b46;src_918d7b94cee1;src_9b8d2aa77504;src_9bd9da517a15;src_9cb1f820601b;src_9cccac6223d3;src_9e5a0d66da54;src_9ef884b5d84d;src_9f5106d47a7e;src_9f803c1811af;src_a0824343c997;src_a09f90c3ef3a;src_a12c5bff9890;src_a19ff25bcb0c;src_a1f9e19bca1c;src_a2083e2c81d4;src_a35e5fb86f1e;src_a38ad2e4e126;src_a3e61eb1108e;src_a545fd5303a5;src_a696301d41f5;src_a7518195a372;src_a80bf1641e8b;src_aae18ddc3729;src_ab3ed3c687bd;src_acb38f564446;src_aced10221359;src_adc51af75412;src_add87d9a2093;src_aecd63d457de;src_b04772495b8a;src_b26feb86f3a9;src_b29a08f7e9af;src_b311e511d237;src_b472bc184e4f;src_b53d903b786b;src_b5d02c45165f;src_b7410ef3d87e;src_b747105d40c2;src_b8718bc55aa0;src_bb34ad7a2868;src_bb560c20753a;src_bc2998f8de8b;src_bcc77f065070;src_bd405180a519;src_bd97cb08b13c;src_be01bd3d8765;src_be0624a95038;src_be5c11b1c40b;src_be5c638c15cd;src_bef9e8f0edf1;src_bfe97ad735e9;src_c0e9ae117fee;src_c18ec6c7ba45;src_c1e6dd0fd3e3;src_c2a907e62f16;src_c5610e545c12;src_c6a7fac7ae82;src_c7a07f605567;src_c8bb23f005a7;src_c8bee3c9e499;src_caa9d9f3f28b;src_cb2868f3eb9f;src_cb328b9c03cb;src_cc7ccfc61bd9;src_ccc65133d3a1;src_ccdb8dde4556;src_cdd8d55aac66;src_cf23b584aadb;src_d245f909d51a;src_d2ae65f95227;src_d2d14e3e8b2c;src_d4bd5ca72db7;src_d51fa4269685;src_d665b6bc0e51;src_d73ef2187834;src_d85b4be52384;src_d889f4e579a7;src_d8988b1b4eef;src_da9552686d99;src_dbcc49d93dcc;src_dc522d37b09c;src_dd32d0cba4a5;src_de7068cb0ee7;src_dfe4b4121a7d;src_e0084c9b5616;src_e107fc10a5c1;src_e13033d1616d;src_e182a5717a16;src_e21350a1bfef;src_e2f2fd4e551e;src_e3f780124e0f;src_e552a31bedb4;src_e56b1d8491e1;src_e5ae8e3dbb79;src_e83c5dcab9cf;src_e88822e93183;src_e8e5d8c1dd73;src_ea6e7f7b27ec;src_ed35153a90bf;src_ed9260d6d4bf;src_ee8affbbc3f8;src_f09c30169433;src_f1609effc52b;src_f1eccc9dd6e5;src_f34315aa2f0b;src_f3cffe1d2613;src_f52197d4928b;src_f5cba0cbd728;src_f5e5a32fd4cb;src_f67cc92b46e1;src_f6b41a721145;src_f7ac0eea2804;src_f82c40750f49;src_fa7f479ff016;src_faaff46a7c07;src_ff463af8b69b;src_ff49a8cff247,asap,CC BY-NC-SA 4.0;mixed
exp_be8eeb350634,Frédéric Chopin,Romantic,wrk_977621526cb9,wrk_977621526cb9,rec_9104f5bda49a,sources/asap-dataset/Chopin/Sonata_3/4th/xml_score.musicxml,sources/asap-dataset/Chopin/Sonata_3/4th/xml_score.musicxml,data/downloads/maestro-v2.0.0/2014/MIDI-UNPROCESSED_06-08_R1_2014_MID--AUDIO_06_R1_2014_wav--2.wav,,data/canonical/alignment_events.csv,,1,286,musicxml,cpc_canonical_beat,licensed_for_research,complete_movement,,true,true,ready,cmp_ad2d73a6c8e0,Sonata 3 4th,scv_b4acb03c45a8,prf_ece104d574cc,aln_ba93e2c11fd9,source_recording,beat,source_provided_beat_annotations,source_exact,1.00,src_006c56253de2;src_0179a749c1dc;src_07e56d949e9a;src_09decb1ac376;src_0adec1bcb2f8;src_10e06369e879;src_12c602448eac;src_13f67ae21817;src_1783038a33c0;src_188d86305574;src_19e4e6a305d0;src_2637de13414a;src_279d8e0bba65;src_295e700ebb02;src_2961b10df106;src_30716013ec01;src_3206fc9e6260;src_332c95d16cd2;src_35cf7d2e2fe4;src_399a2d08f9bf;src_3a2d961fc032;src_3d7138a2887d;src_4226b057d30a;src_428710d0c9cd;src_478498fd9b92;src_48cd816945d4;src_508a8dc9d5d9;src_5498e68a2b0d;src_56be4d64a3ac;src_5e9601360482;src_617e2e8b080f;src_622ecbf6104a;src_6299ae875f8d;src_66bca615e309;src_6706ce9dd961;src_692430b72c53;src_710dc3e353f6;src_729997aa9073;src_733731fb1e61;src_747148fdbed5;src_7de8d840ea73;src_8902ecb6a480;src_8c45d2c7203a;src_8c9d4b131a41;src_8cb96a6a58e8;src_8fc64398536a;src_9054c9387617;src_91bd7e5b7e82;src_97038faf5131;src_98fd81e41937;src_9964934e1ee0;src_9c1612d701fd;src_9ca5ee45b1e7;src_9f807f3c0949;src_a3202d03ce47;src_a4810edd63de;src_a9e813735536;src_aad1b942484c;src_b17f4d5028da;src_b180524daf99;src_b1edc756dd94;src_b8d4e0cd8382;src_b92691da02c0;src_bce9da75b95f;src_be69217ff820;src_c0af783563b7;src_c21e8724a454;src_c2bef5820c05;src_c336e9fb7426;src_c48624a6065a;src_c98a41bd67ab;src_ca743fc9a5d7;src_ca9cadbef585;src_cc1cea86a83f;src_ccf3056dded5;src_cdd0445f31f2;src_d0e61f79529b;src_d21d694925a4;src_d35044fcce1a;src_d56428287429;src_d97c3d8c9846;src_d9e3f9c8fd3d;src_dbefafd59e08;src_de1b6bde0404;src_e1420b432246;src_e466070ae6bf;src_e53cac3818a4;src_eabc6574b5c3;src_eb9df4e27fd3;src_ebe33ba29268;src_eea3d66aced8;src_eeb49c4e0a71;src_efd1cb02d9e5;src_f4c2a4c31b1f;src_f6b78a2b20e9;src_f7565902f4ed;src_f771ef389149;src_f7c5285f8f2c;src_f8dd54153991;src_fd60547df1ed,asap,CC BY-NC-SA 4.0;mixed
exp_bf409447cc97,Frédéric Chopin,Romantic,wrk_977621526cb9,wrk_977621526cb9,rec_518720e845d0,sources/asap-dataset/Chopin/Sonata_3/4th/xml_score.musicxml,sources/asap-dataset/Chopin/Sonata_3/4th/xml_score.musicxml,data/downloads/maestro-v2.0.0/2018/MIDI-Unprocessed_Recital13-15_MID--AUDIO_13_R1_2018_wav--3.wav,,data/canonical/alignment_events.csv,,1,286,musicxml,cpc_canonical_beat,licensed_for_research,complete_movement,,true,true,ready,cmp_ad2d73a6c8e0,Sonata 3 4th,scv_b4acb03c45a8,prf_8be33941b0c4,aln_7720b8046382,source_recording,beat,source_provided_beat_annotations,source_exact,1.00,src_006c56253de2;src_0179a749c1dc;src_07e56d949e9a;src_09decb1ac376;src_0adec1bcb2f8;src_10e06369e879;src_12c602448eac;src_13f67ae21817;src_1783038a33c0;src_188d86305574;src_19e4e6a305d0;src_2637de13414a;src_279d8e0bba65;src_295e700ebb02;src_2961b10df106;src_30716013ec01;src_3206fc9e6260;src_332c95d16cd2;src_35cf7d2e2fe4;src_399a2d08f9bf;src_3a2d961fc032;src_3d7138a2887d;src_4226b057d30a;src_428710d0c9cd;src_478498fd9b92;src_48cd816945d4;src_508a8dc9d5d9;src_5498e68a2b0d;src_56be4d64a3ac;src_5e9601360482;src_617e2e8b080f;src_622ecbf6104a;src_6299ae875f8d;src_66bca615e309;src_6706ce9dd961;src_692430b72c53;src_710dc3e353f6;src_729997aa9073;src_733731fb1e61;src_747148fdbed5;src_7de8d840ea73;src_8902ecb6a480;src_8c45d2c7203a;src_8c9d4b131a41;src_8cb96a6a58e8;src_8fc64398536a;src_9054c9387617;src_91bd7e5b7e82;src_97038faf5131;src_98fd81e41937;src_9964934e1ee0;src_9c1612d701fd;src_9ca5ee45b1e7;src_9f807f3c0949;src_a3202d03ce47;src_a4810edd63de;src_a9e813735536;src_aad1b942484c;src_b17f4d5028da;src_b180524daf99;src_b1edc756dd94;src_b8d4e0cd8382;src_b92691da02c0;src_bce9da75b95f;src_be69217ff820;src_c0af783563b7;src_c21e8724a454;src_c2bef5820c05;src_c336e9fb7426;src_c48624a6065a;src_c98a41bd67ab;src_ca743fc9a5d7;src_ca9cadbef585;src_cc1cea86a83f;src_ccf3056dded5;src_cdd0445f31f2;src_d0e61f79529b;src_d21d694925a4;src_d35044fcce1a;src_d56428287429;src_d97c3d8c9846;src_d9e3f9c8fd3d;src_dbefafd59e08;src_de1b6bde0404;src_e1420b432246;src_e466070ae6bf;src_e53cac3818a4;src_eabc6574b5c3;src_eb9df4e27fd3;src_ebe33ba29268;src_eea3d66aced8;src_eeb49c4e0a71;src_efd1cb02d9e5;src_f4c2a4c31b1f;src_f6b78a2b20e9;src_f7565902f4ed;src_f771ef389149;src_f7c5285f8f2c;src_f8dd54153991;src_fd60547df1ed,asap,CC BY-NC-SA 4.0;mixed
exp_bf5d6366378e,Wolfgang Amadeus Mozart,Classical,wrk_56ab8b1b8536,wrk_56ab8b1b8536,rec_47f9e2494d38,"data/downloads/pianocore/1.0/refined/Mozart,_Wolfgang_Amadeus/Allegro_in_B_flat_major,_K.3/score_PDMX_mini_refined.mid",,data/derived/rendered_audio/pianocore-1.0-a-star-mozart-fluidsynth-2.5.6-v1/rec_47f9e2494d38.wav,"data/downloads/pianocore/1.0/refined/Mozart,_Wolfgang_Amadeus/Allegro_in_B_flat_major,_K.3/score_PDMX_mini_refined.mid",data/canonical/alignment_notes.csv,,1,31,mid,cpc_canonical_note,licensed_for_research,complete_movement,,true,true,ready,cmp_4b54aad0ff53,"Allegro in B flat major, K.3",scv_d655cc8036dc,prf_26b42ca635aa,aln_2a99c432280b,synthetic_rendering,note,pianocore_rascop_refined,pianocore_a_star,0.9657,src_00550bc4eecb;src_00a6ca0bdccf;src_02418478aa22;src_02986f98ff00;src_03a8e7091c11;src_0415c4a2779c;src_0651e9cd6624;src_0866100add9d;src_0ad3b28fc701;src_0af45b26b9b3;src_0c421d95908a;src_116334025646;src_11e829a6eea9;src_123a59422a2c;src_158b25ce1031;src_164d174fb7ff;src_167cdada5701;src_185bdac7b07c;src_1e04309e81da;src_1e2ecce59c32;src_1eb213f6a93d;src_2241a47e0169;src_23a506789789;src_265329420616;src_268092970636;src_27d0d7b8648d;src_2931f630ea7c;src_2a6c78d43a4f;src_2c23f38a6baf;src_30bf619681d1;src_330157e1a3b3;src_3639f7dd183b;src_383be0fcfe44;src_3a7fe015722a;src_3e24e1b3b65c;src_3f804adc318a;src_4018dc920d41;src_403f18deccca;src_42acbb8979ce;src_4307da1671c2;src_466691ea6442;src_4bab62bb857c;src_4c12e9a29cda;src_50092e027ffe;src_50e132f4ce20;src_5256a3b087b6;src_52907016b567;src_52a8c1964bd9;src_5605160f1368;src_5ba4b256005f;src_5cc4605e7fed;src_5cc762f22be0;src_5d3f82c09f31;src_5dc6eff60e4f;src_6047cfb1b00a;src_613bb8c39780;src_65a22895d9d7;src_66e2835261db;src_69f270d2611e;src_6b1106d8a0ee;src_6c5dd18a9aee;src_6cf6d57e0815;src_6d20e7b90de3;src_6df357dae22a;src_6e686e6965ee;src_7245dad6c568;src_758a7df8131a;src_76ea2e9dec28;src_7856d2e3ec8a;src_78f5f79faec1;src_796c6531272c;src_7bb500001443;src_7f466579cf54;src_8234c8265ed9;src_854a54d8281f;src_85a8ccbcca6b;src_85b910862fa5;src_88ed7cb04f03;src_89c83c564356;src_8ac8100fb16d;src_8cadb9eb0eed;src_8cb398d9feb3;src_8eb62a107249;src_8f4655386c69;src_9058e96cb32e;src_92cd8647a2cf;src_92e5a41b77aa;src_93540c266d0c;src_941081a3053e;src_96b698849bb1;src_97507f42bc1a;src_977a85cfaad8;src_98b8886609da;src_9a36982c0921;src_9ef8bb765fa4;src_9fea54df6427;src_a1fd8ea70338;src_a536e21625a9;src_a80bc86a4c74;src_a99b5b0519c0;src_ac391480f493;src_adc0613339f0;src_aeb140e2f877;src_af5673b18ed9;src_b1a38dae1179;src_b5be30244f39;src_b690c33d116e;src_b8f2e2e078b5;src_bc84e105b908;src_bdb51a3ec28f;src_be2675f6385c;src_be3914de574b;src_be400fdcaa24;src_c1a9056affca;src_c926ab75ae4f;src_c9b1b002da68;src_cbc2e1ef65e6;src_cc018916c33d;src_ccc16c9aa643;src_ce3b68f023db;src_cfd91329b68b;src_d0a6f83989f3;src_d18949fab6b3;src_d19bb466f09f;src_d1db9dddc2c9;src_d237ba2ef54b;src_d6c3617cb557;src_d766d2637762;src_d7720521f891;src_d8f3497610a6;src_d93f1a3c17f7;src_db728f6470f5;src_e13ddcfa253f;src_e55f5a6c960d;src_e60d4757d153;src_e87fc9eb70df;src_e8964399db95;src_ec279b308cf3;src_ed1fb76c6025;src_ed20b319da03;src_efcc35e07140;src_effec4bbe827;src_f1e79811b257;src_f1f775a1a433;src_f4b19a61bcff;src_f947a4aac162;src_fa346dede646;src_fd40c59f39bd,Aria-MIDI,CC BY-NC-SA 4.0; non-commercial research and education;MIT;derived audio; source MIDI terms apply; SoundFont MIT
exp_bf664e655209,Frédéric Chopin,Romantic,wrk_73caf2ce98c8,wrk_73caf2ce98c8,rec_a3c967ad5a1c,sources/asap-dataset/Chopin/Etudes_op_25/10/xml_score.musicxml,sources/asap-dataset/Chopin/Etudes_op_25/10/xml_score.musicxml,data/downloads/maestro-v2.0.0/2011/MIDI-Unprocessed_20_R1_2011_MID--AUDIO_R1-D8_03_Track03_wav.wav,,data/canonical/alignment_events.csv,,1,119,musicxml,cpc_canonical_beat,licensed_for_research,complete_movement,,true,true,ready,cmp_d1e69a1bc1c8,Etudes op 25 10,scv_ff519277a743,prf_171af7f9e938,aln_7f9d26f5be28,source_recording,beat,source_provided_beat_annotations,source_exact,1.00,src_052bd98b7608;src_0c10c6764adb;src_0c1f6cdba10e;src_0c8caad494d2;src_108b034ab492;src_10a0b7334479;src_10dadb5872f2;src_12537457a600;src_134db4d05f16;src_1623db091e33;src_167ed80c73f4;src_16f3c38be475;src_17219f5fd792;src_18417ff852ae;src_19d1818ef892;src_1a2823aa96ba;src_1b5fd0e4fbaa;src_1bdd95bc292f;src_1f34b6100874;src_258323954a03;src_25ba9baca9de;src_274548bb563e;src_27cf7dc0cbe9;src_29065bf3d6ac;src_29def3dc0f69;src_2a8e1232dbc8;src_2fb74dff63ce;src_30b64a290f1c;src_31f4cdc32e9a;src_378d58c1d9f3;src_387a72bfa22c;src_3c903f7e5fa3;src_3ea82cec1915;src_426621b9f008;src_45dba40b90e6;src_4c3082c0364d;src_4ec8957f9fcd;src_50b71b16c916;src_51033555bae9;src_563e57d0e68c;src_573e81ff651e;src_576a6fe8b22b;src_581078c15cd1;src_5851d41881b3;src_58ecd2c62cbe;src_5adc07942aa0;src_5d61a8f402bb;src_5e7589aebd45;src_614cc6f86538;src_63afac83e057;src_64f89094df08;src_68619e5d35bb;src_6f1069aa4145;src_77173eed93a1;src_77dad917eb17;src_7a95fd4fa48d;src_7bb620da396b;src_7d1fc1f15f46;src_7db7d6b41308;src_83fb2a0982e3;src_848c18a9591b;src_8535f7df3143;src_86c2fae8f5ca;src_87415b8ab25d;src_8f52e0ce3e24;src_952f385d6caf;src_9771cdeb06b8;src_9880dd49837d;src_9ac82e3bdc49;src_9c851ee4cf49;src_9d20a45fbca8;src_9f436b8cb78d;src_a1e873e5d7d1;src_a205cd5755a8;src_a9768c8b5194;src_aa856bd9ae4f;src_af8eec4a8d9e;src_b02a525a4055;src_b174b65cc4b3;src_b2065f42bb86;src_b8bd01c7fb20;src_bc2a3cffa13c;src_befda25d26f3;src_bf52d9a6aed3;src_c031e780f96a;src_c0cbd5feeae5;src_c21d75d8fbfc;src_c4890a560653;src_c5ce7657b8f3;src_c9e34cd06128;src_c9fad67f2000;src_cffc57a44e3b;src_d4b34d84b203;src_d7838d9f6402;src_d8b8a47a340a;src_d90bd21defdd;src_dafe19cda4dc;src_db08d8670fcf;src_e739ac493ea6;src_ea81f539f70e;src_eac9ea742b45;src_eb47307ad677;src_ecc492f22e02;src_ed1a7ecc3ab6;src_ed2fd66636a9;src_ed6897ebbe74;src_ee76835ee821;src_f16a9d41a454;src_f527495438a2;src_f8cfd3fc6ffe;src_fc812b968ebf;src_fd3b0afc9701;src_feb206882f9b;src_ff9dacba79ef,asap,CC BY-NC-SA 4.0;mixed
exp_c0c4e00d48c3,Wolfgang Amadeus Mozart,Classical,wrk_27f86a8d1b8d,wrk_27f86a8d1b8d,rec_5669d689f7ac,sources/ACPAS-dataset/subset_S/Mozart/381_CPM_Sonata_No.16_C_major_Sonata_facile_KV_545_2/S_1513_CPM.mid,,data/derived/rendered_audio/fluidsynth-2.5.6-musescore-general-0.2-v1/rec_5669d689f7ac.wav,sources/ACPAS-dataset/subset_S/Mozart/381_CPM_Sonata_No.16_C_major_Sonata_facile_KV_545_2/S_1513_CPM.mid,data/canonical/alignment_events.csv,,1,106,mid,cpc_canonical_beat,licensed_for_research,complete_movement,,true,true,ready,cmp_b018b440fa23,Sonata No.16 C major Sonata facile KV 545 2,scv_b4516b796d3c,prf_1a8115be4703,aln_2c3914a8f679,synthetic_rendering,beat,source_provided_beat_annotations,source_exact,1.00,src_039d81c7f5a8;src_8f09e8460e2e;src_98e80603d674;src_a80bc86a4c74;src_e3eb8e7ac669;src_ebb01b3e93e5;src_f98502bc72f1,cpc-rendered,MIT;derived audio; source MIDI terms apply; SoundFont MIT;mixed
exp_c1ae8aeedaa2,Frédéric Chopin,Romantic,wrk_cc42b6bacfae,wrk_cc42b6bacfae,rec_5efef2e38aa9,sources/asap-dataset/Chopin/Ballades/2/xml_score.musicxml,sources/asap-dataset/Chopin/Ballades/2/xml_score.musicxml,data/downloads/maestro-v2.0.0/2009/MIDI-Unprocessed_03_R1_2009_03-08_ORIG_MID--AUDIO_03_R1_2009_03_R1_2009_04_WAV.wav,,data/canonical/alignment_events.csv,,1,204,musicxml,cpc_canonical_beat,licensed_for_research,complete_movement,,true,true,ready,cmp_bb516492de95,Ballades 2,scv_3eaa2e2c4410,prf_7ac8588dedf6,aln_a9657d421401,source_recording,beat,source_provided_beat_annotations,source_exact,1.00,src_021bf12b4129;src_0580acf2f2ad;src_08ee7b517c52;src_0a122be5e54d;src_0e349eb6b8b9;src_18a67195d3bc;src_193369e81e6a;src_1a65d678022d;src_1f90c4e9dd2f;src_22daaa3576cf;src_24a60d219d47;src_25d288f1575f;src_26a8346c5e34;src_28ea814d375d;src_2f4fb4aa0db3;src_314a3d49c9b0;src_317294a4f226;src_3191c768dc54;src_3480f870684c;src_45fd1aa5deae;src_49e8021a89cc;src_4f2bb44e5ce9;src_5a3bd4471b25;src_5b68322a8fd5;src_61837c612605;src_6bd3dd63c5e3;src_700ce1b1a046;src_72a8c59b9637;src_72c5d9879866;src_7656f324e9e9;src_7e93b9592f2e;src_82c57ec3dab3;src_85214c7dcbe3;src_92968eaec006;src_92f121b05b4a;src_9ed3badd65a3;src_aa418d0d1838;src_ad32e396608e;src_ae4a2096b884;src_b0ff64071645;src_b1faf3d013d4;src_b2f4b7d0a923;src_b4c99ee3beb4;src_ba999137a83c;src_bce72d5b2e35;src_c82ea8f39917;src_c92c84b3d680;src_c9761b842e65;src_c9e6e1d459d0;src_cebf7fa9ff57;src_d32c3c505085;src_d3631dc7ff42;src_d5f9ee84cd5a;src_d6526b1eaeed;src_da18876564a5;src_dbe7b38ca9a2;src_de72a04699ba;src_e02c1806f543;src_e0ff6964b851;src_e11d377250ed;src_ed283a1ed765;src_ef80da2ac841;src_f052eaf3b2bd;src_f117f0639495;src_f41a5c90415c,asap,CC BY-NC-SA 4.0;mixed
exp_c3fd11a4eb9a,Frédéric Chopin,Romantic,wrk_4faa2851f613,wrk_4faa2851f613,rec_e09253204c64,sources/asap-dataset/Chopin/Ballades/4/xml_score.musicxml,sources/asap-dataset/Chopin/Ballades/4/xml_score.musicxml,data/downloads/maestro-v2.0.0/2008/MIDI-Unprocessed_12_R3_2008_01-04_ORIG_MID--AUDIO_12_R3_2008_wav--2.wav,,data/canonical/alignment_events.csv,,1,242,musicxml,cpc_canonical_beat,licensed_for_research,complete_movement,,true,true,ready,cmp_be7f3d842db9,Ballades 4,scv_162d1ed17f49,prf_b626826da02c,aln_6d95991d1864,source_recording,beat,source_provided_beat_annotations,source_exact,1.00,src_01b7ac476801;src_02ececd48261;src_038c2da2258a;src_053301e489c0;src_065cda58f717;src_068a42e89287;src_07200cc6e7db;src_08842af11bfb;src_08c2749e629e;src_0a3133dac0e6;src_0a5404bef3b7;src_0a5514437953;src_0ab2ecf00c2f;src_0f5597844d86;src_11689eec5d78;src_13a18353f4ab;src_189b006ec2b2;src_18a3d0b9ff87;src_18b42396a506;src_1a81a1eaac82;src_1cdd15cb0dd4;src_1f326738e9f0;src_20cc7389f28b;src_2293383c64b6;src_243183cf4408;src_2733553a05ad;src_2778fd2dcd12;src_287957576ee1;src_288eac53b5ce;src_2db64cc5200f;src_2e4136aee754;src_30ff574b1a35;src_3148e77dba2b;src_31657423e2c4;src_339c6176be59;src_33a98b9a89f8;src_39003cae4bc9;src_40afba40c883;src_420f29aa4431;src_49bdf1ee03a1;src_4f2e85e6ff8f;src_4f3dfe97617a;src_5287502f0a37;src_56044f92e98a;src_5697656acf79;src_585256ac4876;src_58bd71642b29;src_59b48092e37d;src_59cfc84c1d9f;src_5c8b697d7688;src_5e967256cc12;src_6129fbd83338;src_6269151c1e26;src_68a0c13d8522;src_69158baae80d;src_6a7e8a69848d;src_6fe57703c3af;src_71afe0ad0150;src_72a4936d8278;src_73d245cb6478;src_7532762b055e;src_757947c99b18;src_76e44a20cd47;src_779e50654ba5;src_77e8504c409e;src_77ec91f91ebd;src_781131892823;src_78ec6189d1d7;src_78f83be1320b;src_795939d00945;src_7a8f318d0dcf;src_7ad8e0dbb46c;src_7b24a444b4fd;src_7b475c36d00c;src_7d6f1ee561d1;src_82887586661b;src_83406586ec0a;src_89718e79a0cc;src_8ac13e32c820;src_8c1219f84c22;src_8c9191241ea6;src_9079e8da200a;src_927033c31afb;src_94f89676bb18;src_9ec4071341be;src_9ef7c676d189;src_9fa845f6b6f1;src_a0280a852bea;src_a3af66dbe94e;src_a44f4e436e69;src_a499454a23a0;src_a4ec8d79a52c;src_a58de6d0ecac;src_a68c81e5221f;src_a8cc107e5fce;src_a941bb921cd6;src_aa36c62c39b3;src_ab4c34c8b3bd;src_ab99c922085a;src_abb1fd406c52;src_b03c8274c7a3;src_b21045e81502;src_b783f011e6d3;src_b81e36429cad;src_b95036c90e5a;src_ba1d81552555;src_bf7553b3d381;src_c279de5bb839;src_c39953258134;src_c4d3a75fbd7e;src_c759c6732900;src_c98f9e63cb41;src_cea13fb3c9be;src_cfc55f3437d0;src_cff6291485e5;src_d0eb3f153ce0;src_d7023bdbe790;src_d716e170a059;src_d835f18adae9;src_da888c0baa1b;src_db12fbfb86e1;src_dbf2650ef99a;src_de44898526fa;src_dfda685c9c84;src_e00520458d2c;src_e3b4ddb93488;src_e481789c72fc;src_e516cdac5e54;src_e8b8ac770fe0;src_e907edd6bdb9;src_e909a392e587;src_eefee922fe62;src_f0e2b2dd09a8;src_f143523fb87b;src_f5209c23c509;src_f86f383213bb;src_f8976b9db1c7;src_f9654f0d33e3;src_fd8df38f7ec7;src_fdaf92ef0bd4;src_fe4850c5efe5;src_fe7f3141f486,asap,CC BY-NC-SA 4.0;mixed
exp_c40e34b8676a,Frédéric Chopin,Romantic,wrk_3136cdcc08a9,wrk_3136cdcc08a9,rec_189409a355fd,sources/asap-dataset/Chopin/Etudes_op_25/11/xml_score.musicxml,sources/asap-dataset/Chopin/Etudes_op_25/11/xml_score.musicxml,data/downloads/maestro-v2.0.0/2011/MIDI-Unprocessed_17_R1_2011_MID--AUDIO_R1-D7_04_Track04_wav.wav,,data/canonical/alignment_events.csv,,1,96,musicxml,cpc_canonical_beat,licensed_for_research,complete_movement,,true,true,ready,cmp_3b04980a56a1,Etudes op 25 11,scv_4dd8e1445616,prf_bf1fab219b0d,aln_3a81a8a633f6,source_recording,beat,source_provided_beat_annotations,source_exact,1.00,src_0117edcf7362;src_0136c1fc476c;src_0174bdd637ea;src_01d2d376024e;src_03e7e4ecb0a7;src_04587b1998e4;src_04fb79339c33;src_057a426dd4d4;src_07be52ffdcfe;src_0803943b3b3b;src_0806767f52f2;src_0920d4fe4470;src_094c75666776;src_0a3bff604a5c;src_0b36fdbcc466;src_0be8ca736ecc;src_0c80474f6340;src_0c8bdd2124d1;src_0dcabd241fca;src_106e21fd811d;src_11ebd0112548;src_126f62246251;src_13b1bed47ec4;src_14ff767619ee;src_1525bcffcd41;src_1582f4b14a05;src_16db32b54405;src_1769febb050f;src_19ab7c6167c3;src_19b5ba739939;src_21954ebae089;src_2458321ebec6;src_24a6d0cd8aed;src_26499ebc67b4;src_274681bb9c12;src_27b2379f852c;src_2935bc5fb364;src_2b0e1ee99aa4;src_2beaa5f535ca;src_2cce741d8671;src_2cd602fc6748;src_2d164cbff494;src_2d945b98ca49;src_2da9197279ac;src_2e15a7b09fb5;src_2f49e2f4136a;src_2f4b60611760;src_2f8a3df83c1f;src_318802864317;src_31dcbefce4fb;src_321e2860ab50;src_3220a158300d;src_353c77180563;src_373d3b650494;src_375f3da80810;src_39c2f1d7bf3b;src_39ed922358d7;src_3a952b5a238d;src_3abd858d0d68;src_3cfc6471112e;src_3d46483ea6df;src_3dd5ccfd9477;src_3e6092e00d33;src_3f5f3a2d592c;src_40f5621ce26d;src_41c7ac49f630;src_423d0b4cfdbe;src_43b47854ee7c;src_4436c2b4dac5;src_45260e1c135d;src_45afb7ca80d0;src_463c0ff905d7;src_46b6d5de73f6;src_4850ae7c56de;src_4c30dfe39ad3;src_4cecad55461a;src_5086b93d5214;src_50afc7cda832;src_52bb46d08183;src_52ef63b9f1bb;src_533ad3127f7c;src_53a195ef4046;src_56d132ce58d3;src_58254be8e5ae;src_595958dec0e1;src_5a20b4a7b97f;src_5a5702c9e89d;src_5e01c8363288;src_60aa47ce634c;src_621b71d1fd9d;src_63f6a761aad0;src_652c6aa81ed7;src_65b701a2cae8;src_673a6413ec36;src_6744f16a71ed;src_683fccb28962;src_692498282257;src_6aedd6f10cfc;src_6b45797cc007;src_6c7bc24b7702;src_6cb427b03049;src_6d29d4ad90de;src_6dea3bee3223;src_6e36c276a1b7;src_6e7cee7ae3a0;src_6f65f55badf9;src_71770e5a1aae;src_7455ea41c307;src_74f011ea90bf;src_766469d13bfd;src_77ca3bc933c6;src_782d6abfc8c8;src_7951c5a7eb1a;src_7a1dadc74566;src_7a30f9480c15;src_7af50434b314;src_7da6dc447b36;src_82d013d5e6ec;src_8353646bf2a0;src_8485cdaa07aa;src_84ed6e943737;src_85efd12f584c;src_875e275b64da;src_87ab6908249a;src_8ad4dae4a85b;src_8af2330e4111;src_8bc8f1717924;src_8c2d548e15b3;src_8cdcb23a73e1;src_8fef7a0f0b46;src_918d7b94cee1;src_9b8d2aa77504;src_9bd9da517a15;src_9cb1f820601b;src_9cccac6223d3;src_9e5a0d66da54;src_9ef884b5d84d;src_9f5106d47a7e;src_9f803c1811af;src_a0824343c997;src_a09f90c3ef3a;src_a12c5bff9890;src_a19ff25bcb0c;src_a1f9e19bca1c;src_a2083e2c81d4;src_a35e5fb86f1e;src_a38ad2e4e126;src_a3e61eb1108e;src_a545fd5303a5;src_a696301d41f5;src_a7518195a372;src_a80bf1641e8b;src_aae18ddc3729;src_ab3ed3c687bd;src_acb38f564446;src_aced10221359;src_adc51af75412;src_add87d9a2093;src_aecd63d457de;src_b04772495b8a;src_b26feb86f3a9;src_b29a08f7e9af;src_b311e511d237;src_b472bc184e4f;src_b53d903b786b;src_b5d02c45165f;src_b7410ef3d87e;src_b747105d40c2;src_b8718bc55aa0;src_bb34ad7a2868;src_bb560c20753a;src_bc2998f8de8b;src_bcc77f065070;src_bd405180a519;src_bd97cb08b13c;src_be01bd3d8765;src_be0624a95038;src_be5c11b1c40b;src_be5c638c15cd;src_bef9e8f0edf1;src_bfe97ad735e9;src_c0e9ae117fee;src_c18ec6c7ba45;src_c1e6dd0fd3e3;src_c2a907e62f16;src_c5610e545c12;src_c6a7fac7ae82;src_c7a07f605567;src_c8bb23f005a7;src_c8bee3c9e499;src_caa9d9f3f28b;src_cb2868f3eb9f;src_cb328b9c03cb;src_cc7ccfc61bd9;src_ccc65133d3a1;src_ccdb8dde4556;src_cdd8d55aac66;src_cf23b584aadb;src_d245f909d51a;src_d2ae65f95227;src_d2d14e3e8b2c;src_d4bd5ca72db7;src_d51fa4269685;src_d665b6bc0e51;src_d73ef2187834;src_d85b4be52384;src_d889f4e579a7;src_d8988b1b4eef;src_da9552686d99;src_dbcc49d93dcc;src_dc522d37b09c;src_dd32d0cba4a5;src_de7068cb0ee7;src_dfe4b4121a7d;src_e0084c9b5616;src_e107fc10a5c1;src_e13033d1616d;src_e182a5717a16;src_e21350a1bfef;src_e2f2fd4e551e;src_e3f780124e0f;src_e552a31bedb4;src_e56b1d8491e1;src_e5ae8e3dbb79;src_e83c5dcab9cf;src_e88822e93183;src_e8e5d8c1dd73;src_ea6e7f7b27ec;src_ed35153a90bf;src_ed9260d6d4bf;src_ee8affbbc3f8;src_f09c30169433;src_f1609effc52b;src_f1eccc9dd6e5;src_f34315aa2f0b;src_f3cffe1d2613;src_f52197d4928b;src_f5cba0cbd728;src_f5e5a32fd4cb;src_f67cc92b46e1;src_f6b41a721145;src_f7ac0eea2804;src_f82c40750f49;src_fa7f479ff016;src_faaff46a7c07;src_ff463af8b69b;src_ff49a8cff247,asap,CC BY-NC-SA 4.0;mixed
exp_c5979400d7d2,Wolfgang Amadeus Mozart,Classical,wrk_2fa6d226fadc,wrk_2fa6d226fadc,rec_2cc14c88544f,sources/ACPAS-dataset/subset_S/Mozart/374_ASAP_Piano_Sonatas_12-1/ASAP_12-1.mid,,data/derived/rendered_audio/fluidsynth-2.5.6-musescore-general-0.2-v1/rec_2cc14c88544f.wav,sources/ACPAS-dataset/subset_S/Mozart/374_ASAP_Piano_Sonatas_12-1/ASAP_12-1.mid,data/canonical/alignment_events.csv,,1,229,mid,cpc_canonical_beat,licensed_for_research,complete_movement,,true,true,ready,cmp_adac7544dea5,Piano Sonatas 12-1,scv_7366396ee839,prf_a2b246a18aac,aln_48d4712dba4f,synthetic_rendering,beat,source_provided_beat_annotations,source_exact,1.00,src_07c22c5396d6;src_0afebc7f4cff;src_0c94bc9a0e09;src_0d15c86aa340;src_0d5603dbe5e3;src_0fd8d55cd61b;src_15c2c8e7aaaf;src_1abf3c8199ca;src_24f037f265a0;src_2feafe77fb45;src_3161b43d12a2;src_398046b41b1f;src_39bc93a264a3;src_3ef7724dcb93;src_42c5a7472dd4;src_449c619e7b06;src_44c9e83e2d34;src_46036bca0454;src_460e23dafbfc;src_47e3eb9be6ce;src_4d473ef2028b;src_504f51622168;src_5455dc5e0fa6;src_5966c9239ca1;src_59cf516a57bf;src_6517247c666e;src_6795939e6905;src_681be5f7819e;src_6b06642a3a16;src_6d2472e2eb85;src_6d5c740f350c;src_772c8d92b1ac;src_7ad99a4a6282;src_8267604413ee;src_829ca567d246;src_8389b18fede1;src_8afeb6414517;src_8ca285a77009;src_8e75c9965045;src_91f15e348e6d;src_969c75c98765;src_98e80603d674;src_9d2daae1dc76;src_9d66394bc6b2;src_a0235c846619;src_a0ec28194667;src_a18c5fba0ec8;src_a5f6b1f808ce;src_a80bc86a4c74;src_abc1e0a78631;src_ad95a65e4d1d;src_b1d09323c87c;src_b215e701b9ef;src_b8961303feef;src_b9a375b16e03;src_be798d1d6a18;src_c049239c45e6;src_cab548b856fb;src_ce5143c5b12f;src_d17a07d367c8;src_d2adad0aa7f7;src_d44fe079d778;src_d8111c00e6a7;src_e005ca1d8e02;src_e1aeb70d3627;src_e3a1a16defb3;src_e625d38f1681;src_ea16300f0a82;src_ec60949d9db9;src_ecc096c385aa;src_f1007a97618e;src_f2ded2ea8b0d;src_f30c0b1b8b1c;src_f36c44d72230;src_f551b24ef60f;src_f665ed0359ed;src_f9e88dfd3a1f;src_fc48810e4a22;src_fcec570aa9d5;src_ffaea669dcba,cpc-rendered,CC BY-NC-SA 4.0;CC BY-NC-SA 4.0; non-commercial research and education;MIT;derived audio; source MIDI terms apply; SoundFont MIT;mixed
exp_c7583ce320ea,Frédéric Chopin,Romantic,wrk_2ea4ae59ea14,wrk_2ea4ae59ea14,rec_02ad3f9baa26,sources/asap-dataset/Chopin/Etudes_op_10/4/xml_score.musicxml,sources/asap-dataset/Chopin/Etudes_op_10/4/xml_score.musicxml,data/downloads/maestro-v2.0.0/2017/MIDI-Unprocessed_044_PIANO044_MID--AUDIO-split_07-06-17_Piano-e_1-04_wav--3.wav,,data/canonical/alignment_events.csv,,1,83,musicxml,cpc_canonical_beat,licensed_for_research,complete_movement,,true,true,ready,cmp_3840f26af604,Etudes op 10 4,scv_828c93ba4c1e,prf_2b8d3ef3ae3f,aln_f7bd57d7be02,source_recording,beat,source_provided_beat_annotations,source_exact,1.00,src_00435d154e8e;src_00493e711d06;src_02d5f448e252;src_06661b8a0af2;src_074098c68b87;src_08d3d01fb869;src_0bb476b5b453;src_0bee72ecedb1;src_0e8411e873d7;src_0f6994d36e3c;src_133c0b50fe48;src_142e62f5af0e;src_1568a1206855;src_175bf20b0beb;src_18fcd5845910;src_1a8e7c4c3ae7;src_1ab40fcf30b2;src_1b1c0b6fb982;src_1b81d7198d7c;src_1e61197f7f3b;src_1e92e6c4aa44;src_1fb68ddeb4e7;src_22abd18cd1e7;src_23fbf1d7152c;src_24accc41700e;src_25be3551181a;src_25f3f1cfdfe6;src_260ff8936ac1;src_27091cb2b7c1;src_2a9c97c6263e;src_2ac16978e6f1;src_2bf3b5d35c6a;src_2e04a5aaf970;src_2eb90af37b6d;src_2f568fc374a7;src_301883723571;src_315b19b0a72c;src_319948a6ee86;src_31fc3ead56c3;src_3203be84752d;src_363b658499bb;src_36434f9715d0;src_39c8ed66d683;src_3ac1fa0c9463;src_3e0134e92264;src_3ee5897a59f8;src_40ecf364b7dd;src_43b0fb9c4a91;src_43bc146ebb76;src_45622a59eed8;src_46af1c2989f5;src_48b69c87e5f6;src_49c19bd547fd;src_4b12f6fb0dfb;src_4b17aa1b6659;src_4d23ffbe64d3;src_4dd63d710066;src_4f01e6ad10b1;src_50c9596611aa;src_517e5cd89b51;src_52dde52a34ed;src_53746fe22635;src_5433fff9f958;src_546bc53839d0;src_546fb58f0e79;src_54958adef32c;src_56ebe5323c91;src_574a22f2a78e;src_584252941fc5;src_599738ef8f07;src_59d344ed4a31;src_5a0df20488a4;src_5ab73682c4c1;src_5c52a40481f6;src_5c5ca63bac97;src_5ffd3d804cdc;src_614231554a72;src_62bd7a5da2a0;src_64deedb2002e;src_66b5ae995323;src_66dd8490f08f;src_68a5d4edcf17;src_68cc0e1f735e;src_712f757a8898;src_71516b3eb864;src_71a33f189040;src_722a5a46897b;src_72740c399dac;src_7296f0509261;src_72df3fcf6a78;src_73e6ef81c38d;src_7517776f1a48;src_76817c986ecf;src_77b937613ab9;src_79208e685b4e;src_79a659586b70;src_7a8ff5d1ee58;src_7ba6c5115038;src_7d797ed95ab0;src_7f0479e52676;src_7f84f882bab0;src_80bc2719d6f2;src_818313d9c6ef;src_819e473011cb;src_8436ecdf80bb;src_84cede3136f0;src_85561b46e4ac;src_88a78fba425c;src_88f456185e42;src_88fb456b207b;src_890db1098a74;src_8932adaef3db;src_8accf80be009;src_8beae127cb2e;src_8c69cedc9552;src_8d1421f7c6d5;src_8e0f31f5c660;src_8e68636225be;src_90b77a2440b9;src_91510879e4f3;src_93c7e1341dd0;src_93d7378bf0b8;src_943bf152a149;src_94aa636b5b62;src_96267656faf4;src_96567c396e1d;src_966dc4721014;src_9670cb76f632;src_967c0d91894f;src_983daf52931d;src_9be8a2c5c60f;src_9cb41b6fc217;src_9da8a8ae9ef1;src_9ec72286206e;src_9f1cf138ee42;src_a04ebe63c80b;src_a41b4d5ead6f;src_a514af7d8a2a;src_a65dc5011930;src_a7665abb2178;src_a7e0cd1ec2d6;src_a831131fa8bd;src_a96d16500d3a;src_aa09b1ed01f3;src_aa7124c0fbf6;src_aac33758e112;src_ac75d76cf9b7;src_ac9571007754;src_ae0809a8c3c8;src_af2e4edae436;src_af5b9ef2e611;src_b0ff2ce14afe;src_b2f1ee6182b7;src_b440731d0e5c;src_b444849616c4;src_b45722bf9d36;src_b59cf9da73a2;src_b71321f5af8c;src_b7c4c58b5eda;src_b8b17b66730d;src_b8d4799103b0;src_bc0024852ba7;src_bdd09519724a;src_be5eeb31d7ee;src_be789afd4ed9;src_bee0aea3f3ac;src_bf72b993ddb8;src_c0eadba0e5dc;src_c167a56c87fe;src_c19195c14130;src_c1eddaecccf6;src_c27b43bfc925;src_c2d0a26e50b7;src_c32991d3213b;src_c523603361fd;src_c9d66e884e9f;src_cb8b1b94e443;src_cc97c188fdf8;src_ccead01ae2c8;src_ce9f765d92fe;src_cfdd3b4360f0;src_d08790730873;src_d120954538f3;src_d241690bee53;src_d394125bf16d;src_d50de97ae7a2;src_d70d1a85c779;src_d8defb8b6812;src_dae18a78f4a1;src_dc35f738ea75;src_dc4be58cf824;src_de496ed6d4d3;src_deedd6b985e0;src_e0f596b7bc08;src_e11723d1127f;src_e1276e6d1733;src_e159e5d150a4;src_e3022ae1a44d;src_e39ba0db8f7b;src_e3bf1b01f721;src_e44308f8330d;src_e53d853a3cab;src_e5bcc2023b0d;src_e7f423e3cd53;src_e82bf45d3171;src_ea08f8a7b770;src_ea31f1942ff1;src_eac2e58d066d;src_ec84238ee412;src_ec9d66968101;src_ee5176015da6;src_ef521e81b719;src_f58748654ad8;src_f59850e84dd5;src_f60ba7fcde2b;src_f6b3d1da4934;src_f71cf5923d91;src_f8549196f39c;src_f9b1fac75d23;src_fa64efb924ef;src_fc1e8cf023fa;src_fc226cb27a46;src_fca5df633f7d;src_fd24d379b6d4;src_fe4bb24e7485;src_ff07dae714ff,asap,CC BY-NC-SA 4.0;mixed
exp_c8f9f2b9698d,Wolfgang Amadeus Mozart,Classical,wrk_2560ee3c066b,wrk_2560ee3c066b,rec_c1ee8c62d6fd,"data/downloads/pianocore/1.0/refined/Mozart,_Wolfgang_Amadeus/Piano_Sonata_No.13_in_B_flat_major,_K.333/2._Andante_cantabile/score_ATEPP_refined.mid",,data/derived/rendered_audio/pianocore-1.0-a-star-mozart-fluidsynth-2.5.6-v1/rec_c1ee8c62d6fd.wav,"data/downloads/pianocore/1.0/refined/Mozart,_Wolfgang_Amadeus/Piano_Sonata_No.13_in_B_flat_major,_K.333/2._Andante_cantabile/score_ATEPP_refined.mid",data/canonical/alignment_notes.csv,,1,163,mid,cpc_canonical_note,licensed_for_research,complete_movement,,true,true,ready,cmp_0d6dc778db4b,"Piano Sonata No.13 in B flat major, K.333: 2. Andante cantabile",scv_4d3b7d32d8e9,prf_f873d6dfafd6,aln_baafd61740f9,synthetic_rendering,note,pianocore_rascop_refined,pianocore_a_star,0.9589,src_00b20218014c;src_02c0116b079d;src_031d08bd46c8;src_04442246c79a;src_0573764bddc8;src_05870f288619;src_067144739e1b;src_070a235847b5;src_072e9a694a1e;src_097f3457ae65;src_0ca1aeedbcbc;src_0cf7f797e156;src_0eecab7cb882;src_0f49ff793f6a;src_1183f9dace0a;src_1192d75848d5;src_12cf97250931;src_181130afeb36;src_18525dedadea;src_18702e7201b9;src_1885940818c9;src_18e1263bbf52;src_1c1397a3d208;src_1c558c418699;src_1d553220f854;src_1e0a523cb592;src_1e173bf080b1;src_1e2ecce59c32;src_1e52c290717e;src_2070982baefd;src_219cabefa966;src_23b159b14fbf;src_2473d6a25cfe;src_25d109abce16;src_262bada7354d;src_264100fb25af;src_28d3d4ba464f;src_2c746f9890fc;src_2f295fdc91c8;src_2fe1a801d45a;src_30d771168773;src_3309dab4dfce;src_33a445bf3261;src_356004d34b1e;src_3814aeb0d54c;src_386b0134bcdc;src_386cdf02d9f5;src_391a98e9e18f;src_392721a170e0;src_39eba1b06e21;src_3aa189f8fe61;src_3ad6d4dcca3d;src_3b3acb362506;src_3c1b5000ddd8;src_3c58206a2dfd;src_3c94c2b165e6;src_3ccdf8986169;src_3cec31e2172d;src_3dc1ca3906d8;src_3e4b84cde8d4;src_3e9a1daec524;src_3f2752625cde;src_3fef7abbc07b;src_4063180e679e;src_40c2a65e5c5b;src_413333593a5c;src_4134d72c1700;src_44944ad1720b;src_4620ea10f0d0;src_463a0475631d;src_464311e7bb95;src_46afc0b20494;src_499f2cffac2a;src_4a87d8cbb8ae;src_4ad817ac955e;src_4b0391d58a9e;src_4b8a76d6ccfb;src_4dbf818ecce7;src_4dd813a641be;src_4e16ac4e970e;src_4e6139f2c296;src_4e701780a0c4;src_4ec89f9171f2;src_5033e21bb113;src_503f4103ce0d;src_50f0f9fbfca7;src_518ea69f5fda;src_51a51053ac88;src_526f32d83f36;src_53b1095bf8a6;src_53dd2bf59096;src_565477bccbbb;src_58019ee0eccc;src_59f168631dcc;src_5a452c57df23;src_5aee3e467d00;src_5c228ae02f10;src_600ed3b8dd08;src_6112791fd63d;src_615e92d48f4a;src_6387312646e1;src_6431d07c102e;src_6be6b8f5c5a4;src_6c80c515b634;src_700f18b03845;src_72e956ca534a;src_74198cd92f4c;src_742ac81c729e;src_74481f00578c;src_74712989d9f0;src_752853443428;src_75c1754c29d8;src_773edd614ce7;src_778335a6960d;src_7a661b33b0f8;src_7a942026a989;src_7c0f058fc32a;src_7e3838e3d56b;src_7f0eb50d95f6;src_7f5cab9f8b4b;src_7f6f2c47868d;src_7f7abb31e590;src_81346680f401;src_81688f44253e;src_836c0649eea5;src_8681f63f8426;src_88e138228d87;src_897376d53a11;src_8a36812e3061;src_8a588c137516;src_8ce641c5d30a;src_8d6fda4a5515;src_8de5d77ecb00;src_8f26ec122ca7;src_93249397c296;src_958f0e510b94;src_96c92d27a5bf;src_973858e23913;src_9862ee2bac1c;src_986f58cd1ee3;src_9aa31efc8004;src_9bd9bc2d8ab0;src_9edb48fa144d;src_9f7ce39d9075;src_a19f6a548db5;src_a1eb2cdebe1e;src_a20b146af6d8;src_a2de1b04f341;src_a3d182ff04a8;src_a4bccef72c42;src_a54474c9d704;src_a593dd1224fd;src_a594b4e5b44d;src_a676821dc8b6;src_a744b2a9b9a6;src_a80bc86a4c74;src_a9a0b74075c7;src_abf5e4728cca;src_ad2cc8362ca6;src_ad3e065e2fef;src_ad543c8b4754;src_af287de91dc5;src_b0305b42aa8d;src_b12d5cedcea8;src_b22e254aaca9;src_b2b1cda529c9;src_b4a8c413c511;src_b58485e3cf03;src_b74b5aac3607;src_b8acfe406685;src_bb93bf6c32ce;src_bbbd165013ca;src_bde87120508b;src_bed4f8c544bf;src_bef1eba66066;src_c0841603d8af;src_c0e5d5657fce;src_c0f3b662d3ae;src_c2e883b437a3;src_c3a1a77f684a;src_c4818835be9b;src_cbe86b715d15;src_cd8da12c208e;src_cfe825cfc00f;src_d2f82bc5bced;src_d347e81c1ade;src_d359abdda7e1;src_d3d092cf4da3;src_d4a9e62df429;src_d56d6ebbaadd;src_d81475f8eeac;src_d996f7ddbe6e;src_daf88bc70bfb;src_de5022fdd7a1;src_de65fcab3609;src_dff12f1610d3;src_e2b4aaea6a9d;src_e35b02c2f1f7;src_e3d12e12ee0e;src_e452ca717ca3;src_e4ac9b9034c0;src_e617fe6afc7f;src_e84d23293052;src_e93463bb2e17;src_eb47a953b727;src_ee8bf4564c96;src_efa65d13cd70;src_f020547a5ca4;src_f1d8782f7ce3;src_f30df3d1071a;src_f45a99f1debd;src_f53a98451dad;src_f67758fd9860;src_f71e57ae5798;src_f8d2b49b3da0;src_f8f0e7e64e0d;src_f921957f9931;src_fb0398d93ec4;src_fc0f7e8ceece;src_fe7f61bae963;src_fe8b1afa9058;src_ff078890bd3b;src_ff5d30daf810;src_ff8898a40293,Aria-MIDI,CC BY-NC-SA 4.0; non-commercial research and education;MIT;derived audio; source MIDI terms apply; SoundFont MIT
exp_c9c14043071c,Wolfgang Amadeus Mozart,Classical,wrk_f2fd7348d34e,wrk_f2fd7348d34e,rec_43fbc3022696,sources/ACPAS-dataset/subset_S/Mozart/376_ASAP_Piano_Sonatas_12-3/ASAP_12-3.mid,,data/derived/rendered_audio/fluidsynth-2.5.6-musescore-general-0.2-v1/rec_43fbc3022696.wav,sources/ACPAS-dataset/subset_S/Mozart/376_ASAP_Piano_Sonatas_12-3/ASAP_12-3.mid,data/canonical/alignment_events.csv,,1,245,mid,cpc_canonical_beat,licensed_for_research,complete_movement,,true,true,ready,cmp_ef443eed1fe6,Piano Sonatas 12-3,scv_2a284f591bd2,prf_86ba2fb9e841,aln_ab6e69821132,synthetic_rendering,beat,source_provided_beat_annotations,source_exact,1.00,src_00892c94453f;src_05fce6a1c094;src_082f5c6bf2e8;src_08e0bebe976d;src_0c55f3b2d324;src_0c57b0064acd;src_0cc8ec2a9729;src_0d77f89abc0e;src_0fd8d55cd61b;src_15c2c8e7aaaf;src_18c259203e28;src_230b83e7eb73;src_253ba719c792;src_28a2fbdb48e0;src_2d4c3f088c38;src_3a55a4800637;src_3c03b156384f;src_3d278fa1649d;src_3ea8f3df8a60;src_4381359fce9a;src_482a35184ba3;src_503c2db2ad29;src_510e5a6ab9ae;src_57f12b8cee90;src_63b49285a011;src_6517247c666e;src_68750706644c;src_6914081268ab;src_6944674d32bd;src_697613977243;src_6da7d92c3af7;src_7175e59affda;src_723a743b598e;src_73f40f01bd0a;src_76196252854b;src_791e601a8fbb;src_7c64b7722edc;src_7dc1d307f632;src_7ff9adc224ec;src_80a9c89b82ab;src_85955f07b57b;src_89a8148f121a;src_8ca3d224d6b1;src_8f4d84f70757;src_9160550b7c11;src_983129b28bef;src_98e80603d674;src_9c53262fd73d;src_a54e9255e601;src_a80bc86a4c74;src_ad95a65e4d1d;src_bc24ebd953f3;src_bc6797f5e8e6;src_c0c40c6aa029;src_c499401e65d4;src_c6d1c330ce90;src_c90c4af85197;src_d31196f2b412;src_d75b18bee77a;src_d9d40eb428b4;src_db2d4752bd56;src_e5bbb70b5783;src_e7744dfeddfd;src_f30700d5fdeb;src_f34d0412381b;src_f93243e72c48;src_fcae82b0b106,cpc-rendered,CC BY-NC-SA 4.0;CC BY-NC-SA 4.0; non-commercial research and education;MIT;derived audio; source MIDI terms apply; SoundFont MIT;mixed
exp_cc20d9a06ef5,Wolfgang Amadeus Mozart,Classical,wrk_f668e972943c,wrk_f668e972943c,rec_f748d209625f,"data/downloads/pianocore/1.0/refined/Mozart,_Wolfgang_Amadeus/Piano_Sonata_No.16_in_C_major,_K.545_""Sonata_facile""/3._Rondo_(Allegro)/score_ATEPP_mini_refined.mid",,data/derived/rendered_audio/pianocore-1.0-a-star-mozart-fluidsynth-2.5.6-v1/rec_f748d209625f.wav,"data/downloads/pianocore/1.0/refined/Mozart,_Wolfgang_Amadeus/Piano_Sonata_No.16_in_C_major,_K.545_""Sonata_facile""/3._Rondo_(Allegro)/score_ATEPP_mini_refined.mid",data/canonical/alignment_notes.csv,,1,74,mid,cpc_canonical_note,licensed_for_research,complete_movement,,true,true,ready,cmp_2cab26df7266,"Piano Sonata No. 16 in C Major, K. 545 ""Sonata facile"": 3. Rondo (Allegro)",scv_524da79caca9,prf_1cff9eee182b,aln_2d7859b0a572,synthetic_rendering,note,pianocore_rascop_refined,pianocore_a_star,0.9927,src_000a4b6e8123;src_002a160668fd;src_007f74d22f30;src_011e25f62111;src_01be2d457b96;src_01e4c0f000dd;src_0219d2c66073;src_022a94637a32;src_0306d269c4ae;src_04383d7b36a9;src_04a5ffc2d898;src_04d556f1b879;src_056f911290cc;src_05ce52dca4f3;src_06093e6b642a;src_06416f194ff8;src_06dac35659be;src_06ec099c8826;src_076530a0bd98;src_07ce5371589a;src_07d9bdddb46b;src_07ed09449645;src_08641db7b691;src_08b8c7943136;src_08db2a5ccfb8;src_0ace6b9e1c6e;src_0aedb1cdc844;src_0b7bdf582e07;src_0d13e42a99e0;src_0dc2873bb29d;src_0dd19ca3f9cf;src_0ddb922083b4;src_0de63e163920;src_0e38cd4c78c2;src_0f26f1d54477;src_0f850c24a2e4;src_0fbae19735ea;src_104fe49dbd4d;src_1106759bb602;src_114b1e72dd23;src_115aae4b8def;src_11795f507f2e;src_14e17735daaf;src_14e54aeeb77a;src_152022b5d19b;src_15deef2a74bb;src_176f20f7d8dc;src_17d856d76849;src_17de8f9cdcdb;src_1889855dbaf5;src_188eda601cf5;src_18ba990cbba9;src_18d2ddda41c4;src_18f10292cbf7;src_1adf35e19dc5;src_1afa2143357b;src_1b90a36cc44f;src_1b9487413cf7;src_1b9bd494b901;src_1bf471950b4b;src_1c4790c7dd72;src_1ce82b0f0dec;src_1da11b401a1a;src_1dcbf6456e24;src_1e2ecce59c32;src_1ee874b65789;src_1fe868a4472d;src_2023d510be81;src_20575f0892c5;src_20ed712dd7b5;src_2178e40e4b78;src_21a60aaf41cf;src_21a95884646e;src_235b81aa2275;src_247a55d097cf;src_25762d50e8bf;src_257f9c44b2cd;src_25cee252e2c8;src_269ed708fe44;src_27130435ecdd;src_272ddfe7786a;src_277026666b40;src_27965cf758f1;src_27fdb366bcb8;src_280299916ea6;src_281b2ba13c3a;src_282de54a5285;src_28aacfdf4af1;src_2933571ab2eb;src_29c1d74ef373;src_2a03b819e85e;src_2ad12333a54b;src_2afa37db6d15;src_2b140714a6d9;src_2c2c3722eea3;src_2c586ac79468;src_2ca6dc966498;src_2f7694fcfa97;src_2ff67a41df47;src_30c2b0f0cb0e;src_31f3c09398e2;src_320395db986d;src_3208b1487c4e;src_3239ce939448;src_326b9806f08e;src_331c9ddbf735;src_33497f00b4f9;src_336f20110c05;src_33922449efb8;src_33edf335ecdb;src_3467683114d0;src_347bb595b805;src_34b45025bddc;src_35d4bb205d10;src_3632af02a1b0;src_36b460f5c397;src_36cb2d306cf2;src_37a5434827e1;src_38755fea13fe;src_38e42c536e59;src_3a38d0419ad3;src_3a568822b281;src_3acca04b07bb;src_3c2c6297a662;src_3cd010b921e0;src_3d398c34736f;src_3f3d3370e740;src_3f7aeb5e4778;src_40be2f425211;src_40c75eff9a5e;src_40dfcb80e22e;src_414c530777be;src_41cc15cf675d;src_4379e8d561e2;src_43d865d1cdc3;src_43e387075042;src_446dd4acbf6f;src_44e3c73a2902;src_45003672e0a5;src_453c233a3a60;src_45d5297fb7a9;src_468bc36475ab;src_47790cbd2001;src_47d78dbcc438;src_483397fcc956;src_48a5a60537ba;src_48b0e9f28959;src_48cb4e76e905;src_4a473abf49ae;src_4a6137c56339;src_4be31533d60a;src_4bf1a12f2bca;src_4c314fe8f8a3;src_4c3a2e7fb345;src_4c9e95f393ea;src_4e7208095d66;src_4ec6dadf660f;src_4ee27fb656d8;src_4f3fd3295b2d;src_4f486982654c;src_4fc6a4aa83aa;src_5080f39bf3d3;src_509b01739d45;src_5199bef5519d;src_520bb1176ba6;src_5212b831f83b;src_52a9366edb38;src_52f71bb9b39f;src_532544168195;src_5377066fc23c;src_5390b6bc6402;src_549d2332937f;src_5571502652bb;src_557d7a62c095;src_55b3c7dd102f;src_560c3376dac8;src_561d5c67ec9b;src_56304400927f;src_564275435703;src_566720080c05;src_56e486099f11;src_5707bab90f48;src_57f44d0a62f5;src_583d9ab3b7a8;src_590f31da4298;src_5967b67007e1;src_599ce44d4032;src_59d71938163e;src_5a0316290ac7;src_5a25ecab1470;src_5a30a12f76d2;src_5a68d4f1e23f;src_5a8ad270ca16;src_5ab491a74a31;src_5ad728dd76a9;src_5b97fe7ea652;src_5c043b5a6bc7;src_5e6196714a24;src_5ecc6e3f3f84;src_5ef9821d5121;src_5f3a2803ab26;src_5fa74019beb1;src_5fde361f7788;src_6055fd9b68d3;src_6096a2b4618e;src_60fa39191ca5;src_613d9b1f8e4a;src_6151e4b1cac7;src_61573cba515c;src_61e1aaf249d7;src_622aee2a69e3;src_628fc5561e97;src_63ec199d22a4;src_64336b785588;src_644aa863ab5b;src_64b3a3feff83;src_64bd60e434dc;src_65b5e9ee834b;src_65cebacf9251;src_667e0300753e;src_675240ef09dc;src_67cdfc83e1c5;src_67fad3b95443;src_6824fa53a586;src_6863abe4b4cf;src_688cfb481825;src_68b00b941314;src_68cbac4e8ff6;src_69a6f592c67f;src_69c761826f3c;src_6a027972fbe4;src_6a22cd5da78b;src_6a9041c3adb6;src_6ab862505f60;src_6b1c166e85d6;src_6bb939cb1195;src_6c752f85c51f;src_6d6778044c71;src_6dde59d27b1d;src_6e92c28c1956;src_6eadc1ea3e42;src_6eed35e62ad1;src_711ba7864845;src_713313cbf044;src_7204c36759ee;src_732b84e5b2d3;src_7346be45ea62;src_738bdc24d253;src_73cdce5d795d;src_741ed39cbba0;src_74319cf19671;src_74cf2a542b74;src_750ae5fc7539;src_756dca4a68bb;src_7573259e5a5b;src_7752ad32fb84;src_77ab2651b9ee;src_77eec58630ce;src_781759977aea;src_7817f2a3f96d;src_782cb4f07033;src_78a5b313a062;src_790238c09840;src_796f3997a784;src_79c0ae082a73;src_7a942b2d8eaa;src_7ac145fa540c;src_7ba293dfb05f;src_7bc66f746b06;src_7c3fa263097f;src_7c90afdcec27;src_7d249ae1e719;src_7e738302f2e3;src_7eadf7b7b92d;src_7f25c1c73251;src_7f8ec14a91c3;src_7f9d29382b0b;src_7fce1bc85c3d;src_801248b9777b;src_8022b29694fb;src_807368f24184;src_80845653a2d0;src_810750ab7da5;src_81b15eb94224;src_82320daa4b58;src_824f470c89fc;src_82570ab8804e;src_826d4f0cc240;src_82de784b904a;src_848a40bf1489;src_852212e58ff6;src_852b8e79ed47;src_859053aa0723;src_85a09d9fe136;src_86367be43aec;src_86949f3dfb8b;src_869a09e9c868;src_8715e92f5354;src_87463a20fbf7;src_883c92db2b0f;src_89223bb8b852;src_892d92445703;src_8a3cb5133d3f;src_8abdeeebaa83;src_8ada105c2d14;src_8aeb2f0a1b82;src_8b3ce8073e28;src_8bb2da952001;src_8bbd45fb1538;src_8be2079337f7;src_8bff7988a227;src_8c26787a3560;src_8c27c45e8196;src_8c333f895231;src_8c6d7905a596;src_8c85c0fe438f;src_8c9989dff971;src_8cee0d4e5f6c;src_8d38be9d757f;src_8d64a72d8305;src_8da42b0c7cc3;src_8f0d1beceb27;src_8f1c801fc815;src_8f8bc249a9c8;src_8fc843c141d6;src_8fdbc81892e4;src_909437c67488;src_91f0f739539f;src_928b0cd61869;src_92b0f559d424;src_92f17287b6d0;src_93113cc3b9d0;src_9326d1d0bdc3;src_9419a2fd96d5;src_941e5f02f0c9;src_94b26d4b1150;src_96327a01f860;src_967e5429b80b;src_97288394c9b3;src_97dfcd359a8a;src_9827d8900341;src_982fd7ec48c6;src_98bf5841352b;src_991dc8916ba3;src_99466ea49db3;src_99c8129e0c09;src_9a3c111a09a0;src_9c263cf9aef3;src_9c479bf2c5d9;src_9cdaf0e47907;src_9d78bf41b526;src_9dff96b686c4;src_9e5cccb9225b;src_9e84cfb436af;src_9f10dc78c1b3;src_9fab7440da5c;src_9fef910e3c21;src_a0fe1dca7583;src_a1157a2d4bc7;src_a20a1eec8736;src_a22c47873c57;src_a27bc23406ef;src_a367fe3dd7f3;src_a3e7f7cdf1eb;src_a494196b383d;src_a5462083fc25;src_a5a92c81baa1;src_a5ba5626f636;src_a680c080cf02;src_a681013c36c8;src_a74009a5aecb;src_a76b14ebeff2;src_a80bc86a4c74;src_a8217a279df1;src_a980ebadeee5;src_a98bd807e125;src_a9fba1d26b38;src_ab4685255a96;src_ab7c0b859af1;src_abc2039f248a;src_ac71ceaa1afe;src_accb86ec58a2;src_acf990634ac2;src_ad028d72f811;src_add3c206693d;src_b0d058dd1af6;src_b19d63c8dea0;src_b2182ec0387a;src_b2490eb0b42f;src_b2f6822bf118;src_b3533de68c97;src_b3a31dee695f;src_b411cbc14cfd;src_b4df538ca39e;src_b52d3ec233a1;src_b5d1c23b2016;src_b627146d7738;src_b660712708a1;src_b7a1c79046af;src_b8905e611fc0;src_b8ed835a8892;src_b9085bfdc50c;src_b94586cfa80b;src_b9870f418a87;src_b9977d348b6f;src_ba0123029ff8;src_ba19b400c591;src_ba2ac3ce6c84;src_ba6bef4fe6ce;src_ba6f9124143f;src_bbd19b286ebd;src_bc3be69620db;src_bc9d04c5f016;src_bcbf833e3f5b;src_bcdaa0c37101;src_bcdcb7e9cf08;src_bd08dffef6c2;src_bd326433f686;src_bd387e8e695b;src_bd64563549a6;src_bd8311acb010;src_bda3adfbadac;src_bdd2e94d2c31;src_be8fdd274be8;src_be9c967f16bf;src_bec6687bec7e;src_bf01709cb5b4;src_bfae334f6421;src_bfe373ad1b40;src_c0f40a782991;src_c0f9f049af1d;src_c1718f97338c;src_c1b76e5438b5;src_c1c1857f238b;src_c1e67943752b;src_c21839b64d28;src_c23059c07eaf;src_c2455a9232fd;src_c2607f3707a5;src_c2f7a1cb31b6;src_c3655eb28050;src_c3a62091aeaf;src_c4b6d0b01136;src_c55237043157;src_c6ed2165c6ff;src_c6f543ccf0f1;src_c7698314c496;src_c7c4719584de;src_c7df8dbd6c22;src_c7ed45c45a12;src_c81c67650816;src_c81cb9df75e7;src_ca21384bd5b5;src_ca2ab29533cc;src_cb2eeb31a5a8;src_cb53849fb9bf;src_cc39fa775897;src_cc3ad683849d;src_ccfa79f8f79a;src_cd2ad700886a;src_ce312e7481c1;src_ce3c116bcd7f;src_ce476260fb2f;src_ce876a0683aa;src_ce904c74cb8f;src_ceb5603f06bb;src_ceb5c5f50d8a;src_cf05da6fe279;src_cf08170a081b;src_d072638ea394;src_d0c74dbd0e9c;src_d10579d47654;src_d149c2d47be0;src_d220fbf40293;src_d222337a6eac;src_d2b129003cf9;src_d2c05760dd8b;src_d31bdf7b1402;src_d46f23477aac;src_d4bdc253ad57;src_d61b5480f8a7;src_d6af2487b0bc;src_d80b2b0cf434;src_d89114f2d87b;src_d89f41740f90;src_d8ee6b0e712c;src_d95d5f0b243c;src_d9cfac1836dd;src_da1c93fa452e;src_da3f8ada2c28;src_da47faac7141;src_da7727c9f3e6;src_daf221842630;src_dc570ab006e9;src_dc95f125a940;src_dcaecd946c12;src_dd02a216501c;src_ddc2c96c361e;src_dea4024f0dee;src_deedc1606f56;src_dfd6738a8bed;src_e0a5684c0377;src_e1133518de2f;src_e1dcc3f92925;src_e276e73c887a;src_e283c3676858;src_e2e5234387c8;src_e36212774937;src_e3c0658e32a4;src_e432e7068c15;src_e4817b5f82b8;src_e53e268a6762;src_e5c670318848;src_e5e5a025b382;src_e62ffe8d16fc;src_e65ab20d5c5f;src_e699be45ed3a;src_e6f8a10e6aa9;src_e707ff4f3b6b;src_e7d367ff1aab;src_e8601f97d49d;src_e8793f83b2ac;src_e8819c4f9470;src_e91931a19b22;src_e958264582fc;src_eb1764fcbbc5;src_ebf621b2b456;src_ec0818b5ecbc;src_ec106d965211;src_ec1e63d48011;src_ec502de02223;src_ecea68f6bff3;src_ed6530017d8d;src_edd39e2ef036;src_edf580d80919;src_ee17c61eace7;src_eecf280ff3a0;src_ef148c21c7d0;src_ef4903915575;src_ef5cc2b8f56b;src_f056ab33a3a2;src_f08d727548de;src_f0a19afa1a9c;src_f0a9abdf0ee8;src_f14efbd5ebad;src_f1e490a4281f;src_f206cbaf3cf4;src_f2376761a740;src_f2588000c5d0;src_f27b0ae973af;src_f3323a594940;src_f37c4f330c79;src_f4784cdc1eac;src_f4aa3bc0bd63;src_f4d0ed4c9fc0;src_f4d568a6bc75;src_f554f6bf6392;src_f57bda8fcbae;src_f59fac9569e1;src_f5a9ff5554ab;src_f6810e84b3c2;src_f7beb88e9189;src_f8835f163d40;src_f9a9c254a83d;src_fa2272852e98;src_faa2c438674b;src_fc218b5ee657;src_fc33c9190a16;src_fc5c6082f048;src_fca6976ee7fc;src_fcfb326b0f96;src_fd2d437cd79c;src_fdda4057a450;src_fe563c0aff4c;src_ff018e3bedbe;src_ff86768b06dd;src_ff86c7b01568;src_ffef04753873,Aria-MIDI,CC BY 4.0;CC BY-NC-SA 4.0; non-commercial research and education;MIT;derived audio; source MIDI terms apply; SoundFont MIT;external recording; rights not granted by ATEPP metadata license
exp_ccf8d813767b,Frédéric Chopin,Romantic,wrk_2dba713813f1,wrk_2dba713813f1,rec_412ef24cbe82,sources/asap-dataset/Chopin/Scherzos/31/midi_score.mid,,data/downloads/maestro-v2.0.0/2017/MIDI-Unprocessed_056_PIANO056_MID--AUDIO-split_07-07-17_Piano-e_1-05_wav--4.wav,sources/asap-dataset/Chopin/Scherzos/31/midi_score.mid,data/canonical/alignment_events.csv,,1,780,mid,cpc_canonical_beat,licensed_for_research,complete_movement,,true,true,ready,cmp_4fade9260416,Scherzos 31,scv_e60623ce59c0,prf_f3864cc8fa91,aln_9bd7e917c8d7,source_recording,beat,source_provided_beat_annotations,source_exact,1.00,src_006c839a80ea;src_03ec7fb9092f;src_08134f626795;src_08e670c23d34;src_0b72c15addfc;src_0bc1fe84af4a;src_0dd11732e425;src_0de8ac2c8599;src_0e645eceece1;src_10216435519e;src_12ab227cb34c;src_138362adddcc;src_14c2683c4513;src_14d189b77f6d;src_154ebb60d6f5;src_1790fe670e03;src_1a9b66ff8c11;src_1b9267d8f580;src_1df244266d31;src_2045dfef6313;src_2155a88bcac7;src_22f872c756fb;src_24b52b2550ed;src_257509ed30ce;src_2697395bb90b;src_2941af989b7a;src_2a41a71b037b;src_2bfe1367fa4c;src_2c721d5823c0;src_2e4cea999436;src_2f2baef5f837;src_306784351627;src_3720177a070c;src_381c1815b9fd;src_38cf01742654;src_3977569a818b;src_3aa959d83570;src_3c623434f0cb;src_3e2b714e90e2;src_3fed61a3c179;src_42fff87e78ee;src_432ba7627149;src_45d579dddcc7;src_4867c43d87ac;src_4894f57f1e0d;src_48af8ece423c;src_4b09869d8f59;src_4d2af982e022;src_4e226bb1d5e0;src_4ece58d294e6;src_4f57168c8a61;src_50610cfb75e2;src_526fb353580e;src_533c262d36d8;src_534397905719;src_5432f36db989;src_54c8541a49b9;src_564dbf2b0b7b;src_58166fd764cc;src_5895a19e2275;src_5af8a4700c33;src_5b87e9a003f5;src_5ba9446f5ade;src_60a6cd80c5de;src_60fcad5eaf59;src_64810fc38756;src_64f52ae94b8e;src_6516c808d60b;src_692f3b741b24;src_6b6a3431c666;src_6b8ed8c853cc;src_6beaa5b745af;src_6e37149a3e76;src_71461211c7d2;src_722d73269a95;src_729431c61f4b;src_72e63fbbb92b;src_7300493c7fd1;src_7304bb751c4c;src_74c11e6f192d;src_7987bf888a1e;src_7ba2aefcdb1f;src_7e8c5df43048;src_7ff138bcccab;src_814bbb422235;src_867532b5b031;src_87ec9ed6d64f;src_88f7d0aec04e;src_89aa3aea0d3e;src_8c66bdabd602;src_8d7ad4dab8a3;src_8f44534f098d;src_8f60608fccdc;src_91ced24f2e96;src_926302821870;src_936f10781a02;src_96a7deb336de;src_97cce262d259;src_98f719dced96;src_9a7257ae1b31;src_9adb5f5e3832;src_9dd276267da2;src_a2c9d3bac2b4;src_a399d487b701;src_a3ccc4e39419;src_a46c4fea6fdb;src_a48c2c298d22;src_a66a981e9a0d;src_ac126b2eb8ff;src_ac764ad03507;src_af3d62b60ee6;src_b1ca61d09313;src_b2eb510e1015;src_b30f3a46d9de;src_b5193a49f80f;src_b5fa21a0069d;src_b6d96a177074;src_b717036bdff2;src_b737eeddc19b;src_ba1fbeaec487;src_bc52bc0d513d;src_c1b1c5d55de7;src_c1d294de8f4b;src_c57bfd32e89a;src_c5e7f534504f;src_c64723536af8;src_c6c9fe8d00ca;src_c72bffb14df2;src_c79b85f3a1bb;src_c90c9a180971;src_cca667697101;src_cd9d1d4dc41b;src_ce53fcca9859;src_ce65f42219d6;src_ce7979f711b0;src_ce81b5d116da;src_cf55a418092c;src_d16ae8fe4a03;src_d4031242fadc;src_d6bfd3c9e23e;src_d75bc1c20019;src_d87ad2691f42;src_d9e86a5dd044;src_dabc69505eb5;src_dc3a8d8f3f0a;src_dfe223d7f6af;src_e1ab36671867;src_e275c071d331;src_e77359a112b4;src_e818678be8c0;src_ea723e07821a;src_f1096d55bc87;src_f1f6ba1d1f97;src_f3a4a4ad2b15;src_f4fa56d49a32;src_f5e5dc0427d6;src_f668cdd75351;src_f80172d9a37f;src_f844561cb65f;src_f97f6ebc8fa0;src_fc4fe9e1037e;src_fe8cb323dd18;src_fe97db8a4888,asap,CC BY-NC-SA 4.0;mixed
exp_cd51ad09ce58,Frédéric Chopin,Romantic,wrk_7e2d098d7b70,wrk_7e2d098d7b70,rec_334ddef6e8f5,sources/asap-dataset/Chopin/Etudes_op_10/1/xml_score.musicxml,sources/asap-dataset/Chopin/Etudes_op_10/1/xml_score.musicxml,data/downloads/maestro-v2.0.0/2015/MIDI-Unprocessed_R1_D1-9-12_mid--AUDIO-from_mp3_12_R1_2015_wav--4.wav,,data/canonical/alignment_events.csv,,1,79,musicxml,cpc_canonical_beat,licensed_for_research,complete_movement,,true,true,ready,cmp_c4eac3f4866c,Etudes op 10 1,scv_f0ffe2714587,prf_5abd15e48140,aln_58c4557661cc,source_recording,beat,source_provided_beat_annotations,source_exact,1.00,src_00a11a73c703;src_02042790b4b9;src_0239dcde9436;src_02b4c992480d;src_02de127b0723;src_0483bddcaf0e;src_0516bbe05f2c;src_05763da8a866;src_0576be99a45d;src_0640b02427c8;src_07e7a002201f;src_08d3337c1d4f;src_09e2daaadafe;src_0ae3e00773cd;src_0b9ff17ecaf0;src_0d44a60dfec9;src_0d64e41dfff3;src_0fb9298a6917;src_1070967f08b1;src_11f3de2bde0b;src_14146c567dd9;src_14850777b751;src_17811c2d7d59;src_19f094e12907;src_1a310a25a343;src_1a7b21d24b1e;src_1c10e262c483;src_1c5a71ef372c;src_1c6a8da5c43b;src_1ccd6f136c60;src_1d5655887d0a;src_1e268c00b0de;src_1e585244ccbe;src_20bf5d646f0c;src_21673dc541ba;src_2178270acaad;src_22a0386b30d6;src_23b668cbe3b1;src_24c82f29da65;src_24febe225615;src_272b23d24d70;src_292f4c4a9cb0;src_2c15204358d3;src_2ccaed3bbcec;src_2d1148e16885;src_2dab1a115838;src_2e355c28ea4c;src_2f0f7c24195c;src_2f22cab3dbf3;src_31856d42e4f9;src_34178768aa2b;src_34e98f1279d1;src_38e1816aec93;src_39bed2f8a107;src_3a20fabcb702;src_3da857abed9e;src_3e32907835de;src_3edc179e1fbd;src_3f42105789b6;src_3fe25cc6eb95;src_3fe8d4c94fdf;src_41ea47a6f741;src_4311589d954e;src_43369dbc95f1;src_43b088078568;src_465e5be8b2f3;src_46dc7d27d709;src_46e84d6d89d8;src_473902c3ad9b;src_47e7a3b90e1e;src_4926f3523f65;src_4a853d1f6d9e;src_4aca4e216321;src_4b02ec432339;src_4b6583fcf3a4;src_4b7519516553;src_4bb561e9f927;src_4d12965f9352;src_4d711c02c0c8;src_4eafd4642e04;src_4f0c5dda734d;src_4f76bed3e422;src_4fe97040362f;src_501888209aec;src_534d4aef4d8e;src_53aafe64d873;src_53dc645742b8;src_568c9083326e;src_56e5293105c0;src_597b03744f01;src_598ba01ea85c;src_5999893f3ec1;src_59a80d7ca6c7;src_5b0ccfaf2494;src_5e9ff38889c6;src_602f7b4c22cc;src_604eda41d763;src_615c1eb4c640;src_625665b305a4;src_6280910f125d;src_62d05f832a31;src_643a35cf6b99;src_65c54647e67c;src_665d76c81c26;src_668f73d79fa0;src_670956a4f3f4;src_6976e820ff92;src_6d1ec68e54dc;src_6f216d6d7b56;src_6f3144540c85;src_70243fe1fa5d;src_704aee9e6c38;src_711f1ac83f06;src_716ecc2fe49f;src_721eef35b477;src_72eaf8f746a9;src_7401e581c1cd;src_7447e06aa26e;src_7607ad5d4b8a;src_77599c9d7a1e;src_7d39d44087d3;src_7f7c65b48784;src_7fd2e0953617;src_834691804625;src_83c0a6c6aca9;src_8443c75ae8bc;src_8771089b3e1b;src_87a8e2b40c34;src_87f11cb0c3bb;src_881d729dfc52;src_8850438505bc;src_88a84ab2b0eb;src_8a28d04529e3;src_8cc71205a4d1;src_8d0049c9b504;src_8d341a7e7e2f;src_8d8132bcc129;src_90420f8b807f;src_9127f114ac04;src_91d8136ae223;src_922577564ec3;src_971292180b44;src_98fbedce93bb;src_9a411c6a3765;src_9aa30a9bdd95;src_9e6ef80718cc;src_9e85ee08512e;src_9f34185b4d12;src_9f4ecfc81982;src_a053be7ae8d5;src_a0a70bdff708;src_a24b106f7a08;src_a36b04d0adec;src_a42159968b2a;src_a491abd9601f;src_a4afd58af4d4;src_a71be20b0013;src_a75beaa762f0;src_a8d0a90d6fca;src_a9e4bbff3b19;src_a9ed1bab6e30;src_abe19c567812;src_ac33020a550f;src_af25c2808e1c;src_b0997cf57101;src_b2b324ebdad0;src_b2e8b6fb462d;src_b3029e43eba6;src_b3fac135c74e;src_b46a87871c12;src_b87b15248f1c;src_b8c8902f7753;src_b9f517c34e0a;src_bc150e23f863;src_bc81d5b4a84b;src_bf60fcd021fa;src_bfe8ce299479;src_bff641e3ddb1;src_bff7d7511576;src_c13fd203be7e;src_c1857c8ff81e;src_c2a9d866e89c;src_c45030d8864e;src_c5792d8dfd7b;src_c5b9418fdcbe;src_c5eaaa0b05ec;src_c641c521e744;src_c64ee1148759;src_c7a8ba021173;src_c865881c18b8;src_c93445ac3a6b;src_cc97d26f219e;src_cde3829ae23d;src_ce5a0b2166fd;src_cea4869f8b3d;src_d2a558862f15;src_d34e68b0ab0d;src_d465f6054df7;src_d6dcf879f383;src_d719bd2fbf75;src_d9f5aa679ddd;src_da16c9b8b51c;src_db0867f90d4d;src_dc860347f752;src_dcd6fa7c8fe0;src_dd776caeee53;src_ddf47c403ba9;src_de4bbcf41ea9;src_e06ed994b043;src_e18a8f7199bb;src_e2062c445adf;src_e38525fe1af9;src_e4cf10780527;src_e4ddd18a3167;src_e5d44828865b;src_e6571fd2259c;src_e697fffaeba3;src_eb1484e5e98f;src_eb1ecc767d94;src_ec9bbbaf5b68;src_ecc2669c1441;src_f1cd837b1a80;src_f218560cec8f;src_f23a6014bf16;src_f320cfb76525;src_f3769daa5aa7;src_f37f737b9e33;src_f3bc83e2a3a9;src_f53e11eefeb3;src_f586645db124;src_f6d40a8cfc6c;src_f7f2ca82edd3;src_f85f75d1f741;src_f8e0f4b06021;src_f97cebb07044;src_fbd91b0da9d4;src_fc411ef78bc3;src_fca33c043206;src_fed144a1a177;src_fee34fe2dd16,asap,CC BY-NC-SA 4.0;mixed
exp_ce03b7f2dd7b,Wolfgang Amadeus Mozart,Classical,wrk_ab0f834b90b5,wrk_ab0f834b90b5,rec_de5606824d6c,sources/ACPAS-dataset/subset_S/Mozart/375_CPM_Sonata_No.12_F_major_KV_332_2/S_1507_CPM.mid,,data/derived/rendered_audio/fluidsynth-2.5.6-musescore-general-0.2-v1/rec_de5606824d6c.wav,sources/ACPAS-dataset/subset_S/Mozart/375_CPM_Sonata_No.12_F_major_KV_332_2/S_1507_CPM.mid,data/canonical/alignment_events.csv,,1,80,mid,cpc_canonical_beat,licensed_for_research,complete_movement,,true,true,ready,cmp_2d3dbfa86295,Sonata No.12 F major KV 332 2,scv_5be436208b42,prf_656c0d6feeb4,aln_630d2bdfefb1,synthetic_rendering,beat,source_provided_beat_annotations,source_exact,1.00,src_299f50cfea1d;src_2ce218411100;src_2e2f1892630b;src_32af3d8002bf;src_46f1c5045232;src_6b2bbaa820f4;src_8dcb6182abfe;src_98e80603d674;src_a1290df090af;src_a80bc86a4c74;src_bb1904e8eb5e;src_bc8b18cc3782;src_c46870226add;src_c58e7833417a;src_c7e02667684f;src_d1d28b0a40ab;src_e4dcb9013b50;src_e82de3db48da;src_f2f6651e07ea,cpc-rendered,MIT;derived audio; source MIDI terms apply; SoundFont MIT;mixed
exp_cf0d8c0e3c92,Frédéric Chopin,Romantic,wrk_4faa2851f613,wrk_4faa2851f613,rec_d47828726571,sources/asap-dataset/Chopin/Ballades/4/xml_score.musicxml,sources/asap-dataset/Chopin/Ballades/4/xml_score.musicxml,data/downloads/maestro-v2.0.0/2011/MIDI-Unprocessed_12_R1_2011_MID--AUDIO_R1-D4_14_Track14_wav.wav,,data/canonical/alignment_events.csv,,1,242,musicxml,cpc_canonical_beat,licensed_for_research,complete_movement,,true,true,ready,cmp_be7f3d842db9,Ballades 4,scv_162d1ed17f49,prf_f0e70a15e1d7,aln_b0cb60e1a2e6,source_recording,beat,source_provided_beat_annotations,source_exact,1.00,src_01b7ac476801;src_02ececd48261;src_038c2da2258a;src_053301e489c0;src_065cda58f717;src_068a42e89287;src_07200cc6e7db;src_08842af11bfb;src_08c2749e629e;src_0a3133dac0e6;src_0a5404bef3b7;src_0a5514437953;src_0ab2ecf00c2f;src_0f5597844d86;src_11689eec5d78;src_13a18353f4ab;src_189b006ec2b2;src_18a3d0b9ff87;src_18b42396a506;src_1a81a1eaac82;src_1cdd15cb0dd4;src_1f326738e9f0;src_20cc7389f28b;src_2293383c64b6;src_243183cf4408;src_2733553a05ad;src_2778fd2dcd12;src_287957576ee1;src_288eac53b5ce;src_2db64cc5200f;src_2e4136aee754;src_30ff574b1a35;src_3148e77dba2b;src_31657423e2c4;src_339c6176be59;src_33a98b9a89f8;src_39003cae4bc9;src_40afba40c883;src_420f29aa4431;src_49bdf1ee03a1;src_4f2e85e6ff8f;src_4f3dfe97617a;src_5287502f0a37;src_56044f92e98a;src_5697656acf79;src_585256ac4876;src_58bd71642b29;src_59b48092e37d;src_59cfc84c1d9f;src_5c8b697d7688;src_5e967256cc12;src_6129fbd83338;src_6269151c1e26;src_68a0c13d8522;src_69158baae80d;src_6a7e8a69848d;src_6fe57703c3af;src_71afe0ad0150;src_72a4936d8278;src_73d245cb6478;src_7532762b055e;src_757947c99b18;src_76e44a20cd47;src_779e50654ba5;src_77e8504c409e;src_77ec91f91ebd;src_781131892823;src_78ec6189d1d7;src_78f83be1320b;src_795939d00945;src_7a8f318d0dcf;src_7ad8e0dbb46c;src_7b24a444b4fd;src_7b475c36d00c;src_7d6f1ee561d1;src_82887586661b;src_83406586ec0a;src_89718e79a0cc;src_8ac13e32c820;src_8c1219f84c22;src_8c9191241ea6;src_9079e8da200a;src_927033c31afb;src_94f89676bb18;src_9ec4071341be;src_9ef7c676d189;src_9fa845f6b6f1;src_a0280a852bea;src_a3af66dbe94e;src_a44f4e436e69;src_a499454a23a0;src_a4ec8d79a52c;src_a58de6d0ecac;src_a68c81e5221f;src_a8cc107e5fce;src_a941bb921cd6;src_aa36c62c39b3;src_ab4c34c8b3bd;src_ab99c922085a;src_abb1fd406c52;src_b03c8274c7a3;src_b21045e81502;src_b783f011e6d3;src_b81e36429cad;src_b95036c90e5a;src_ba1d81552555;src_bf7553b3d381;src_c279de5bb839;src_c39953258134;src_c4d3a75fbd7e;src_c759c6732900;src_c98f9e63cb41;src_cea13fb3c9be;src_cfc55f3437d0;src_cff6291485e5;src_d0eb3f153ce0;src_d7023bdbe790;src_d716e170a059;src_d835f18adae9;src_da888c0baa1b;src_db12fbfb86e1;src_dbf2650ef99a;src_de44898526fa;src_dfda685c9c84;src_e00520458d2c;src_e3b4ddb93488;src_e481789c72fc;src_e516cdac5e54;src_e8b8ac770fe0;src_e907edd6bdb9;src_e909a392e587;src_eefee922fe62;src_f0e2b2dd09a8;src_f143523fb87b;src_f5209c23c509;src_f86f383213bb;src_f8976b9db1c7;src_f9654f0d33e3;src_fd8df38f7ec7;src_fdaf92ef0bd4;src_fe4850c5efe5;src_fe7f3141f486,asap,CC BY-NC-SA 4.0;mixed
exp_cf8ba7c01af4,Wolfgang Amadeus Mozart,Classical,wrk_6ce03f05af78,wrk_6ce03f05af78,rec_c52920aee8dd,sources/ACPAS-dataset/subset_S/Mozart/379_CPM_Sonata_No.13_Bb_major_KV_333_3/S_153_A_MAPS_mz_333_3_StbgTGd2.mid,,data/derived/rendered_audio/fluidsynth-2.5.6-musescore-general-0.2-v1/rec_c52920aee8dd.wav,sources/ACPAS-dataset/subset_S/Mozart/379_CPM_Sonata_No.13_Bb_major_KV_333_3/S_153_A_MAPS_mz_333_3_StbgTGd2.mid,data/canonical/alignment_events.csv,,1,226,mid,cpc_canonical_beat,licensed_for_research,complete_movement,,true,true,ready,cmp_597e34f68688,Sonata No.13 Bb major KV 333 3,scv_ddc5ff9704cd,prf_e48e1d2f1981,aln_42b4cb10927e,synthetic_rendering,beat,source_provided_beat_annotations,source_exact,1.00,src_0640c63aba27;src_0950ca8b92b8;src_0dcb28645532;src_0fd6b783c1b8;src_28096b2e13e3;src_2b0ec5457abc;src_31e6285994f4;src_46fbd15de8fa;src_7648271d60a6;src_7bea5aaf912b;src_8b75b4e68eeb;src_98e80603d674;src_a4fd97027fe1;src_a80bc86a4c74;src_bdc23eefd745;src_c8a16abdb42d;src_e42854aa5938;src_ee891eb762bb;src_f2b90cf613d2,cpc-rendered,MIT;derived audio; source MIDI terms apply; SoundFont MIT;mixed
exp_d10654bb83a3,Frédéric Chopin,Romantic,wrk_699b3980c9b1,wrk_699b3980c9b1,rec_cfe2bb1b21e8,sources/asap-dataset/Chopin/Berceuse_op_57/midi_score.mid,,data/downloads/maestro-v2.0.0/2017/MIDI-Unprocessed_083_PIANO083_MID--AUDIO-split_07-09-17_Piano-e_2_-06_wav--5.wav,sources/asap-dataset/Chopin/Berceuse_op_57/midi_score.mid,data/canonical/alignment_events.csv,,1,70,mid,cpc_canonical_beat,licensed_for_research,complete_movement,,true,true,ready,cmp_7a370787218a,Berceuse op 57,scv_2dbd94603060,prf_89a1d5c139b4,aln_fa2daff1d641,source_recording,beat,source_provided_beat_annotations,source_exact,1.00,src_0632c1730e0b;src_140e36746038;src_14c3530a25c6;src_190cfaae0ce9;src_19c259048108;src_1be00e6be8bf;src_1c0f384058cc;src_20bd2af7f71b;src_2c8a6e541c40;src_2ddfd7491c0c;src_2f71a490b698;src_337de6def112;src_34e64e14d16d;src_36a344d0a9bd;src_3cf2118fddb0;src_430f175ceb13;src_4317b9265638;src_4a349cbdef0c;src_4dd1a3260b09;src_5aabaf49dd46;src_5bab14a26f2f;src_65b48a65a025;src_67939cbc28c5;src_67b48e2d98c2;src_6a227e726c9a;src_6b9139ddf508;src_6cf2ce5d76e3;src_6e1ff21831ed;src_7328474f62ed;src_73fcdbdc5deb;src_749c1c59f910;src_74a14c5ec00f;src_74ed67dc0456;src_76675efc4771;src_790d4d3d117d;src_7b318fb8e1e4;src_7b6c23e8a8bc;src_80c2f218c63e;src_81db91779a32;src_823a2e603a1b;src_849c35fe1190;src_86ee7435435d;src_89039232bcc4;src_8ab227ca3bb2;src_8d57759079bc;src_8dff5d796dcf;src_9d5a1eba6951;src_a2070fbe06b7;src_a9a1ed077b61;src_acae3be1fee9;src_ad6f4b5b4f18;src_b4e393e94ffb;src_b5b6bcf39d29;src_ba96bb0b90ff;src_bfb700e84c19;src_c9c76e3169fb;src_d6c8050e1fa5;src_d72202cb7a32;src_d9a36af48c5d;src_db46935788b3;src_dd0579bb408f;src_dd670a9c430e;src_de87f483b836;src_dea4b9362af5;src_dea6ba39600f;src_e4d93d192ea3;src_e5002a3a5e26;src_ea6c3e7142ef;src_ed266f67ef52;src_f043b45734a6;src_f1a9724318af;src_f4cc8925e433;src_f5b222ae4b62;src_f629182e8b52;src_f67cec306fa2;src_f93e2208bb6a;src_fac800026914;src_fc3984fde8b4;src_fe41893e710e,asap,CC BY-NC-SA 4.0;mixed
exp_d25ff0d70b87,Wolfgang Amadeus Mozart,Classical,wrk_ae99d9f81630,wrk_ae99d9f81630,rec_299f69f3165c,sources/ACPAS-dataset/subset_S/Mozart/372_CPM_Sonata_No.11_A_major_KV_331_2/S_1504_CPM.mid,,data/derived/rendered_audio/fluidsynth-2.5.6-musescore-general-0.2-v1/rec_299f69f3165c.wav,sources/ACPAS-dataset/subset_S/Mozart/372_CPM_Sonata_No.11_A_major_KV_331_2/S_1504_CPM.mid,data/canonical/alignment_events.csv,,1,249,mid,cpc_canonical_beat,licensed_for_research,complete_movement,,true,true,ready,cmp_1eedc0bd6874,Sonata No.11 A major KV 331 2,scv_d5eb8bc6d46e,prf_e00adfc0e038,aln_bc062441e48b,synthetic_rendering,beat,source_provided_beat_annotations,source_exact,1.00,src_116883edd29c;src_1304b8fb1eb7;src_19f07905eeb9;src_1a42e413bb1f;src_1d2ee2947769;src_24b7a7b143ec;src_2e8677ff6dc8;src_2f1abb4f81db;src_2f4e98a92b75;src_376047e41d29;src_378d21479789;src_3997ddbfaa06;src_4a7e29ee7c17;src_4b8e859206eb;src_59e0857890df;src_64eaef620cbb;src_721e6784f536;src_98bbb4195c1c;src_98e80603d674;src_9be8a40f2a97;src_9f18011b574a;src_a80bc86a4c74;src_ac53671461b4;src_b1cc6076e5e8;src_be0f7e1a1182;src_c8c8adae040c;src_cfe46bca5648;src_d63361ca9ede;src_f97d13df53ea;src_fa44aac5e5de;src_ff52dc8a6d86,cpc-rendered,MIT;derived audio; source MIDI terms apply; SoundFont MIT;mixed
exp_d32a6c801076,Frédéric Chopin,Romantic,wrk_7e2d098d7b70,wrk_7e2d098d7b70,rec_b1ec096b41b3,sources/asap-dataset/Chopin/Etudes_op_10/1/xml_score.musicxml,sources/asap-dataset/Chopin/Etudes_op_10/1/xml_score.musicxml,data/downloads/maestro-v2.0.0/2013/ORIG-MIDI_02_7_7_13_Group__MID--AUDIO_19_R1_2013_wav--3.wav,,data/canonical/alignment_events.csv,,1,79,musicxml,cpc_canonical_beat,licensed_for_research,complete_movement,,true,true,ready,cmp_c4eac3f4866c,Etudes op 10 1,scv_f0ffe2714587,prf_99fe102c3ddd,aln_51cd4a452c5c,source_recording,beat,source_provided_beat_annotations,source_exact,1.00,src_00a11a73c703;src_02042790b4b9;src_0239dcde9436;src_02b4c992480d;src_02de127b0723;src_0483bddcaf0e;src_0516bbe05f2c;src_05763da8a866;src_0576be99a45d;src_0640b02427c8;src_07e7a002201f;src_08d3337c1d4f;src_09e2daaadafe;src_0ae3e00773cd;src_0b9ff17ecaf0;src_0d44a60dfec9;src_0d64e41dfff3;src_0fb9298a6917;src_1070967f08b1;src_11f3de2bde0b;src_14146c567dd9;src_14850777b751;src_17811c2d7d59;src_19f094e12907;src_1a310a25a343;src_1a7b21d24b1e;src_1c10e262c483;src_1c5a71ef372c;src_1c6a8da5c43b;src_1ccd6f136c60;src_1d5655887d0a;src_1e268c00b0de;src_1e585244ccbe;src_20bf5d646f0c;src_21673dc541ba;src_2178270acaad;src_22a0386b30d6;src_23b668cbe3b1;src_24c82f29da65;src_24febe225615;src_272b23d24d70;src_292f4c4a9cb0;src_2c15204358d3;src_2ccaed3bbcec;src_2d1148e16885;src_2dab1a115838;src_2e355c28ea4c;src_2f0f7c24195c;src_2f22cab3dbf3;src_31856d42e4f9;src_34178768aa2b;src_34e98f1279d1;src_38e1816aec93;src_39bed2f8a107;src_3a20fabcb702;src_3da857abed9e;src_3e32907835de;src_3edc179e1fbd;src_3f42105789b6;src_3fe25cc6eb95;src_3fe8d4c94fdf;src_41ea47a6f741;src_4311589d954e;src_43369dbc95f1;src_43b088078568;src_465e5be8b2f3;src_46dc7d27d709;src_46e84d6d89d8;src_473902c3ad9b;src_47e7a3b90e1e;src_4926f3523f65;src_4a853d1f6d9e;src_4aca4e216321;src_4b02ec432339;src_4b6583fcf3a4;src_4b7519516553;src_4bb561e9f927;src_4d12965f9352;src_4d711c02c0c8;src_4eafd4642e04;src_4f0c5dda734d;src_4f76bed3e422;src_4fe97040362f;src_501888209aec;src_534d4aef4d8e;src_53aafe64d873;src_53dc645742b8;src_568c9083326e;src_56e5293105c0;src_597b03744f01;src_598ba01ea85c;src_5999893f3ec1;src_59a80d7ca6c7;src_5b0ccfaf2494;src_5e9ff38889c6;src_602f7b4c22cc;src_604eda41d763;src_615c1eb4c640;src_625665b305a4;src_6280910f125d;src_62d05f832a31;src_643a35cf6b99;src_65c54647e67c;src_665d76c81c26;src_668f73d79fa0;src_670956a4f3f4;src_6976e820ff92;src_6d1ec68e54dc;src_6f216d6d7b56;src_6f3144540c85;src_70243fe1fa5d;src_704aee9e6c38;src_711f1ac83f06;src_716ecc2fe49f;src_721eef35b477;src_72eaf8f746a9;src_7401e581c1cd;src_7447e06aa26e;src_7607ad5d4b8a;src_77599c9d7a1e;src_7d39d44087d3;src_7f7c65b48784;src_7fd2e0953617;src_834691804625;src_83c0a6c6aca9;src_8443c75ae8bc;src_8771089b3e1b;src_87a8e2b40c34;src_87f11cb0c3bb;src_881d729dfc52;src_8850438505bc;src_88a84ab2b0eb;src_8a28d04529e3;src_8cc71205a4d1;src_8d0049c9b504;src_8d341a7e7e2f;src_8d8132bcc129;src_90420f8b807f;src_9127f114ac04;src_91d8136ae223;src_922577564ec3;src_971292180b44;src_98fbedce93bb;src_9a411c6a3765;src_9aa30a9bdd95;src_9e6ef80718cc;src_9e85ee08512e;src_9f34185b4d12;src_9f4ecfc81982;src_a053be7ae8d5;src_a0a70bdff708;src_a24b106f7a08;src_a36b04d0adec;src_a42159968b2a;src_a491abd9601f;src_a4afd58af4d4;src_a71be20b0013;src_a75beaa762f0;src_a8d0a90d6fca;src_a9e4bbff3b19;src_a9ed1bab6e30;src_abe19c567812;src_ac33020a550f;src_af25c2808e1c;src_b0997cf57101;src_b2b324ebdad0;src_b2e8b6fb462d;src_b3029e43eba6;src_b3fac135c74e;src_b46a87871c12;src_b87b15248f1c;src_b8c8902f7753;src_b9f517c34e0a;src_bc150e23f863;src_bc81d5b4a84b;src_bf60fcd021fa;src_bfe8ce299479;src_bff641e3ddb1;src_bff7d7511576;src_c13fd203be7e;src_c1857c8ff81e;src_c2a9d866e89c;src_c45030d8864e;src_c5792d8dfd7b;src_c5b9418fdcbe;src_c5eaaa0b05ec;src_c641c521e744;src_c64ee1148759;src_c7a8ba021173;src_c865881c18b8;src_c93445ac3a6b;src_cc97d26f219e;src_cde3829ae23d;src_ce5a0b2166fd;src_cea4869f8b3d;src_d2a558862f15;src_d34e68b0ab0d;src_d465f6054df7;src_d6dcf879f383;src_d719bd2fbf75;src_d9f5aa679ddd;src_da16c9b8b51c;src_db0867f90d4d;src_dc860347f752;src_dcd6fa7c8fe0;src_dd776caeee53;src_ddf47c403ba9;src_de4bbcf41ea9;src_e06ed994b043;src_e18a8f7199bb;src_e2062c445adf;src_e38525fe1af9;src_e4cf10780527;src_e4ddd18a3167;src_e5d44828865b;src_e6571fd2259c;src_e697fffaeba3;src_eb1484e5e98f;src_eb1ecc767d94;src_ec9bbbaf5b68;src_ecc2669c1441;src_f1cd837b1a80;src_f218560cec8f;src_f23a6014bf16;src_f320cfb76525;src_f3769daa5aa7;src_f37f737b9e33;src_f3bc83e2a3a9;src_f53e11eefeb3;src_f586645db124;src_f6d40a8cfc6c;src_f7f2ca82edd3;src_f85f75d1f741;src_f8e0f4b06021;src_f97cebb07044;src_fbd91b0da9d4;src_fc411ef78bc3;src_fca33c043206;src_fed144a1a177;src_fee34fe2dd16,asap,CC BY-NC-SA 4.0;mixed
exp_d3ab4795c9bd,Frédéric Chopin,Romantic,wrk_590658643687,wrk_590658643687,rec_77b12bef9fd2,sources/asap-dataset/Chopin/Etudes_op_10/5/midi_score.mid,,data/downloads/maestro-v2.0.0/2017/MIDI-Unprocessed_058_PIANO058_MID--AUDIO-split_07-07-17_Piano-e_2-02_wav--2.wav,sources/asap-dataset/Chopin/Etudes_op_10/5/midi_score.mid,data/canonical/alignment_events.csv,,1,85,mid,cpc_canonical_beat,licensed_for_research,complete_movement,,true,true,ready,cmp_7d2f6be52e06,Etudes op 10 5,scv_1f897d3886e7,prf_8b3d866608fc,aln_e3c133ebf654,source_recording,beat,source_provided_beat_annotations,source_exact,1.00,src_00db612c1e67;src_016391a2d541;src_0531103567f4;src_0a71c4bfb3dd;src_0c63cf4e6021;src_12dd99d9bfb4;src_18ab38722591;src_199810568194;src_1bd3dac9f782;src_1e0a01ee6544;src_1e3cbbe43ff4;src_232dab05ccaa;src_26018b560551;src_297db7db6189;src_2b734de8f347;src_2ca64b01fea2;src_3167dbf33f62;src_31ca865c1f9d;src_31dda7803c19;src_335f2e0092cd;src_3447a13e615b;src_3540d4116fe0;src_3559db261ae6;src_39877a694b09;src_3c3cd5c26c55;src_4314bc5a9d0e;src_43c811bc6b66;src_48061130be7c;src_498795dc6265;src_49fb40df4df3;src_4ad22cd79306;src_4af2fe0c433b;src_4e0a4b249446;src_4e4034bcd83f;src_58d4337b7e35;src_58e65358909a;src_607661c24cf6;src_6b1d7208f671;src_6bfacaeeb1a9;src_6c17ce88812a;src_6d6107667264;src_70f734cecfee;src_717b6e9ff03d;src_76563cbd3685;src_7989b733773f;src_7cac67088abf;src_7d7a761ee267;src_8094f8b9c368;src_8c9be3651e98;src_8e4a49dfc95f;src_8e802d82e3e0;src_8f1dbaa28e45;src_90f7957299c3;src_93685fc33969;src_97323ab49f10;src_97a3a15cfdfb;src_9a9707006036;src_9c9d693b8f16;src_9e3bec9c1d11;src_9eda8d1736d0;src_a10b88401d3d;src_a13fe30418af;src_a2cdeef73aa6;src_a384b18d00e0;src_a78c1c98d156;src_a88bf7f060a4;src_a8a2be9ebcc7;src_aa8463bb51c2;src_ab959fda6a08;src_adc6176d8993;src_ae42120f2d2f;src_ae9fcec5c418;src_af3230175615;src_b2200e8cf987;src_b26a84bfee3d;src_b26d76f6f426;src_b2b0fc5e9bbc;src_b3989a3a48e8;src_b5c0e86669c3;src_b6a17f0cf54d;src_baaf6792d37a;src_bb136cdbb342;src_bdd2644f7c10;src_bfae28a7155e;src_c65e5f786a91;src_cea13e81b04c;src_ced6e3304e60;src_cf92bfbd2873;src_d420e5920efb;src_d47199a94a28;src_d49080234f4d;src_d6bd7c93dc0b;src_d778ed40cfe2;src_d7e9cac8f651;src_d8f878b15a9e;src_deb236738264;src_e0972a4f5417;src_e4024ac7a00f;src_e68f2b59c2af;src_e6c2ab2d9011;src_e7853fd36b42;src_e7b95fe0f476;src_f0af5a2ff97f;src_f10acf159b84;src_f8131d3d76d9;src_f9db4a50c897;src_fe2c1c23731a,asap,CC BY-NC-SA 4.0;mixed
exp_d8b919ac289a,Frédéric Chopin,Romantic,wrk_2ea4ae59ea14,wrk_2ea4ae59ea14,rec_29f31b66f92a,sources/asap-dataset/Chopin/Etudes_op_10/4/xml_score.musicxml,sources/asap-dataset/Chopin/Etudes_op_10/4/xml_score.musicxml,data/downloads/maestro-v2.0.0/2011/MIDI-Unprocessed_01_R1_2011_MID--AUDIO_R1-D1_05_Track05_wav.wav,,data/canonical/alignment_events.csv,,1,83,musicxml,cpc_canonical_beat,licensed_for_research,complete_movement,,true,true,ready,cmp_3840f26af604,Etudes op 10 4,scv_828c93ba4c1e,prf_b2418bd8751e,aln_a0bf0632335f,source_recording,beat,source_provided_beat_annotations,source_exact,1.00,src_00435d154e8e;src_00493e711d06;src_02d5f448e252;src_06661b8a0af2;src_074098c68b87;src_08d3d01fb869;src_0bb476b5b453;src_0bee72ecedb1;src_0e8411e873d7;src_0f6994d36e3c;src_133c0b50fe48;src_142e62f5af0e;src_1568a1206855;src_175bf20b0beb;src_18fcd5845910;src_1a8e7c4c3ae7;src_1ab40fcf30b2;src_1b1c0b6fb982;src_1b81d7198d7c;src_1e61197f7f3b;src_1e92e6c4aa44;src_1fb68ddeb4e7;src_22abd18cd1e7;src_23fbf1d7152c;src_24accc41700e;src_25be3551181a;src_25f3f1cfdfe6;src_260ff8936ac1;src_27091cb2b7c1;src_2a9c97c6263e;src_2ac16978e6f1;src_2bf3b5d35c6a;src_2e04a5aaf970;src_2eb90af37b6d;src_2f568fc374a7;src_301883723571;src_315b19b0a72c;src_319948a6ee86;src_31fc3ead56c3;src_3203be84752d;src_363b658499bb;src_36434f9715d0;src_39c8ed66d683;src_3ac1fa0c9463;src_3e0134e92264;src_3ee5897a59f8;src_40ecf364b7dd;src_43b0fb9c4a91;src_43bc146ebb76;src_45622a59eed8;src_46af1c2989f5;src_48b69c87e5f6;src_49c19bd547fd;src_4b12f6fb0dfb;src_4b17aa1b6659;src_4d23ffbe64d3;src_4dd63d710066;src_4f01e6ad10b1;src_50c9596611aa;src_517e5cd89b51;src_52dde52a34ed;src_53746fe22635;src_5433fff9f958;src_546bc53839d0;src_546fb58f0e79;src_54958adef32c;src_56ebe5323c91;src_574a22f2a78e;src_584252941fc5;src_599738ef8f07;src_59d344ed4a31;src_5a0df20488a4;src_5ab73682c4c1;src_5c52a40481f6;src_5c5ca63bac97;src_5ffd3d804cdc;src_614231554a72;src_62bd7a5da2a0;src_64deedb2002e;src_66b5ae995323;src_66dd8490f08f;src_68a5d4edcf17;src_68cc0e1f735e;src_712f757a8898;src_71516b3eb864;src_71a33f189040;src_722a5a46897b;src_72740c399dac;src_7296f0509261;src_72df3fcf6a78;src_73e6ef81c38d;src_7517776f1a48;src_76817c986ecf;src_77b937613ab9;src_79208e685b4e;src_79a659586b70;src_7a8ff5d1ee58;src_7ba6c5115038;src_7d797ed95ab0;src_7f0479e52676;src_7f84f882bab0;src_80bc2719d6f2;src_818313d9c6ef;src_819e473011cb;src_8436ecdf80bb;src_84cede3136f0;src_85561b46e4ac;src_88a78fba425c;src_88f456185e42;src_88fb456b207b;src_890db1098a74;src_8932adaef3db;src_8accf80be009;src_8beae127cb2e;src_8c69cedc9552;src_8d1421f7c6d5;src_8e0f31f5c660;src_8e68636225be;src_90b77a2440b9;src_91510879e4f3;src_93c7e1341dd0;src_93d7378bf0b8;src_943bf152a149;src_94aa636b5b62;src_96267656faf4;src_96567c396e1d;src_966dc4721014;src_9670cb76f632;src_967c0d91894f;src_983daf52931d;src_9be8a2c5c60f;src_9cb41b6fc217;src_9da8a8ae9ef1;src_9ec72286206e;src_9f1cf138ee42;src_a04ebe63c80b;src_a41b4d5ead6f;src_a514af7d8a2a;src_a65dc5011930;src_a7665abb2178;src_a7e0cd1ec2d6;src_a831131fa8bd;src_a96d16500d3a;src_aa09b1ed01f3;src_aa7124c0fbf6;src_aac33758e112;src_ac75d76cf9b7;src_ac9571007754;src_ae0809a8c3c8;src_af2e4edae436;src_af5b9ef2e611;src_b0ff2ce14afe;src_b2f1ee6182b7;src_b440731d0e5c;src_b444849616c4;src_b45722bf9d36;src_b59cf9da73a2;src_b71321f5af8c;src_b7c4c58b5eda;src_b8b17b66730d;src_b8d4799103b0;src_bc0024852ba7;src_bdd09519724a;src_be5eeb31d7ee;src_be789afd4ed9;src_bee0aea3f3ac;src_bf72b993ddb8;src_c0eadba0e5dc;src_c167a56c87fe;src_c19195c14130;src_c1eddaecccf6;src_c27b43bfc925;src_c2d0a26e50b7;src_c32991d3213b;src_c523603361fd;src_c9d66e884e9f;src_cb8b1b94e443;src_cc97c188fdf8;src_ccead01ae2c8;src_ce9f765d92fe;src_cfdd3b4360f0;src_d08790730873;src_d120954538f3;src_d241690bee53;src_d394125bf16d;src_d50de97ae7a2;src_d70d1a85c779;src_d8defb8b6812;src_dae18a78f4a1;src_dc35f738ea75;src_dc4be58cf824;src_de496ed6d4d3;src_deedd6b985e0;src_e0f596b7bc08;src_e11723d1127f;src_e1276e6d1733;src_e159e5d150a4;src_e3022ae1a44d;src_e39ba0db8f7b;src_e3bf1b01f721;src_e44308f8330d;src_e53d853a3cab;src_e5bcc2023b0d;src_e7f423e3cd53;src_e82bf45d3171;src_ea08f8a7b770;src_ea31f1942ff1;src_eac2e58d066d;src_ec84238ee412;src_ec9d66968101;src_ee5176015da6;src_ef521e81b719;src_f58748654ad8;src_f59850e84dd5;src_f60ba7fcde2b;src_f6b3d1da4934;src_f71cf5923d91;src_f8549196f39c;src_f9b1fac75d23;src_fa64efb924ef;src_fc1e8cf023fa;src_fc226cb27a46;src_fca5df633f7d;src_fd24d379b6d4;src_fe4bb24e7485;src_ff07dae714ff,asap,CC BY-NC-SA 4.0;mixed
exp_d8c65779d280,Frédéric Chopin,Romantic,wrk_2ea4ae59ea14,wrk_2ea4ae59ea14,rec_45bd3e716eef,sources/asap-dataset/Chopin/Etudes_op_10/4/xml_score.musicxml,sources/asap-dataset/Chopin/Etudes_op_10/4/xml_score.musicxml,data/downloads/maestro-v2.0.0/2017/MIDI-Unprocessed_067_PIANO067_MID--AUDIO-split_07-07-17_Piano-e_3-03_wav--3.wav,,data/canonical/alignment_events.csv,,1,83,musicxml,cpc_canonical_beat,licensed_for_research,complete_movement,,true,true,ready,cmp_3840f26af604,Etudes op 10 4,scv_828c93ba4c1e,prf_85a65c060e1e,aln_9fbb3d3cc380,source_recording,beat,source_provided_beat_annotations,source_exact,1.00,src_00435d154e8e;src_00493e711d06;src_02d5f448e252;src_06661b8a0af2;src_074098c68b87;src_08d3d01fb869;src_0bb476b5b453;src_0bee72ecedb1;src_0e8411e873d7;src_0f6994d36e3c;src_133c0b50fe48;src_142e62f5af0e;src_1568a1206855;src_175bf20b0beb;src_18fcd5845910;src_1a8e7c4c3ae7;src_1ab40fcf30b2;src_1b1c0b6fb982;src_1b81d7198d7c;src_1e61197f7f3b;src_1e92e6c4aa44;src_1fb68ddeb4e7;src_22abd18cd1e7;src_23fbf1d7152c;src_24accc41700e;src_25be3551181a;src_25f3f1cfdfe6;src_260ff8936ac1;src_27091cb2b7c1;src_2a9c97c6263e;src_2ac16978e6f1;src_2bf3b5d35c6a;src_2e04a5aaf970;src_2eb90af37b6d;src_2f568fc374a7;src_301883723571;src_315b19b0a72c;src_319948a6ee86;src_31fc3ead56c3;src_3203be84752d;src_363b658499bb;src_36434f9715d0;src_39c8ed66d683;src_3ac1fa0c9463;src_3e0134e92264;src_3ee5897a59f8;src_40ecf364b7dd;src_43b0fb9c4a91;src_43bc146ebb76;src_45622a59eed8;src_46af1c2989f5;src_48b69c87e5f6;src_49c19bd547fd;src_4b12f6fb0dfb;src_4b17aa1b6659;src_4d23ffbe64d3;src_4dd63d710066;src_4f01e6ad10b1;src_50c9596611aa;src_517e5cd89b51;src_52dde52a34ed;src_53746fe22635;src_5433fff9f958;src_546bc53839d0;src_546fb58f0e79;src_54958adef32c;src_56ebe5323c91;src_574a22f2a78e;src_584252941fc5;src_599738ef8f07;src_59d344ed4a31;src_5a0df20488a4;src_5ab73682c4c1;src_5c52a40481f6;src_5c5ca63bac97;src_5ffd3d804cdc;src_614231554a72;src_62bd7a5da2a0;src_64deedb2002e;src_66b5ae995323;src_66dd8490f08f;src_68a5d4edcf17;src_68cc0e1f735e;src_712f757a8898;src_71516b3eb864;src_71a33f189040;src_722a5a46897b;src_72740c399dac;src_7296f0509261;src_72df3fcf6a78;src_73e6ef81c38d;src_7517776f1a48;src_76817c986ecf;src_77b937613ab9;src_79208e685b4e;src_79a659586b70;src_7a8ff5d1ee58;src_7ba6c5115038;src_7d797ed95ab0;src_7f0479e52676;src_7f84f882bab0;src_80bc2719d6f2;src_818313d9c6ef;src_819e473011cb;src_8436ecdf80bb;src_84cede3136f0;src_85561b46e4ac;src_88a78fba425c;src_88f456185e42;src_88fb456b207b;src_890db1098a74;src_8932adaef3db;src_8accf80be009;src_8beae127cb2e;src_8c69cedc9552;src_8d1421f7c6d5;src_8e0f31f5c660;src_8e68636225be;src_90b77a2440b9;src_91510879e4f3;src_93c7e1341dd0;src_93d7378bf0b8;src_943bf152a149;src_94aa636b5b62;src_96267656faf4;src_96567c396e1d;src_966dc4721014;src_9670cb76f632;src_967c0d91894f;src_983daf52931d;src_9be8a2c5c60f;src_9cb41b6fc217;src_9da8a8ae9ef1;src_9ec72286206e;src_9f1cf138ee42;src_a04ebe63c80b;src_a41b4d5ead6f;src_a514af7d8a2a;src_a65dc5011930;src_a7665abb2178;src_a7e0cd1ec2d6;src_a831131fa8bd;src_a96d16500d3a;src_aa09b1ed01f3;src_aa7124c0fbf6;src_aac33758e112;src_ac75d76cf9b7;src_ac9571007754;src_ae0809a8c3c8;src_af2e4edae436;src_af5b9ef2e611;src_b0ff2ce14afe;src_b2f1ee6182b7;src_b440731d0e5c;src_b444849616c4;src_b45722bf9d36;src_b59cf9da73a2;src_b71321f5af8c;src_b7c4c58b5eda;src_b8b17b66730d;src_b8d4799103b0;src_bc0024852ba7;src_bdd09519724a;src_be5eeb31d7ee;src_be789afd4ed9;src_bee0aea3f3ac;src_bf72b993ddb8;src_c0eadba0e5dc;src_c167a56c87fe;src_c19195c14130;src_c1eddaecccf6;src_c27b43bfc925;src_c2d0a26e50b7;src_c32991d3213b;src_c523603361fd;src_c9d66e884e9f;src_cb8b1b94e443;src_cc97c188fdf8;src_ccead01ae2c8;src_ce9f765d92fe;src_cfdd3b4360f0;src_d08790730873;src_d120954538f3;src_d241690bee53;src_d394125bf16d;src_d50de97ae7a2;src_d70d1a85c779;src_d8defb8b6812;src_dae18a78f4a1;src_dc35f738ea75;src_dc4be58cf824;src_de496ed6d4d3;src_deedd6b985e0;src_e0f596b7bc08;src_e11723d1127f;src_e1276e6d1733;src_e159e5d150a4;src_e3022ae1a44d;src_e39ba0db8f7b;src_e3bf1b01f721;src_e44308f8330d;src_e53d853a3cab;src_e5bcc2023b0d;src_e7f423e3cd53;src_e82bf45d3171;src_ea08f8a7b770;src_ea31f1942ff1;src_eac2e58d066d;src_ec84238ee412;src_ec9d66968101;src_ee5176015da6;src_ef521e81b719;src_f58748654ad8;src_f59850e84dd5;src_f60ba7fcde2b;src_f6b3d1da4934;src_f71cf5923d91;src_f8549196f39c;src_f9b1fac75d23;src_fa64efb924ef;src_fc1e8cf023fa;src_fc226cb27a46;src_fca5df633f7d;src_fd24d379b6d4;src_fe4bb24e7485;src_ff07dae714ff,asap,CC BY-NC-SA 4.0;mixed
exp_d8d688357b4f,Frédéric Chopin,Romantic,wrk_a9c43c60ce38,wrk_a9c43c60ce38,rec_4c1d6e57cb59,sources/asap-dataset/Chopin/Etudes_op_10/2/xml_score.musicxml,sources/asap-dataset/Chopin/Etudes_op_10/2/xml_score.musicxml,data/downloads/maestro-v2.0.0/2013/ORIG-MIDI_02_7_6_13_Group__MID--AUDIO_06_R1_2013_wav--3.wav,,data/canonical/alignment_events.csv,,1,49,musicxml,cpc_canonical_beat,licensed_for_research,complete_movement,,true,true,ready,cmp_286d812feb37,Etudes op 10 2,scv_cdb97a2dbce9,prf_d0e37c38a1ea,aln_38bc586e3326,source_recording,beat,source_provided_beat_annotations,source_exact,1.00,src_01a6f55742fd;src_04d277144d93;src_09e79204ff51;src_09fb99d7ecf8;src_0a3f84c44b4c;src_0b5a4689dfa0;src_0b902455a175;src_0cdc3aa5f1a6;src_0d1fbfd0cbe2;src_104e000ca339;src_104ee617323b;src_12e2d546916d;src_13695dacc56a;src_15772bbea3d0;src_16cd08d86890;src_185e54b49b4e;src_1d16c5028adb;src_1fd177414d46;src_225acb2f7d40;src_228e2829729b;src_23ebdd17a6fa;src_245de0f814d0;src_27a463901a83;src_2a61c8bb177d;src_2bc8afc94894;src_2ee2174a9b41;src_36f9ff58b1e3;src_3797890d5c22;src_382649739729;src_386a286b216c;src_3fa36daf0907;src_4294cd13da81;src_496f0857e8ee;src_4c374cf93734;src_4c9136aa879d;src_4d2849731e3d;src_517829fb625a;src_53f819fd27d7;src_54f05e5bbbf0;src_551141cf155b;src_580502c806db;src_586cd98bf5b0;src_5a065eca7a2a;src_5d11db572c0f;src_6315fb55f6b4;src_63d76878b21d;src_70b2e700c924;src_753ec15a3948;src_764dacc6388e;src_78b1ef1cd246;src_79e82e63d6c3;src_80fd41bca47d;src_83883a40788c;src_87be1b36469c;src_8be665690b37;src_8c0fcc0d6bf4;src_8cf5edbf5b1f;src_8f97761bc5dc;src_9067a3a52db5;src_90a3ddcaa820;src_93a298aa00c2;src_947c17c3a3f6;src_951c308abe75;src_97cf76d56f0d;src_97eef76543e0;src_9863651b5b14;src_9c30afc4f3cf;src_a2f7914b17ac;src_a2fdff172a90;src_a460ef1157ce;src_a5bc39c9edbe;src_b7acf743aa22;src_b85011f6d988;src_b94108559867;src_bdd2441cb575;src_c043b7c47bfe;src_c0876b91093f;src_c14208e936f1;src_c18a6b5088b6;src_c1bc8c4b40e6;src_ca6bb5bd213c;src_ca92241ba4cd;src_cad137952ea6;src_d2315620322a;src_d2c671208bcc;src_d73c9647ecbe;src_d7fa5429f890;src_da41f220da7e;src_dc6722cffee6;src_e0cbeb89e48f;src_e447ad82114f;src_e7ff7aa25bed;src_e8246e7ceac7;src_ee5481f825a3;src_ee673c5a7ba7;src_ef9ca4fba8af;src_f48305ad703f;src_f6c6a9cc3b5c;src_f7dc495777b0;src_f8fc3ada54c3,asap,CC BY-NC-SA 4.0;mixed
exp_d90eca5ee1c7,Frédéric Chopin,Romantic,wrk_54dc7532c8f1,wrk_54dc7532c8f1,rec_74edc64f3948,sources/asap-dataset/Chopin/Scherzos/39/xml_score.musicxml,sources/asap-dataset/Chopin/Scherzos/39/xml_score.musicxml,data/downloads/maestro-v2.0.0/2015/MIDI-Unprocessed_R1_D1-1-8_mid--AUDIO-from_mp3_05_R1_2015_wav--5.wav,,data/canonical/alignment_events.csv,,1,649,musicxml,cpc_canonical_beat,licensed_for_research,complete_movement,,true,true,ready,cmp_1791c45e1862,Scherzos 39,scv_16d2d114950f,prf_49a0cffd0a5f,aln_26b7f46d565d,source_recording,beat,source_provided_beat_annotations,source_exact,1.00,src_0a42368a46f0;src_10090161d495;src_1a013bf55323;src_1b645833ec8a;src_21ae3ee45a84;src_2463bdb999e6;src_2a5537bbb5c5;src_2f015d924436;src_36c572024203;src_4414f6f9c7fa;src_534181a17b3e;src_53a9825171b2;src_567ad943e9cb;src_57a3b79b74e9;src_59f15c50fb97;src_5f46efd97c67;src_5f7a138a48b2;src_61e3d447910a;src_690c0186812c;src_726c37913e0a;src_72cf2cc1f41d;src_73f891487677;src_87e50d1619e3;src_89f19b214d58;src_8e8d2690f2cc;src_8ea1eea9aca4;src_8ece3238693f;src_8ef9a94e80db;src_94b83c1158a4;src_a04cf0a7ba80;src_ba6d556cc3e9;src_bab0094afc0b;src_d2691e132229;src_d3ddcef64e61;src_e36ed9e3914c;src_f8823de6a163;src_fcc9a834990b,asap,CC BY-NC-SA 4.0;mixed
exp_d9c2634cff72,Frédéric Chopin,Romantic,wrk_4faa2851f613,wrk_4faa2851f613,rec_0ff9c149d456,sources/asap-dataset/Chopin/Ballades/4/xml_score.musicxml,sources/asap-dataset/Chopin/Ballades/4/xml_score.musicxml,data/downloads/maestro-v2.0.0/2013/ORIG-MIDI_02_7_7_13_Group__MID--AUDIO_17_R1_2013_wav--4.wav,,data/canonical/alignment_events.csv,,1,242,musicxml,cpc_canonical_beat,licensed_for_research,complete_movement,,true,true,ready,cmp_be7f3d842db9,Ballades 4,scv_162d1ed17f49,prf_3e7cdb35e8f6,aln_7ddf9928e107,source_recording,beat,source_provided_beat_annotations,source_exact,1.00,src_01b7ac476801;src_02ececd48261;src_038c2da2258a;src_053301e489c0;src_065cda58f717;src_068a42e89287;src_07200cc6e7db;src_08842af11bfb;src_08c2749e629e;src_0a3133dac0e6;src_0a5404bef3b7;src_0a5514437953;src_0ab2ecf00c2f;src_0f5597844d86;src_11689eec5d78;src_13a18353f4ab;src_189b006ec2b2;src_18a3d0b9ff87;src_18b42396a506;src_1a81a1eaac82;src_1cdd15cb0dd4;src_1f326738e9f0;src_20cc7389f28b;src_2293383c64b6;src_243183cf4408;src_2733553a05ad;src_2778fd2dcd12;src_287957576ee1;src_288eac53b5ce;src_2db64cc5200f;src_2e4136aee754;src_30ff574b1a35;src_3148e77dba2b;src_31657423e2c4;src_339c6176be59;src_33a98b9a89f8;src_39003cae4bc9;src_40afba40c883;src_420f29aa4431;src_49bdf1ee03a1;src_4f2e85e6ff8f;src_4f3dfe97617a;src_5287502f0a37;src_56044f92e98a;src_5697656acf79;src_585256ac4876;src_58bd71642b29;src_59b48092e37d;src_59cfc84c1d9f;src_5c8b697d7688;src_5e967256cc12;src_6129fbd83338;src_6269151c1e26;src_68a0c13d8522;src_69158baae80d;src_6a7e8a69848d;src_6fe57703c3af;src_71afe0ad0150;src_72a4936d8278;src_73d245cb6478;src_7532762b055e;src_757947c99b18;src_76e44a20cd47;src_779e50654ba5;src_77e8504c409e;src_77ec91f91ebd;src_781131892823;src_78ec6189d1d7;src_78f83be1320b;src_795939d00945;src_7a8f318d0dcf;src_7ad8e0dbb46c;src_7b24a444b4fd;src_7b475c36d00c;src_7d6f1ee561d1;src_82887586661b;src_83406586ec0a;src_89718e79a0cc;src_8ac13e32c820;src_8c1219f84c22;src_8c9191241ea6;src_9079e8da200a;src_927033c31afb;src_94f89676bb18;src_9ec4071341be;src_9ef7c676d189;src_9fa845f6b6f1;src_a0280a852bea;src_a3af66dbe94e;src_a44f4e436e69;src_a499454a23a0;src_a4ec8d79a52c;src_a58de6d0ecac;src_a68c81e5221f;src_a8cc107e5fce;src_a941bb921cd6;src_aa36c62c39b3;src_ab4c34c8b3bd;src_ab99c922085a;src_abb1fd406c52;src_b03c8274c7a3;src_b21045e81502;src_b783f011e6d3;src_b81e36429cad;src_b95036c90e5a;src_ba1d81552555;src_bf7553b3d381;src_c279de5bb839;src_c39953258134;src_c4d3a75fbd7e;src_c759c6732900;src_c98f9e63cb41;src_cea13fb3c9be;src_cfc55f3437d0;src_cff6291485e5;src_d0eb3f153ce0;src_d7023bdbe790;src_d716e170a059;src_d835f18adae9;src_da888c0baa1b;src_db12fbfb86e1;src_dbf2650ef99a;src_de44898526fa;src_dfda685c9c84;src_e00520458d2c;src_e3b4ddb93488;src_e481789c72fc;src_e516cdac5e54;src_e8b8ac770fe0;src_e907edd6bdb9;src_e909a392e587;src_eefee922fe62;src_f0e2b2dd09a8;src_f143523fb87b;src_f5209c23c509;src_f86f383213bb;src_f8976b9db1c7;src_f9654f0d33e3;src_fd8df38f7ec7;src_fdaf92ef0bd4;src_fe4850c5efe5;src_fe7f3141f486,asap,CC BY-NC-SA 4.0;mixed
exp_db5ade2f949e,Wolfgang Amadeus Mozart,Classical,wrk_8e20f86737b4,wrk_8e20f86737b4,rec_a3881ebb1056,sources/ACPAS-dataset/subset_S/Mozart/375_ASAP_Piano_Sonatas_12-2/ASAP_12-2.mid,,data/derived/rendered_audio/fluidsynth-2.5.6-musescore-general-0.2-v1/rec_a3881ebb1056.wav,sources/ACPAS-dataset/subset_S/Mozart/375_ASAP_Piano_Sonatas_12-2/ASAP_12-2.mid,data/canonical/alignment_events.csv,,1,40,mid,cpc_canonical_beat,licensed_for_research,complete_movement,,true,true,ready,cmp_eda77c2e8305,Piano Sonatas 12-2,scv_fb7bd6feab3c,prf_1b4e8a126b49,aln_f8efb9116020,synthetic_rendering,beat,source_provided_beat_annotations,source_exact,1.00,src_2485576c71fe;src_30aa10fd6720;src_337cfb67733b;src_37bd798c1681;src_3b51b65e1d21;src_3dd21c955736;src_435435ed61bf;src_5a57fceeea0d;src_67ef86dcb1bd;src_687aa544eaaf;src_69176cda3201;src_699ad9a07ebe;src_6c5295f565c1;src_773896867338;src_7893a91f0b23;src_7a0414aee7b6;src_829c5f7461f6;src_8f49e6203298;src_959c0f52c3a8;src_98e80603d674;src_9b61d7884467;src_a02b69a9fb89;src_a80bc86a4c74;src_b0ac4d0daea3;src_c7a5b1dc1121;src_c7b9e4ded88a;src_caa99495cf9f;src_d6d9fec6248d;src_d890158e5c17;src_da292dc8c2ab;src_e08285481992;src_e4f0de46f79c;src_e63dc4e4cf6b;src_e725cb9571d6;src_e963c8465711;src_ea652258f512;src_f082886ff1fa;src_ffb0192febf9,cpc-rendered,CC BY-NC-SA 4.0;CC BY-NC-SA 4.0; non-commercial research and education;MIT;derived audio; source MIDI terms apply; SoundFont MIT;mixed
exp_dc3a585d3241,Wolfgang Amadeus Mozart,Classical,wrk_2fa6d226fadc,wrk_2fa6d226fadc,rec_e38e11834c5c,sources/ACPAS-dataset/subset_S/Mozart/374_ASAP_Piano_Sonatas_12-1/ASAP_12-1.mid,,data/derived/rendered_audio/fluidsynth-2.5.6-musescore-general-0.2-v1/rec_e38e11834c5c.wav,sources/ACPAS-dataset/subset_S/Mozart/374_ASAP_Piano_Sonatas_12-1/ASAP_12-1.mid,data/canonical/alignment_events.csv,,1,229,mid,cpc_canonical_beat,licensed_for_research,complete_movement,,true,true,ready,cmp_adac7544dea5,Piano Sonatas 12-1,scv_7366396ee839,prf_8de51ce33cc4,aln_b6f2111e6a38,synthetic_rendering,beat,source_provided_beat_annotations,source_exact,1.00,src_07c22c5396d6;src_0afebc7f4cff;src_0c94bc9a0e09;src_0d15c86aa340;src_0d5603dbe5e3;src_0fd8d55cd61b;src_15c2c8e7aaaf;src_1abf3c8199ca;src_24f037f265a0;src_2feafe77fb45;src_3161b43d12a2;src_398046b41b1f;src_39bc93a264a3;src_3ef7724dcb93;src_42c5a7472dd4;src_449c619e7b06;src_44c9e83e2d34;src_46036bca0454;src_460e23dafbfc;src_47e3eb9be6ce;src_4d473ef2028b;src_504f51622168;src_5455dc5e0fa6;src_5966c9239ca1;src_59cf516a57bf;src_6517247c666e;src_6795939e6905;src_681be5f7819e;src_6b06642a3a16;src_6d2472e2eb85;src_6d5c740f350c;src_772c8d92b1ac;src_7ad99a4a6282;src_8267604413ee;src_829ca567d246;src_8389b18fede1;src_8afeb6414517;src_8ca285a77009;src_8e75c9965045;src_91f15e348e6d;src_969c75c98765;src_98e80603d674;src_9d2daae1dc76;src_9d66394bc6b2;src_a0235c846619;src_a0ec28194667;src_a18c5fba0ec8;src_a5f6b1f808ce;src_a80bc86a4c74;src_abc1e0a78631;src_ad95a65e4d1d;src_b1d09323c87c;src_b215e701b9ef;src_b8961303feef;src_b9a375b16e03;src_be798d1d6a18;src_c049239c45e6;src_cab548b856fb;src_ce5143c5b12f;src_d17a07d367c8;src_d2adad0aa7f7;src_d44fe079d778;src_d8111c00e6a7;src_e005ca1d8e02;src_e1aeb70d3627;src_e3a1a16defb3;src_e625d38f1681;src_ea16300f0a82;src_ec60949d9db9;src_ecc096c385aa;src_f1007a97618e;src_f2ded2ea8b0d;src_f30c0b1b8b1c;src_f36c44d72230;src_f551b24ef60f;src_f665ed0359ed;src_f9e88dfd3a1f;src_fc48810e4a22;src_fcec570aa9d5;src_ffaea669dcba,cpc-rendered,CC BY-NC-SA 4.0;CC BY-NC-SA 4.0; non-commercial research and education;MIT;derived audio; source MIDI terms apply; SoundFont MIT;mixed
exp_de0dcfe1007c,Wolfgang Amadeus Mozart,Classical,wrk_16208b873f55,wrk_16208b873f55,rec_fbf71c4beeee,sources/asap-dataset/Mozart/Piano_Sonatas/8-1/midi_score.mid,,data/derived/rendered_audio/fluidsynth-2.5.6-musescore-general-0.2-v1/rec_fbf71c4beeee.wav,sources/asap-dataset/Mozart/Piano_Sonatas/8-1/midi_score.mid,data/canonical/alignment_events.csv,,1,133,mid,cpc_canonical_beat,licensed_for_research,complete_movement,,true,true,ready,cmp_fef1cb83d033,Piano Sonatas 8-1,scv_f5ed897586b0,prf_cb6d925e163a,aln_66679eb6fce8,synthetic_rendering,beat,source_provided_beat_annotations,source_exact,1.00,src_00a034d80378;src_02351c287cce;src_0959f7f0c921;src_0c5b459f3713;src_120b85d303a3;src_12ac25a9c7d0;src_133fdd89d752;src_1495fd782897;src_1736c0a3ec30;src_1bfba426e3b5;src_1f601191f854;src_20272ab6e36a;src_2030b845ba85;src_2309bfc3c6e7;src_266b4a8f2871;src_2801af45cdb9;src_311cc910ec9c;src_35dc9a227b9d;src_37bb36627b0a;src_38b76ad6d621;src_39888cae09c0;src_3bb556ce074c;src_4335e7ba518b;src_455287f24eaa;src_46ea18ccd982;src_479d2731f25a;src_4974f6228fc1;src_4bb84f052046;src_5382eb64bc78;src_55b5558dc332;src_5dc6eea1d153;src_6e4e2af83481;src_70c832462968;src_76d67f0ab033;src_8146ea358c72;src_8636358d19c6;src_901fd94d7cbe;src_93a7d93d653b;src_958e85443ca9;src_98e80603d674;src_a5055e4ad044;src_a52f8efce7e9;src_a80bc86a4c74;src_abdb8cb63de8;src_adaecf4c039d;src_ceafeec6e80b;src_d5ecb237c645;src_d70d4ac7f1d1;src_d9d6678516c9;src_da251a703348;src_ddb68c27212e;src_e64c5f847c93;src_f170e550391c;src_f772fe35a149,cpc-rendered,CC BY-NC-SA 4.0;MIT;derived audio; source MIDI terms apply; SoundFont MIT;mixed
exp_de90b99feda8,Frédéric Chopin,Romantic,wrk_4faa2851f613,wrk_4faa2851f613,rec_40cf99865eea,sources/asap-dataset/Chopin/Ballades/4/xml_score.musicxml,sources/asap-dataset/Chopin/Ballades/4/xml_score.musicxml,data/downloads/maestro-v2.0.0/2006/MIDI-Unprocessed_04_R1_2006_01-04_ORIG_MID--AUDIO_04_R1_2006_01_Track01_wav.wav,,data/canonical/alignment_events.csv,,1,242,musicxml,cpc_canonical_beat,licensed_for_research,complete_movement,,true,true,ready,cmp_be7f3d842db9,Ballades 4,scv_162d1ed17f49,prf_0c87bc1b25cc,aln_f956e5b13358,source_recording,beat,source_provided_beat_annotations,source_exact,1.00,src_01b7ac476801;src_02ececd48261;src_038c2da2258a;src_053301e489c0;src_065cda58f717;src_068a42e89287;src_07200cc6e7db;src_08842af11bfb;src_08c2749e629e;src_0a3133dac0e6;src_0a5404bef3b7;src_0a5514437953;src_0ab2ecf00c2f;src_0f5597844d86;src_11689eec5d78;src_13a18353f4ab;src_189b006ec2b2;src_18a3d0b9ff87;src_18b42396a506;src_1a81a1eaac82;src_1cdd15cb0dd4;src_1f326738e9f0;src_20cc7389f28b;src_2293383c64b6;src_243183cf4408;src_2733553a05ad;src_2778fd2dcd12;src_287957576ee1;src_288eac53b5ce;src_2db64cc5200f;src_2e4136aee754;src_30ff574b1a35;src_3148e77dba2b;src_31657423e2c4;src_339c6176be59;src_33a98b9a89f8;src_39003cae4bc9;src_40afba40c883;src_420f29aa4431;src_49bdf1ee03a1;src_4f2e85e6ff8f;src_4f3dfe97617a;src_5287502f0a37;src_56044f92e98a;src_5697656acf79;src_585256ac4876;src_58bd71642b29;src_59b48092e37d;src_59cfc84c1d9f;src_5c8b697d7688;src_5e967256cc12;src_6129fbd83338;src_6269151c1e26;src_68a0c13d8522;src_69158baae80d;src_6a7e8a69848d;src_6fe57703c3af;src_71afe0ad0150;src_72a4936d8278;src_73d245cb6478;src_7532762b055e;src_757947c99b18;src_76e44a20cd47;src_779e50654ba5;src_77e8504c409e;src_77ec91f91ebd;src_781131892823;src_78ec6189d1d7;src_78f83be1320b;src_795939d00945;src_7a8f318d0dcf;src_7ad8e0dbb46c;src_7b24a444b4fd;src_7b475c36d00c;src_7d6f1ee561d1;src_82887586661b;src_83406586ec0a;src_89718e79a0cc;src_8ac13e32c820;src_8c1219f84c22;src_8c9191241ea6;src_9079e8da200a;src_927033c31afb;src_94f89676bb18;src_9ec4071341be;src_9ef7c676d189;src_9fa845f6b6f1;src_a0280a852bea;src_a3af66dbe94e;src_a44f4e436e69;src_a499454a23a0;src_a4ec8d79a52c;src_a58de6d0ecac;src_a68c81e5221f;src_a8cc107e5fce;src_a941bb921cd6;src_aa36c62c39b3;src_ab4c34c8b3bd;src_ab99c922085a;src_abb1fd406c52;src_b03c8274c7a3;src_b21045e81502;src_b783f011e6d3;src_b81e36429cad;src_b95036c90e5a;src_ba1d81552555;src_bf7553b3d381;src_c279de5bb839;src_c39953258134;src_c4d3a75fbd7e;src_c759c6732900;src_c98f9e63cb41;src_cea13fb3c9be;src_cfc55f3437d0;src_cff6291485e5;src_d0eb3f153ce0;src_d7023bdbe790;src_d716e170a059;src_d835f18adae9;src_da888c0baa1b;src_db12fbfb86e1;src_dbf2650ef99a;src_de44898526fa;src_dfda685c9c84;src_e00520458d2c;src_e3b4ddb93488;src_e481789c72fc;src_e516cdac5e54;src_e8b8ac770fe0;src_e907edd6bdb9;src_e909a392e587;src_eefee922fe62;src_f0e2b2dd09a8;src_f143523fb87b;src_f5209c23c509;src_f86f383213bb;src_f8976b9db1c7;src_f9654f0d33e3;src_fd8df38f7ec7;src_fdaf92ef0bd4;src_fe4850c5efe5;src_fe7f3141f486,asap,CC BY-NC-SA 4.0;mixed
exp_dee1b4126d0e,Frédéric Chopin,Romantic,wrk_3dcc7b8023b5,wrk_3dcc7b8023b5,rec_68e94e60dd6b,sources/asap-dataset/Chopin/Scherzos/20/xml_score.musicxml,sources/asap-dataset/Chopin/Scherzos/20/xml_score.musicxml,data/downloads/maestro-v2.0.0/2011/MIDI-Unprocessed_07_R1_2011_MID--AUDIO_R1-D3_05_Track05_wav.wav,,data/canonical/alignment_events.csv,,1,625,musicxml,cpc_canonical_beat,licensed_for_research,complete_movement,,true,true,ready,cmp_13ec9ec295c2,Scherzos 20,scv_74ee8d53deb8,prf_48b902d52391,aln_4b932ebbe12e,source_recording,beat,source_provided_beat_annotations,source_exact,1.00,src_00d6793401ae;src_02ea0a010922;src_04569a788f35;src_0c7d711e8085;src_17cce2ef90fe;src_1836861ace45;src_20d94e61d7c7;src_25e02c1ab616;src_25fbe090be45;src_2b8dbb8adb63;src_2f3b3945b914;src_30a3e8318826;src_310f83c52b07;src_335fa3ed0cc0;src_395ea1e6bde7;src_3aa43c0a3acc;src_3dc25db938ed;src_3e203fce0f03;src_3f61810a87f1;src_4519b6602497;src_4bb22cc6d097;src_4c8f98a59378;src_565e95bdbb71;src_5bcec78b2dfd;src_6006abc1d989;src_681faa589d63;src_6bc07c489965;src_6c340436607a;src_7023a7439d83;src_73c8663d28fc;src_7441d7c20a75;src_7ce211b3babd;src_7da5a3a0baae;src_8452b8d91057;src_8fe29b8c60bc;src_91daedc58398;src_a48ca62b03eb;src_a520dc352709;src_acf413860ef0;src_b319225f4d7a;src_bc492f08ccd9;src_c1b9d922bc18;src_c433e3c797a3;src_c4438e90546c;src_d06e95a2414f;src_d17c17ca37a3;src_d6a6886c37f4;src_dc71c58721bf;src_e178c9cb915e;src_e18836564a3f;src_e4d065afa8e2;src_ef6e2cc23c22;src_f049f25171f6;src_f12c9c90366e;src_f1ec57e309f6;src_f3e7ab7410c2;src_f4d852183c76;src_f53f51cd74a8,asap,CC BY-NC-SA 4.0;mixed
exp_df572fe84fa9,Wolfgang Amadeus Mozart,Classical,wrk_f2fd7348d34e,wrk_f2fd7348d34e,rec_85b3f161802e,sources/ACPAS-dataset/subset_S/Mozart/376_ASAP_Piano_Sonatas_12-3/ASAP_12-3.mid,,data/derived/rendered_audio/fluidsynth-2.5.6-musescore-general-0.2-v1/rec_85b3f161802e.wav,sources/ACPAS-dataset/subset_S/Mozart/376_ASAP_Piano_Sonatas_12-3/ASAP_12-3.mid,data/canonical/alignment_events.csv,,1,245,mid,cpc_canonical_beat,licensed_for_research,complete_movement,,true,true,ready,cmp_ef443eed1fe6,Piano Sonatas 12-3,scv_2a284f591bd2,prf_f64430b75b90,aln_354a60ab746c,synthetic_rendering,beat,source_provided_beat_annotations,source_exact,1.00,src_00892c94453f;src_05fce6a1c094;src_082f5c6bf2e8;src_08e0bebe976d;src_0c55f3b2d324;src_0c57b0064acd;src_0cc8ec2a9729;src_0d77f89abc0e;src_0fd8d55cd61b;src_15c2c8e7aaaf;src_18c259203e28;src_230b83e7eb73;src_253ba719c792;src_28a2fbdb48e0;src_2d4c3f088c38;src_3a55a4800637;src_3c03b156384f;src_3d278fa1649d;src_3ea8f3df8a60;src_4381359fce9a;src_482a35184ba3;src_503c2db2ad29;src_510e5a6ab9ae;src_57f12b8cee90;src_63b49285a011;src_6517247c666e;src_68750706644c;src_6914081268ab;src_6944674d32bd;src_697613977243;src_6da7d92c3af7;src_7175e59affda;src_723a743b598e;src_73f40f01bd0a;src_76196252854b;src_791e601a8fbb;src_7c64b7722edc;src_7dc1d307f632;src_7ff9adc224ec;src_80a9c89b82ab;src_85955f07b57b;src_89a8148f121a;src_8ca3d224d6b1;src_8f4d84f70757;src_9160550b7c11;src_983129b28bef;src_98e80603d674;src_9c53262fd73d;src_a54e9255e601;src_a80bc86a4c74;src_ad95a65e4d1d;src_bc24ebd953f3;src_bc6797f5e8e6;src_c0c40c6aa029;src_c499401e65d4;src_c6d1c330ce90;src_c90c4af85197;src_d31196f2b412;src_d75b18bee77a;src_d9d40eb428b4;src_db2d4752bd56;src_e5bbb70b5783;src_e7744dfeddfd;src_f30700d5fdeb;src_f34d0412381b;src_f93243e72c48;src_fcae82b0b106,cpc-rendered,CC BY-NC-SA 4.0;CC BY-NC-SA 4.0; non-commercial research and education;MIT;derived audio; source MIDI terms apply; SoundFont MIT;mixed
exp_e1a44f182902,Frédéric Chopin,Romantic,wrk_7c8a93c28dae,wrk_7c8a93c28dae,rec_23a2d3abe130,sources/asap-dataset/Chopin/Etudes_op_25/1/midi_score.mid,,data/downloads/maestro-v2.0.0/2015/MIDI-Unprocessed_R1_D1-1-8_mid--AUDIO-from_mp3_07_R1_2015_wav--3.wav,sources/asap-dataset/Chopin/Etudes_op_25/1/midi_score.mid,data/canonical/alignment_events.csv,,1,50,mid,cpc_canonical_beat,licensed_for_research,complete_movement,,true,true,ready,cmp_3f53c3033d5f,Etudes op 25 1,scv_ff0a756883d8,prf_7fe5ee1dad67,aln_caf063cb5bc5,source_recording,beat,source_provided_beat_annotations,source_exact,1.00,src_01ab2e85c531;src_02a27c7ff5d2;src_032fa374450b;src_0b6e2d439038;src_13984b20e23d;src_18d34d662b7a;src_1c83d9a6283d;src_238a7a364c5d;src_2449850a42e2;src_2677433224fa;src_271146b06578;src_28a636084a91;src_295f19fcc0cf;src_330df61039a7;src_3625515aaf3d;src_39d9f5f50e36;src_3a41479b82e6;src_3bac7d344627;src_4acade54b2b7;src_551b1974fc0f;src_5c17c15807b6;src_5d4b590c676c;src_5df5d8cfd483;src_612b194cb569;src_615d9e38c060;src_621a5e054078;src_6382115f872f;src_6836d946fe6c;src_6fe535208bb6;src_7271f108ffa1;src_7abd567484de;src_7cb69c485bdf;src_7e6e8dd834bd;src_83d5b4ce162a;src_851a2d28527a;src_85c621e0af26;src_87ebe077b197;src_88958884d9c9;src_9690e78bdc93;src_a18666ee22e7;src_a36b4928c100;src_a413b8030a4c;src_a45d70bcf29d;src_a798addab407;src_a881a277d38a;src_a8c2aa6e4f3d;src_a9d4e2d75821;src_ae34dd79266e;src_b11aabab6ba2;src_b1362bf38e70;src_b14c47341c76;src_b2148d7f6578;src_c1945a029b74;src_c8542ee8d088;src_caf5862eb95a;src_cb9b4caf3861;src_d4ee33f8de60;src_d728f12a7a69;src_daa0451a9f4c;src_de37c540117c;src_dee1e05255af;src_e664ce643193;src_e7df770b11a0;src_ec583a29ed2c;src_f8134cdef3be;src_f8190f4832bb;src_f8dedaee5a76;src_fb4b53b85e9f;src_fc0fbb553a7c;src_fd9504e6233c;src_fd96085cb946;src_fe0c57127f38,asap,CC BY-NC-SA 4.0;mixed
exp_e263ab9b40db,Wolfgang Amadeus Mozart,Classical,wrk_ae99d9f81630,wrk_ae99d9f81630,rec_e1c8ddc3692b,sources/ACPAS-dataset/subset_S/Mozart/372_CPM_Sonata_No.11_A_major_KV_331_2/S_143_A_MAPS_mz_331_2_AkPnBcht.mid,,data/derived/rendered_audio/fluidsynth-2.5.6-musescore-general-0.2-v1/rec_e1c8ddc3692b.wav,sources/ACPAS-dataset/subset_S/Mozart/372_CPM_Sonata_No.11_A_major_KV_331_2/S_143_A_MAPS_mz_331_2_AkPnBcht.mid,data/canonical/alignment_events.csv,,1,250,mid,cpc_canonical_beat,licensed_for_research,complete_movement,,true,true,ready,cmp_1eedc0bd6874,Sonata No.11 A major KV 331 2,scv_4f3090d8e77e,prf_a99fe424707d,aln_2c32c8deb548,synthetic_rendering,beat,source_provided_beat_annotations,source_exact,1.00,src_116883edd29c;src_1304b8fb1eb7;src_19f07905eeb9;src_1a42e413bb1f;src_1d2ee2947769;src_24b7a7b143ec;src_2e8677ff6dc8;src_2f1abb4f81db;src_2f4e98a92b75;src_376047e41d29;src_378d21479789;src_3997ddbfaa06;src_4a7e29ee7c17;src_4b8e859206eb;src_59e0857890df;src_64eaef620cbb;src_721e6784f536;src_98bbb4195c1c;src_98e80603d674;src_9be8a40f2a97;src_9f18011b574a;src_a80bc86a4c74;src_ac53671461b4;src_b1cc6076e5e8;src_be0f7e1a1182;src_c8c8adae040c;src_cfe46bca5648;src_d63361ca9ede;src_f97d13df53ea;src_fa44aac5e5de;src_ff52dc8a6d86,cpc-rendered,MIT;derived audio; source MIDI terms apply; SoundFont MIT;mixed
exp_e2771fe014bd,Wolfgang Amadeus Mozart,Classical,wrk_16208b873f55,wrk_16208b873f55,rec_0ea81f3f9389,sources/asap-dataset/Mozart/Piano_Sonatas/8-1/midi_score.mid,,data/derived/rendered_audio/fluidsynth-2.5.6-musescore-general-0.2-v1/rec_0ea81f3f9389.wav,sources/asap-dataset/Mozart/Piano_Sonatas/8-1/midi_score.mid,data/canonical/alignment_events.csv,,1,133,mid,cpc_canonical_beat,licensed_for_research,complete_movement,,true,true,ready,cmp_fef1cb83d033,Piano Sonatas 8-1,scv_f5ed897586b0,prf_01447811a173,aln_7a1cd8b3cf4c,synthetic_rendering,beat,source_provided_beat_annotations,source_exact,1.00,src_00a034d80378;src_02351c287cce;src_0959f7f0c921;src_0c5b459f3713;src_120b85d303a3;src_12ac25a9c7d0;src_133fdd89d752;src_1495fd782897;src_1736c0a3ec30;src_1bfba426e3b5;src_1f601191f854;src_20272ab6e36a;src_2030b845ba85;src_2309bfc3c6e7;src_266b4a8f2871;src_2801af45cdb9;src_311cc910ec9c;src_35dc9a227b9d;src_37bb36627b0a;src_38b76ad6d621;src_39888cae09c0;src_3bb556ce074c;src_4335e7ba518b;src_455287f24eaa;src_46ea18ccd982;src_479d2731f25a;src_4974f6228fc1;src_4bb84f052046;src_5382eb64bc78;src_55b5558dc332;src_5dc6eea1d153;src_6e4e2af83481;src_70c832462968;src_76d67f0ab033;src_8146ea358c72;src_8636358d19c6;src_901fd94d7cbe;src_93a7d93d653b;src_958e85443ca9;src_98e80603d674;src_a5055e4ad044;src_a52f8efce7e9;src_a80bc86a4c74;src_abdb8cb63de8;src_adaecf4c039d;src_ceafeec6e80b;src_d5ecb237c645;src_d70d4ac7f1d1;src_d9d6678516c9;src_da251a703348;src_ddb68c27212e;src_e64c5f847c93;src_f170e550391c;src_f772fe35a149,cpc-rendered,CC BY-NC-SA 4.0;MIT;derived audio; source MIDI terms apply; SoundFont MIT;mixed
exp_e3709fe18204,Frédéric Chopin,Romantic,wrk_4faa2851f613,wrk_4faa2851f613,rec_2832086d921a,sources/asap-dataset/Chopin/Ballades/4/xml_score.musicxml,sources/asap-dataset/Chopin/Ballades/4/xml_score.musicxml,data/downloads/maestro-v2.0.0/2017/MIDI-Unprocessed_051_PIANO051_MID--AUDIO-split_07-06-17_Piano-e_3-02_wav--4.wav,,data/canonical/alignment_events.csv,,1,242,musicxml,cpc_canonical_beat,licensed_for_research,complete_movement,,true,true,ready,cmp_be7f3d842db9,Ballades 4,scv_162d1ed17f49,prf_376d24bdeab4,aln_7a643d49ddd7,source_recording,beat,source_provided_beat_annotations,source_exact,1.00,src_01b7ac476801;src_02ececd48261;src_038c2da2258a;src_053301e489c0;src_065cda58f717;src_068a42e89287;src_07200cc6e7db;src_08842af11bfb;src_08c2749e629e;src_0a3133dac0e6;src_0a5404bef3b7;src_0a5514437953;src_0ab2ecf00c2f;src_0f5597844d86;src_11689eec5d78;src_13a18353f4ab;src_189b006ec2b2;src_18a3d0b9ff87;src_18b42396a506;src_1a81a1eaac82;src_1cdd15cb0dd4;src_1f326738e9f0;src_20cc7389f28b;src_2293383c64b6;src_243183cf4408;src_2733553a05ad;src_2778fd2dcd12;src_287957576ee1;src_288eac53b5ce;src_2db64cc5200f;src_2e4136aee754;src_30ff574b1a35;src_3148e77dba2b;src_31657423e2c4;src_339c6176be59;src_33a98b9a89f8;src_39003cae4bc9;src_40afba40c883;src_420f29aa4431;src_49bdf1ee03a1;src_4f2e85e6ff8f;src_4f3dfe97617a;src_5287502f0a37;src_56044f92e98a;src_5697656acf79;src_585256ac4876;src_58bd71642b29;src_59b48092e37d;src_59cfc84c1d9f;src_5c8b697d7688;src_5e967256cc12;src_6129fbd83338;src_6269151c1e26;src_68a0c13d8522;src_69158baae80d;src_6a7e8a69848d;src_6fe57703c3af;src_71afe0ad0150;src_72a4936d8278;src_73d245cb6478;src_7532762b055e;src_757947c99b18;src_76e44a20cd47;src_779e50654ba5;src_77e8504c409e;src_77ec91f91ebd;src_781131892823;src_78ec6189d1d7;src_78f83be1320b;src_795939d00945;src_7a8f318d0dcf;src_7ad8e0dbb46c;src_7b24a444b4fd;src_7b475c36d00c;src_7d6f1ee561d1;src_82887586661b;src_83406586ec0a;src_89718e79a0cc;src_8ac13e32c820;src_8c1219f84c22;src_8c9191241ea6;src_9079e8da200a;src_927033c31afb;src_94f89676bb18;src_9ec4071341be;src_9ef7c676d189;src_9fa845f6b6f1;src_a0280a852bea;src_a3af66dbe94e;src_a44f4e436e69;src_a499454a23a0;src_a4ec8d79a52c;src_a58de6d0ecac;src_a68c81e5221f;src_a8cc107e5fce;src_a941bb921cd6;src_aa36c62c39b3;src_ab4c34c8b3bd;src_ab99c922085a;src_abb1fd406c52;src_b03c8274c7a3;src_b21045e81502;src_b783f011e6d3;src_b81e36429cad;src_b95036c90e5a;src_ba1d81552555;src_bf7553b3d381;src_c279de5bb839;src_c39953258134;src_c4d3a75fbd7e;src_c759c6732900;src_c98f9e63cb41;src_cea13fb3c9be;src_cfc55f3437d0;src_cff6291485e5;src_d0eb3f153ce0;src_d7023bdbe790;src_d716e170a059;src_d835f18adae9;src_da888c0baa1b;src_db12fbfb86e1;src_dbf2650ef99a;src_de44898526fa;src_dfda685c9c84;src_e00520458d2c;src_e3b4ddb93488;src_e481789c72fc;src_e516cdac5e54;src_e8b8ac770fe0;src_e907edd6bdb9;src_e909a392e587;src_eefee922fe62;src_f0e2b2dd09a8;src_f143523fb87b;src_f5209c23c509;src_f86f383213bb;src_f8976b9db1c7;src_f9654f0d33e3;src_fd8df38f7ec7;src_fdaf92ef0bd4;src_fe4850c5efe5;src_fe7f3141f486,asap,CC BY-NC-SA 4.0;mixed
exp_e394e5f271be,Wolfgang Amadeus Mozart,Classical,wrk_c49a23fb1608,wrk_c49a23fb1608,rec_5edaef01bde2,"data/downloads/pianocore/1.0/refined/Mozart,_Wolfgang_Amadeus/Fantasia_in_D_minor,_K.397:385g/score_PDMX_refined.mid",,data/derived/rendered_audio/pianocore-1.0-a-star-mozart-fluidsynth-2.5.6-v1/rec_5edaef01bde2.wav,"data/downloads/pianocore/1.0/refined/Mozart,_Wolfgang_Amadeus/Fantasia_in_D_minor,_K.397:385g/score_PDMX_refined.mid",data/canonical/alignment_notes.csv,,1,133,mid,cpc_canonical_note,licensed_for_research,complete_movement,,true,true,ready,cmp_073d138dba36,"Fantasia in D minor, K.397:385g",scv_179a7cdec1d4,prf_012c4397ccb9,aln_0dc3d0d214e0,synthetic_rendering,note,pianocore_rascop_refined,pianocore_a_star,0.8913,src_0057857d4065;src_00bc2a1456f9;src_00c52a43f501;src_00ea2c71d56f;src_00f0fbbd97fb;src_00f67f287108;src_00fad4011461;src_010b79b19437;src_012324419088;src_012fe9aa5bbd;src_01453cb35f75;src_018c81b68cbb;src_0190457f527f;src_021fe358f73b;src_023cace8b2ce;src_026ddc4457d7;src_036f653df93e;src_037ff6589bde;src_03cdbfb89062;src_03ea37b525da;src_043319661939;src_048c368243a3;src_048f8a0a2e5e;src_049987ae654a;src_04d1c0e4de28;src_0507c6a3d50b;src_05386fd59096;src_0588dd0dc73f;src_0593099f6f40;src_05cb732d2121;src_05e069af5cd7;src_05e9e3c20db2;src_05f037594eae;src_06099b1002c8;src_0630d6cb1c15;src_067e27a56afb;src_06c2d77890ab;src_06f8890e5c07;src_06fd6adb58b4;src_072a2eaa12a7;src_072bf7c18bbf;src_075fbbf16c6c;src_07acc2884aad;src_07c7fd4994ae;src_0892a2f5bb18;src_08dfa8a44add;src_0997c076d40c;src_09eb36e98e78;src_09fbb42904a1;src_0a078aaf9b58;src_0a319a42313c;src_0a39bddf8ea5;src_0a4f52658042;src_0a71a673ea97;src_0a84bb9a69ae;src_0b05749c0ed4;src_0b3e6e7bfa2b;src_0b6268461f9a;src_0bc8c7cb6c97;src_0bca04e1262e;src_0bcf21e7a98e;src_0be24136880a;src_0bf2ae871746;src_0c197e2fcb40;src_0c5763e28d70;src_0c5bf505eb95;src_0d0118f730b6;src_0d0b017295b7;src_0d836479f778;src_0d9420514d34;src_0d95ed902aa7;src_0da963e6efc7;src_0db090c202a1;src_0db9a740e29b;src_0de061fb88bc;src_0e0c7fa2ee3b;src_0e10583624fa;src_0e81ba08f9f4;src_0e86b4ab7dce;src_0ee337aa6935;src_0f3676e5457e;src_0f453abbc3f7;src_0fa2ffc21185;src_0fa33cd9b189;src_10317a58779e;src_104305a17aa6;src_104adc265e44;src_1132e389473e;src_1137de2ed6f5;src_114351714e40;src_116bfd20e9e3;src_1172f7fd4ac2;src_11a4edd3e4d6;src_11bd373e68d0;src_121a2c8c0a7b;src_1227bd8f29bd;src_123dd5bdebe3;src_129780cb15b0;src_12ca6666b7c7;src_12f511579131;src_130a98ac274b;src_130b3d72ca19;src_131a7942eb6b;src_1349c17519dc;src_1353cb735cd4;src_1354c32ff6ec;src_1392699ede70;src_13d7726e4e91;src_14096d21882c;src_14e03c07c8d8;src_156555ac026d;src_1587c6cdd830;src_159c21ff5073;src_15a191071ebc;src_15d789348a69;src_15e7d1b96458;src_15e990364470;src_15f243c126cd;src_1622c712488c;src_167608f8ab5f;src_169ffc439cb5;src_16bd36f660b9;src_16dae402f484;src_175ddc4ecbda;src_17cefbd940ad;src_1807399702d8;src_1813027cb329;src_1833f2cd149d;src_188065ae6d44;src_18932707e4f2;src_189cc8c55db3;src_18f49054ba66;src_190003d5ef31;src_19228d4be631;src_196f76e8bdd3;src_19859749e521;src_19a2671c1e73;src_19a2830f3b60;src_19d9ec4fa491;src_19e86d92d846;src_1a021ca39e4d;src_1a89cd52fe2e;src_1ad614d0cc44;src_1b0b4b0c726c;src_1b60d13df008;src_1b63f8e625a7;src_1b6c96cf7121;src_1c27e21efb29;src_1c3c70c7fe32;src_1c6f3ac5c0f0;src_1c7fd6051c61;src_1c8918e22b76;src_1c90e3e7b8c7;src_1ccdcb96279c;src_1cd35b94ef23;src_1d01dc0d924d;src_1d09cf706e50;src_1d1bd640a9a0;src_1d235a34367a;src_1d4310cb38c5;src_1dbcad2b42a6;src_1dc0d64876bc;src_1df910ad3770;src_1e00a16735f1;src_1e0e6f7b0ea1;src_1e1b65eade5f;src_1e2ecce59c32;src_1e683f8fd623;src_1eb64107cfb1;src_1ebb40d0ebb1;src_1f00cebeb55d;src_1f0bf367a0a2;src_1f3beddb8693;src_1f73862b45ff;src_1f8531a05a19;src_1f92c35276aa;src_1fc68f76beb1;src_1fe72f23653d;src_1fe96e6f7a20;src_20648e0edff6;src_208694143c24;src_20d9b8f119ba;src_20ecb05c9390;src_213e5d44d4e3;src_215bf65055a4;src_216483bca8f5;src_2180df6efe21;src_2186333d0c25;src_218c92e2d31c;src_21ac7a83e471;src_21e51b691991;src_223853bd8efc;src_2268292ec583;src_22758dcd62de;src_2278e406500c;src_22dbbbf9c965;src_22e03ca154ff;src_22f8cd482488;src_232d7b70b9cd;src_234add657df5;src_236e11bb5ce0;src_23bf127402f0;src_23f1c19c1b42;src_24087d20ac32;src_241c312118bc;src_241fbe198ae4;src_24856024b6ab;src_2495f148a3d0;src_249e2de83b62;src_24c690cba11f;src_24e58ba9fb26;src_2526afa9f97b;src_2540e98b3304;src_25ba6c841472;src_25e6bfc87916;src_260e8ad5eca8;src_26724aa16f39;src_26738c0bce90;src_26eec3922a74;src_273968e610e9;src_27670232cf6c;src_2780012fb683;src_27b7578aae46;src_27c51a1df3e7;src_28472df05a2f;src_286c7dfbd57a;src_2883a7d5ac9a;src_28ca17749c00;src_2913d0c56c3e;src_292e7cb618a2;src_292f1f28a8ca;src_2941938581cb;src_294ada6affc2;src_2975be8d098a;src_299aee2a10a7;src_29b02e4506ee;src_2a0a38ceb957;src_2a352e6b3ce4;src_2a46358730fd;src_2a84e434fc32;src_2a85e6e2ab42;src_2a8eacef27c7;src_2a9086fd1a4e;src_2adb4de1162c;src_2ae994d0dd6e;src_2afdd4a46ad6;src_2b0bac0223f1;src_2b12b7ac654e;src_2b47cf0696de;src_2b7dfa9ccfca;src_2bc57ada0350;src_2bc901d73e0b;src_2be2b99c3fb4;src_2c62da78df92;src_2c75009d7b66;src_2c7caa2416e6;src_2cb2fc0b71a0;src_2ccd184bdefc;src_2ce51307ffc1;src_2cec1e384596;src_2cfab24b459c;src_2d37edad971d;src_2d3910e425db;src_2d57d3415fb9;src_2d6b170582bc;src_2d7aec8eba4b;src_2dc53996b242;src_2df5b00ada62;src_2e1687205a5b;src_2e1e753a39cd;src_2e3240ef0bd2;src_2e34fb2fe217;src_2e9267e12fcc;src_2eb0803c4b93;src_2eba3fe1f2ab;src_2f0e5284e85f;src_2f3a21dd9364;src_2f4608f0b7cd;src_2f641fc69797;src_2f78f3a51292;src_2f7ea2686c56;src_2f92f0646744;src_2f9867269426;src_302e9ddb9db0;src_304ae5a17a5e;src_30bfc400a1ff;src_30e934591e97;src_31dc953cc643;src_31e4dadf25f1;src_31ee0417bb55;src_320bbaba3394;src_32466ef6b588;src_32487030fd3e;src_325adfb079df;src_3269f9e73505;src_329f7ce499f5;src_32b161b0e13f;src_32c3580f35ea;src_32ded5428d44;src_32fe34270468;src_33303afc7586;src_3336af0c350d;src_334b4da4ebe6;src_337f0e0ac38f;src_33dffa528428;src_33f0d88468e8;src_3451a6227e5b;src_34719cc4252b;src_34e2ccd1e3f4;src_35a7e982db84;src_35c495191c30;src_35d0034683be;src_362771c0a351;src_365bbafa63ba;src_36c307b83161;src_37065f2ca791;src_370ea73cb953;src_371fd2bf9d31;src_3725dd3862a3;src_3732775f013b;src_37399edc2d25;src_37e28894eede;src_37f91c96a3bd;src_386628b1f35a;src_388bd5f1a987;src_38b8f4e20e31;src_38c73ff1c327;src_38e1a91e8788;src_38e243a8cbae;src_398803c93264;src_39920d56fc48;src_39962006a9ba;src_399fac0bf70b;src_399ff4aceb03;src_39aedb2cf4c7;src_39c4810a9a73;src_39d343d4c96a;src_39d55d76a2c6;src_39e3449835a1;src_39f143d52c4c;src_39fa538eddd6;src_3a19e3ff0560;src_3a46e2058e64;src_3a7ce4b69195;src_3a81745d794e;src_3ac587d22151;src_3afca98600e6;src_3b0680618086;src_3b0dfd336f75;src_3b20cb81d491;src_3bbb43a79185;src_3be0232b41a2;src_3bf01768fb1f;src_3c1ce4faa3cc;src_3c3300b683cf;src_3ca455cc4193;src_3ccf416ddb07;src_3cd9fda2fa5b;src_3d5228b29317;src_3d5cdc7c77bd;src_3d6bdd122022;src_3d7727158e65;src_3d7c3a75ce47;src_3de6d0f5fd69;src_3e5a5b035450;src_3e84b7fc2306;src_3ea540fb3ea2;src_3eef206b1be7;src_3f01153e8d63;src_3f019fae5089;src_3f5204d23980;src_3f6836832869;src_3f91f2e1c105;src_4000bea787cb;src_4018250fb287;src_4044e62ea179;src_407db73b746a;src_4085336df959;src_40b9df394cb9;src_40bba9005aba;src_40ca71e74d77;src_413216b4a117;src_41386817958d;src_4174db5c6e61;src_41bd813141b4;src_41c3a50be494;src_421e4b13af54;src_424b0a112a88;src_4254f5e0f3a0;src_426a5479b9af;src_42ac2a38058d;src_42e91ea6beeb;src_4305d2d5ed5a;src_4329f611955e;src_43550b80286d;src_437084e59649;src_437aa3b78a91;src_4387ff78c973;src_43df6dbb0b6e;src_43e6c14c7150;src_43e82de4f3ca;src_43fb9f0bdba0;src_4401d1d088e9;src_44081fd28452;src_441411003312;src_4422689ea694;src_4437135ba391;src_446bc5f19a89;src_44f069a807da;src_452157284618;src_453fdd837f2e;src_4551a348adad;src_45acc57b93e7;src_45b9a3bc11f3;src_45d5341eb986;src_45fbf9938774;src_4678c2a164c1;src_4699ec23d8be;src_4706be6136ee;src_471a29c0e865;src_4747efc6d2a9;src_4755839e9cf3;src_4758ccd42d99;src_4760da05eefc;src_47755c6f62ca;src_47a8d05d072b;src_47ddb330144e;src_47feecb087cc;src_489334ee75c9;src_48a90bfe00e8;src_48cdfd47e883;src_48ec0c805e53;src_48f1e9f45c04;src_48f5a1fd8893;src_48f890234ec6;src_4931959e4f61;src_493bd82159ed;src_4947080d89ed;src_4953f815d8eb;src_4969a7af94b7;src_497d03809d4d;src_49e8760d1a54;src_49e937f352bd;src_4a20b0c509ca;src_4aa604b238db;src_4ae6bdb942bc;src_4b2d9a9c5c41;src_4b3bcb8bfacf;src_4b57b36e7be9;src_4b8a9f80e288;src_4bce570574cd;src_4be3d7d27068;src_4c3b708925e0;src_4c9c1d8f3f08;src_4ccdb0b40839;src_4cf949aeab12;src_4cfbadc9134b;src_4d11dc12fce0;src_4d21a954bb40;src_4d71e4f5951e;src_4da5d7f2045b;src_4dac3aeccc73;src_4de13d20cbc9;src_4e58a09f5a4d;src_4e5f2c327137;src_4e623024ae28;src_4eee922794a9;src_4ef78a0e0bd5;src_4fce63ec766e;src_5003db26049d;src_5010694ca80e;src_507f81d3c6a7;src_50be7cb955be;src_510b79c4b5ef;src_513e2f223135;src_51933e4d73dd;src_51f3576c1f21;src_528001662dd9;src_52ef56de5013;src_52fb218b5a0c;src_53673668ffcf;src_537068a637d0;src_5393ecfa1292;src_53a6b7faaf4b;src_53d36a7e5ba9;src_53e0e8f27108;src_53feb7610fbe;src_546709560261;src_546b0e5f05f0;src_546c7b141989;src_548603c1a01c;src_5489f8fe3aef;src_54965543f7fb;src_54a3f298f0cd;src_54bfeaec013e;src_54d2d27a0310;src_54e2b9dd44d8;src_550fd363035e;src_5526080327b7;src_553e9f9cfbd4;src_553f7c3489f5;src_5559af81f783;src_55751e1e05b2;src_5591fb8bfbea;src_55c7ab6de02f;src_55f697b0e823;src_56628fe4e3f2;src_566465d770e8;src_56e058fa3e08;src_573a4b9681d1;src_5744f93becc5;src_5763033c260d;src_579636b5556a;src_57bc64aa2b2b;src_57c47d84a0fc;src_57ec2a577c18;src_57f6cb71c3b3;src_57f7f0d3d586;src_57fed1e1bfdf;src_5821ec98cd69;src_5851f3c7f3f3;src_586b383bfe69;src_58a88ff499ab;src_58b40f978291;src_5928c5b61622;src_595412d4a58a;src_59610603481b;src_5983fbcce013;src_59c13c753943;src_59fe567881a9;src_5a7b41e76a01;src_5a8cd38492eb;src_5ae4b5eb6f1a;src_5af04a4f0375;src_5b060ad09b9d;src_5b06e68b04ec;src_5b511bf066ff;src_5b6d887538c3;src_5b857720e14c;src_5b87fe4d6459;src_5b93bee39555;src_5ba3af65508e;src_5bde6112f080;src_5cf2cf68f10e;src_5d1e6079fca5;src_5d35dca98407;src_5d45429623ce;src_5e113e01a476;src_5e19a6c4566f;src_5e99f5a9925c;src_5eaca50f809e;src_5ec7df3dff8b;src_5ed08d80cd7c;src_5efa41fe6d9c;src_5f02218c86dd;src_5f07708ddb5b;src_5f4e2523a2ce;src_5f52d4122f5b;src_5f53c8d14b46;src_5f68371a83cf;src_5f9f015d53c2;src_5fde6c6b1f17;src_5fe5df79cf04;src_5fe73610b733;src_602ec5cc10cb;src_605133a3e11d;src_6061d5e29706;src_6091113239fa;src_60bbe0a5ef57;src_60c335b0218b;src_60ec6ffed987;src_615c469886ed;src_61a1cd4e6b8a;src_61f14dcb4f17;src_6206a546dbbd;src_6244c2723246;src_6271638f8ad5;src_629874c0b98e;src_62bdb7f7df67;src_62bf14721318;src_62d9fc4ca014;src_6307652f70da;src_632c5fe59c9c;src_639df9a03ab8;src_63b387bf3a28;src_63b54a0f9873;src_63bde71de96a;src_63fe1b908a78;src_6401af04f3c4;src_64c1eec3af84;src_64d9e5875274;src_6500e43aa9e3;src_650a7b1fe042;src_651dc1c742e9;src_659b80457951;src_65af95d34a18;src_65d10b72c72a;src_6623347741f2;src_66874a7b437f;src_66922355bb2d;src_67395e7deac8;src_67784804f203;src_67934bc8fd09;src_67f3d1a42987;src_680c70c94880;src_6810b5a9d567;src_6830ec995e6a;src_6845854c12b2;src_6865a4941a33;src_68d8d3d67d0a;src_68f39b464891;src_68fb5e965ab5;src_690a97efdc1f;src_6916521e2c9b;src_69433dd85beb;src_69545e5f81fc;src_6960d40d64be;src_6966caf58869;src_697ba873976c;src_6989ca2d5708;src_69ac43225e9d;src_69b40747252c;src_69e3194458a4;src_69f75225c1ba;src_6a105905e9b8;src_6a2eba22e79e;src_6a67417eeb2f;src_6a6f7a678977;src_6a8dcb02702b;src_6b316a7f4d6d;src_6b3368a8996a;src_6b6167ff8c53;src_6b91a9167d56;src_6b9ed3512244;src_6bc716e040d5;src_6c15285c4ef5;src_6c194490327d;src_6c3476a8282f;src_6c6ebc5ee6a6;src_6ca39f222c50;src_6d3731aa6001;src_6d79226f3c37;src_6d8c0ac43fc2;src_6da33986266b;src_6ddd0ff46363;src_6dec9960e138;src_6e23fa50ebf0;src_6e3eeac16da6;src_6e560da12224;src_6e716e965dbd;src_6e9cb1782eb8;src_6ef9946a0a13;src_6f1f8e1e6119;src_6f222e7864d7;src_6f2b2ad8cfe7;src_6f5c6803045f;src_6fa8e545540b;src_7012e8bcfcd0;src_7026fdcfdd54;src_70343896e4ad;src_7076163cd136;src_7082175d78e4;src_7085516f69ed;src_70babf7e1256;src_70c49c2315c6;src_70d0eac9cfab;src_70e79c45e4c7;src_70e9a014b578;src_712d7f67c8e8;src_713db9f56cd1;src_7156d44a9c8d;src_715d3cb28fdf;src_7164a4f0c135;src_718a58a960fd;src_719406fd9b12;src_71a3edf69dd2;src_71e622aba210;src_721465983373;src_7223d8003335;src_72246f40fb05;src_7242bd79a77f;src_7245f68465ed;src_7270a1bc7074;src_729e4341d890;src_732220e98c69;src_732959d0da31;src_73461012009a;src_7358558fa4e4;src_73795e665f78;src_73b116169c5f;src_73c46ee13565;src_73ef96fd6c12;src_742441ae8455;src_74572ca7fc3c;src_749855024fa8;src_74990656bef8;src_74b4a5c9fba0;src_74b4addfeec3;src_74c6ac8cce4b;src_74f95dfd93b7;src_754fd4f8a8d1;src_75afdea0d2b6;src_75c76775f280;src_75d84ff5bd89;src_75ebdacbbecf;src_7632a5014284;src_7643a6f7be84;src_764f802ae10d;src_76504eec81f2;src_7697ee43a83f;src_76d5ff098d3e;src_77281f8eb987;src_775a6602c7ab;src_776d1016ca55;src_7770f6104daf;src_77718a6ab8ad;src_7779cab53ce6;src_77cbe551eb38;src_77ef7ac77930;src_786bb17c7d8d;src_78936ddbfaf4;src_78aba19b3820;src_78c56dfaaea7;src_78cc7bb2f0ae;src_78f4fdcf4849;src_78fc700c6d54;src_79359e037fd5;src_795cebeacdd6;src_797ee498433d;src_799da5e3fab9;src_7a1c30a73dec;src_7a36dbee978a;src_7a3fecb5576e;src_7a87b418013a;src_7a9c9b28c936;src_7aa143ef5a6b;src_7abfd5692c1b;src_7b196c14dfa8;src_7b4665b7086d;src_7b5ad13425d0;src_7bc82b59179c;src_7bd7e06e763d;src_7c445c3387fb;src_7cae402bb734;src_7cdea4814778;src_7cf71ed8f7b7;src_7d325c52600d;src_7d9fc225f6f4;src_7dbb2f386022;src_7e240f50f3aa;src_7ec9a976941d;src_7ed0d679f225;src_7efae8d6fe07;src_7fa450d31261;src_7faec8a1ccc1;src_7fc50fe34d3c;src_7fdd3b8b4180;src_7fef980b8f7b;src_800c37906802;src_8024090c2c03;src_8064ba8a1a7a;src_808ec71a8812;src_80a3ffc16b9c;src_80cbec58fe33;src_8107abfdad5b;src_8116dda448b2;src_8122bc3b96a9;src_813c6a2fad1b;src_8166ff0a1da6;src_8183fa0af6e7;src_818ed156670b;src_819959326403;src_81e6f7f3c001;src_81f7230d3aaa;src_821f5d7a8c39;src_8242f78626aa;src_8259b05e7534;src_8268b4aee688;src_827e015c5dc2;src_82b59587df3f;src_82f874f26455;src_83064c74f543;src_832bed99eaa7;src_83711a7863cb;src_837fe9cfd1ae;src_84048f5c66c5;src_844a11f0e027;src_844c40226286;src_84ac11e1a1d1;src_84acb444c176;src_84b22f68884c;src_850328e0d59c;src_85056e50801c;src_8523f4914d60;src_8552e7843cd4;src_856e1a779178;src_85e6bda4178d;src_865378bace15;src_86a434e4674b;src_870e13e9ee71;src_8718930898e5;src_8744e1068624;src_875a54173737;src_876e139115c0;src_878d07113850;src_8792173b1cc5;src_87ebf184d924;src_8867363456bc;src_8878c78d004d;src_887a67a14e93;src_88a10481cbc4;src_88b44485a6fc;src_88d600ffaa34;src_88da60888620;src_8909942628ad;src_892dfba880d9;src_89b422c18e13;src_89c5b564f1f1;src_89cc3f08d633;src_89d9b2dfab7d;src_8a094dc1042b;src_8a3b3c303659;src_8a52c23a07eb;src_8a8ef65f441a;src_8aa141844219;src_8ab5aeefa7f7;src_8afa0406e0e2;src_8b1981a3d83d;src_8b91324922e6;src_8bc8f850e93d;src_8c03853a33b9;src_8c204e35e711;src_8c5e57561f0d;src_8c693e3f9007;src_8ca419d99819;src_8cb5148c6bcb;src_8cc03c21372e;src_8ce0c7181dab;src_8d12394b5902;src_8d4dd109bf9d;src_8d8d29809c24;src_8db830d84224;src_8e0599527211;src_8e21dd840794;src_8e54eda11443;src_8e9c636b986c;src_8ef0cbae3f84;src_8f49b36db261;src_8f6da25d51af;src_8f7ee6f1d57b;src_8faceda8657c;src_8fe103246bd2;src_8fe8b2788e24;src_901de837c157;src_903a7c71c6fb;src_904e43772c24;src_9071a29b2354;src_9076bd5779e4;src_908305f96386;src_90c0843372fa;src_90cea6343079;src_90d3a870bb8d;src_91026391385e;src_910cffe6c4c6;src_91225edabc13;src_915dec38c635;src_916b6618fb1a;src_91d5da7940b8;src_9251a207cf6a;src_92689fae4aa1;src_92882f81d39c;src_929d160a0789;src_92a771f94faf;src_92b9cc23d80e;src_931372f887ea;src_933e555c3073;src_935425ae60a1;src_93695f437829;src_937a1b2ba3eb;src_93cde9d1b027;src_942d7e82bfdb;src_94d7e1a72b28;src_95640aa1f6b0;src_956987c903c4;src_956a026b0e99;src_95bfdfaaf034;src_95d37775b0e3;src_95fd21609acb;src_9628058f941c;src_96383af42a42;src_966ee259df14;src_96c9f91b9a8d;src_96f6a555ae7a;src_97006584648b;src_9719eb5fb811;src_971d32969771;src_971f4014c059;src_973f4373e9ae;src_97775ca2f80b;src_97818733efb0;src_97925bdebda3;src_97a57946f3fc;src_97ba0592ef23;src_97bdf9377609;src_97cebe0594e8;src_97e37c29e383;src_97e3dcff16f8;src_980646ac7091;src_983c3fdf894e;src_984e8e7b3098;src_98a35033bbeb;src_98a8cf915a16;src_99446f6b410a;src_9983d62c1d40;src_99962c8bc932;src_99a7e4ce44e7;src_99dcb19da99b;src_99ec07e8e2ba;src_99f09dbb9f40;src_99f9e3adc714;src_9a410222e58d;src_9a5225a5b88d;src_9b231219ff2f;src_9b679478dfee;src_9bac8497ac02;src_9bbb39df8845;src_9c09b362f218;src_9c54946e3d6b;src_9c6459652a73;src_9d4fa6ef0a12;src_9d7932b1a500;src_9ddeb7140170;src_9ded9761a0dc;src_9e6181e80ffd;src_9ea46f05f559;src_9eb52cd7d333;src_9ec6316cf71a;src_9f274f9f50a2;src_9f7f8219059d;src_9f9fba37eb85;src_9fa9cfaa8d3a;src_9fb1939f7926;src_9fb1ca5da528;src_9fb5a493a243;src_9fe22ae058ab;src_a0355cca0c8a;src_a03c2e8edb90;src_a03fab49afb2;src_a05f427ac7be;src_a0b9c38802b3;src_a0c375b1534c;src_a0f5f7d9a8b8;src_a124d25f1647;src_a130d20598b2;src_a13a00027796;src_a16c1a42e4fa;src_a17c26bf4fea;src_a1cee1dec40f;src_a1fba9439b8a;src_a1ff32d02f2e;src_a20163d80f23;src_a25676de7c8d;src_a27edc0a9106;src_a2992e78af65;src_a3163403c7e4;src_a33a12adc0ca;src_a346a31186cd;src_a35d62e0009d;src_a371b4b5dd63;src_a3754a2edb05;src_a3d09cecdadf;src_a409ca30ba5a;src_a42d32c3c0e5;src_a454fe9462b4;src_a462dcd84097;src_a4b1f725433a;src_a4b8ff95f48a;src_a5007c5a4087;src_a52715983bb1;src_a537f9a51c76;src_a54351ea725d;src_a55c990daf65;src_a58ab65fe868;src_a59176a068b2;src_a5b2e12c0fbd;src_a5c4153dbe2d;src_a63bd85c0a0c;src_a64ae6ba6ee7;src_a673d8ed71bc;src_a67720f736d5;src_a6a22f38ad4c;src_a6c77b4f694c;src_a6d00c3ec0e8;src_a6d1d88c7e5f;src_a6d913fc9b09;src_a6d9746190db;src_a71f34d14331;src_a74228666242;src_a74503c87f78;src_a7d461c0bda7;src_a7df5727f8c7;src_a7e82be5d479;src_a7e8ae84c5f5;src_a80bc86a4c74;src_a8414e6f8c59;src_a84d78942ab4;src_a85f8bd10df0;src_a8a1eeb60466;src_a8c5412f077e;src_a9179f2b428e;src_a9233ba26e2e;src_a954c031b3d9;src_a97e378b30e4;src_a9af99c4a0e1;src_a9e1509b35a7;src_aa1dc7c4939b;src_aa49affbc92b;src_aa4bbcd0a672;src_aa52afa58d6b;src_aacaf79bf36a;src_aad3282b767a;src_aae3a21ff19a;src_aae5b187c038;src_ab735a762e48;src_ab87124e1eb0;src_ac055ba295bc;src_ac23e5b6c230;src_ac2cf7c184b7;src_ac60a8870358;src_aca499a63071;src_acf85120166e;src_ad010682c09d;src_ad713d596e47;src_add39c371450;src_ae2e8334fd81;src_ae56345f809f;src_ae8764c73782;src_aeb6128507e7;src_aecffa462679;src_aeeb0a419fe0;src_af33bff4a7cd;src_af3de0e132dc;src_af7ca3876b27;src_af7f1dadcf86;src_afbd4d5894a1;src_afc29d598272;src_afd19f21f1f7;src_afe73f8c7296;src_b06fad72681c;src_b072284d2d39;src_b07c1721696b;src_b0896bd91352;src_b12673658bbf;src_b1328afe87b5;src_b16f775a2b3e;src_b181e3ab2780;src_b19c115f92e6;src_b1d7365cc08d;src_b1ddc941af8d;src_b1e9ff4daebb;src_b215a1336fc4;src_b2321e33f603;src_b23c3b4d37f0;src_b23eaac62ca8;src_b24854094607;src_b296db45f71a;src_b29d368795a8;src_b2ccdbcc8bab;src_b2f0ce5a1faf;src_b300f5b74289;src_b302d9c74179;src_b30b9caabae7;src_b328f76bbd9d;src_b38041513b79;src_b38b85ac1b02;src_b3ae8d8587a2;src_b3d0ed042cc8;src_b3d9e6478d27;src_b44f5006be35;src_b4cd4878c502;src_b4d41ae9137c;src_b4e09d73cc03;src_b52d0d4b2614;src_b54a92522189;src_b55ce01ac5d4;src_b59b67be2d0a;src_b5bdd1a02536;src_b5fd408f7228;src_b637f53abde1;src_b655fddecc97;src_b671bd817a4f;src_b675e499877b;src_b67a70556508;src_b69f93cbd6ed;src_b6b0f283a1d6;src_b6e4b0474548;src_b733ad1c4b3f;src_b76e480a9884;src_b7a8b3ed9d94;src_b816cbe56239;src_b819262b3de2;src_b839be270f07;src_b885691cacad;src_b889ac382bf0;src_b89dbbb43175;src_b8a9e619086d;src_b8b429ebdb52;src_b8d79896f421;src_b8db913b4e34;src_b8f817543774;src_b9e03b7a3ae9;src_b9e7a66a9776;src_ba177cfc4ef8;src_ba25098fc487;src_ba26007b169b;src_ba6aaed81a99;src_ba78414b51f3;src_bab7d4e92db2;src_babdf4bafd32;src_bad1f7fbab0a;src_bb0ac8b54285;src_bb3c9997aee9;src_bb5ddc1d6179;src_bb81d5e76939;src_bbb426c4e81a;src_bbd816863004;src_bc413de469a4;src_bc5da185156c;src_bc6370a28e5c;src_bcab4c64bd80;src_bcdb9cf303d9;src_bd6f88cac06d;src_bd79835b2af6;src_bd969ea328fd;src_bda2a9f697da;src_bde29b5a66f4;src_be573b629ec2;src_be92b225dea7;src_be9421fc1ffa;src_bea26f24648a;src_bea815ed4a86;src_bea96f58d6dd;src_beada706805c;src_beaef8697d77;src_beb914a6c126;src_bf024fb6874f;src_bf7fe0166bb3;src_bfa52d550008;src_bfe088ac3957;src_bfe2b381292e;src_bfecae9c1bd9;src_c0395c50839f;src_c03c676adcd4;src_c050132e1f39;src_c061cddf84e9;src_c06edf8c8040;src_c0aaa7fd7c5d;src_c1208196fac7;src_c27116e7590f;src_c2b2475c05db;src_c2b3e50ec4a1;src_c3008797d4c9;src_c32ab67e3867;src_c381ce907c00;src_c3cb0986d229;src_c3d03d202738;src_c40890fc4969;src_c41272c317b0;src_c421b9116c21;src_c499add7a5a2;src_c4e8def151a9;src_c525be392d0e;src_c53fdc911b77;src_c55da025d5cb;src_c56650bf8198;src_c582dbee2882;src_c59cd10e28c8;src_c5ad25d8a90b;src_c5d37f98b57d;src_c5dfaf0357fc;src_c65bc63b8e10;src_c6938d4fe5db;src_c732c4acde97;src_c7668e806f85;src_c7f28ef27365;src_c81eb895a08a;src_c83ba563128a;src_c86402b0d4b1;src_c885da0fc64e;src_c8a616e3fb55;src_c8aebbf18063;src_c8dbcaaed59f;src_c92dd450eac4;src_c9666a1a8aac;src_c9ac07169e56;src_c9d8af4b036b;src_c9e0251b76e1;src_ca250fbd78b8;src_ca284ac09b2e;src_ca93dc79eea7;src_caa6cc3743d1;src_cab70e7c58ac;src_cac59703520e;src_cacd18ea017b;src_cadc81654bbd;src_cadeb6e814e6;src_cafaf0b15681;src_cb2efa58c1f6;src_cbb04d18467f;src_cbd82de43103;src_cc0b29cab84d;src_cc80b95c53ad;src_ccb1d329dd2a;src_ccbebe492dfc;src_cccda2e361f4;src_cce0961da32c;src_cd0a83e9ecdf;src_cd375ea26389;src_cd6d4c518e6e;src_cd703ad5aa96;src_cdaee0d2317b;src_cdd4d0c27be7;src_ce49e047a5dc;src_ce80492028bd;src_cee299df4fa6;src_cee8f38f4112;src_cf5089afb88d;src_cfc160351024;src_cfffa98e3f9e;src_d00bfcefc0ed;src_d093df64b58c;src_d0a052e59b6d;src_d10338a7d04c;src_d11975482b50;src_d176c3096e10;src_d1b8fdea10de;src_d1ca09231f16;src_d1cff0c91191;src_d1d0d68d2160;src_d2134e29dc33;src_d239f25341aa;src_d249310a44d2;src_d2c573db14ce;src_d2cbbff5b246;src_d367a8bbe4be;src_d3cc449f0fc6;src_d3dc25331c67;src_d424e3c056b1;src_d42834153912;src_d475b1fd8c8a;src_d47c032bbd76;src_d4e191968b61;src_d54da31d1389;src_d564cd535fa7;src_d59c9437a04e;src_d5b495612564;src_d5dc72816726;src_d60ea27cf165;src_d626f20d31dc;src_d6654e63e7db;src_d67aca4ff06d;src_d687905e92ce;src_d6f12939db6a;src_d7556fc61a31;src_d78d27fc3dca;src_d7b3ba251f49;src_d7e127ecf7d1;src_d82cbfb52c3a;src_d8604b76e42c;src_d887afbae52e;src_d8933b3a431b;src_d8a2433958b7;src_d8d225c1d70b;src_d8fee2ba1830;src_d931b5fb05da;src_d9328d194724;src_d956238d8485;src_d958483c0ec4;src_d966b6a8ad39;src_d99ee51dfd51;src_d9c671041785;src_d9f795820844;src_da1e2fe97795;src_da23819278c4;src_da54c6f5b2ed;src_da756d321c39;src_da809d1767e7;src_db313512403e;src_db316441098f;src_db46f8a2c0be;src_db619564102c;src_dbf51c4a1ac2;src_dc8debd8b6b2;src_dce44b316c89;src_dceb03d1f1d0;src_dd18e6a1739c;src_dd82428e1184;src_dde7a9e1e4ed;src_de116a2cce13;src_de5c504eef8e;src_de9006f7a7aa;src_de90b1a656fa;src_deb06eb0cb70;src_dec231c94c32;src_df0e590c3cd6;src_df2ea7743bd8;src_df419fa9d897;src_dfefa602d587;src_e02b8381cc9f;src_e0b219b10741;src_e12f8ba6b28a;src_e14fd14ab36e;src_e1b713a2fe15;src_e1da290e189d;src_e1edddb75bcd;src_e1fbb15fb3fc;src_e2356e24d0b5;src_e26b122e7703;src_e289debd1550;src_e2af3b7a8035;src_e2f2e61b013c;src_e2fead716f5d;src_e30363818b2a;src_e32740b8f721;src_e33116a5688f;src_e3bc1badd569;src_e3d3e20985d1;src_e3eb50a0e1a6;src_e3f02a86f803;src_e4194df0f6d2;src_e42821341840;src_e488165ac7fb;src_e4dee7660732;src_e4eda64719fa;src_e508dc7b387c;src_e51e144d4acc;src_e51f09b7e27c;src_e54dc4b95093;src_e55a82cadc19;src_e56ec010a84d;src_e59178a39660;src_e5974188ff76;src_e5f8e5d7f775;src_e606628daa5d;src_e6717424507a;src_e675620dbbeb;src_e69e2dd051b0;src_e6ef29e5cbb8;src_e706886163b2;src_e71aff5fd55d;src_e71cfab674a0;src_e7460f1a566d;src_e759564c95bc;src_e760cf07e625;src_e79b499e1cc6;src_e7a306764044;src_e7c5bb5739a7;src_e7ceebfc1586;src_e85958b074f7;src_e86756561f81;src_e8e7ee23f671;src_e8f306a45f89;src_e967537fc6f1;src_e9afe16d29af;src_e9c5dd87063d;src_e9f6d71ebd4a;src_ea2028a49635;src_ea6bde3c9c40;src_ea6eb1ef2c13;src_eac98c521b0a;src_eae4b004fa5b;src_eafdee23f44b;src_eb0e26be3d6f;src_eb139f0b0036;src_eb16a4304616;src_eb46951d7ffb;src_eb5ee8ef77b7;src_eb9056c7d539;src_ebd015a9f93d;src_ec377a5edbe0;src_ec96602c7341;src_ec9a160c51da;src_eced7e2b63e0;src_ecf3080d50fd;src_ed79da981719;src_ed8616b5c080;src_edf7d98687aa;src_ee1a8aa21a24;src_ee2dd882cd67;src_ee9d3f23449a;src_eebca59be74c;src_eeffa3bec096;src_ef01aa82b885;src_ef3605020ad3;src_ef410b14025c;src_ef670df97f61;src_ef6e304335ca;src_efa39255b8db;src_efad1307b904;src_efb8b93a6c6d;src_efb9cd34643e;src_f02068f9faf0;src_f0376b0edb2a;src_f040ed8d1bdd;src_f092058c22ed;src_f0a87e06a02b;src_f0aa84c933e2;src_f0caac0d8b96;src_f0ee72b2a9c8;src_f0f8e0d8f045;src_f23649279db1;src_f25ed58a42fc;src_f2af9b279722;src_f2f7631bd9ce;src_f30c4b2905ae;src_f332ba09fc49;src_f3346e24fa08;src_f359373cd90f;src_f38330d652ac;src_f3a92c851d79;src_f3c1554fc01f;src_f3c86c63c04a;src_f3d8e513007d;src_f4382462e786;src_f4700aab7fa1;src_f47fe771fc60;src_f4d6f35cb876;src_f4e58321c89b;src_f50457562ada;src_f53f4013bb61;src_f55b8861630d;src_f58f57606d6d;src_f5bb460e3d4f;src_f5d40e2b609b;src_f5e14cab26f0;src_f626057651d0;src_f63840179a2b;src_f63a48bb33b5;src_f6559140c357;src_f6bc40ca431f;src_f6d6b5c23958;src_f6da5579b4d0;src_f6dd4038e943;src_f7b7875497ef;src_f7c9efdba0a2;src_f7e5b8cfd222;src_f81ec7b0f334;src_f82103d9c04d;src_f82bff36d48a;src_f84e57e52fa3;src_f8a9e409c2df;src_f8b0b702f48d;src_f8ee1a6952ea;src_f90f7756ebc7;src_f94234f0f184;src_f94735a492cb;src_f97b9d4f8946;src_f9807232a035;src_f983d37f7c7f;src_fa39789d0464;src_fa508618f32c;src_fa63fefef849;src_fa8601b92bbf;src_fabd3eb81125;src_fac29992c274;src_faecda1dd0a9;src_faed1531e6cb;src_fb8838f2cc48;src_fbd362475933;src_fbfaa1e1087f;src_fc01fca24550;src_fc317a1d8007;src_fc3885071477;src_fc43b6ae43c6;src_fc4a0cccd4de;src_fcab4eac1ba3;src_fcba6eab19c4;src_fcf8a6431f00;src_fd6604b8af88;src_fd69bc9dc6cc;src_fd8c3a7c3b83;src_fdb4df12e32f;src_fdd004231e61;src_fe09d19360c2;src_fe1cf1e4c76d;src_fe320487926f;src_fe367c320fe3;src_fe3b1e05e7b2;src_fe593de3b2ca;src_fe63ba1ab53b;src_fe6fcd14ffca;src_fecb69d0e344;src_fecc97080901;src_fed762a70da4;src_fef3d2451bd4;src_ff1e9930e5f8;src_ff3f115604e8;src_ff7122a5b45e;src_ff9da7db6d80;src_ffb556ed7049;src_ffdb348fa680;src_fff7615791b5,Aria-MIDI,CC BY-NC-SA 4.0; non-commercial research and education;MIT;derived audio; source MIDI terms apply; SoundFont MIT
exp_e494f5a0cc70,Wolfgang Amadeus Mozart,Classical,wrk_16208b873f55,wrk_16208b873f55,rec_23e106f13fcd,sources/asap-dataset/Mozart/Piano_Sonatas/8-1/midi_score.mid,,data/derived/rendered_audio/fluidsynth-2.5.6-musescore-general-0.2-v1/rec_23e106f13fcd.wav,sources/asap-dataset/Mozart/Piano_Sonatas/8-1/midi_score.mid,data/canonical/alignment_events.csv,,1,133,mid,cpc_canonical_beat,licensed_for_research,complete_movement,,true,true,ready,cmp_fef1cb83d033,Piano Sonatas 8-1,scv_f5ed897586b0,prf_5bd782edf66a,aln_ba417d2bd386,synthetic_rendering,beat,source_provided_beat_annotations,source_exact,1.00,src_00a034d80378;src_02351c287cce;src_0959f7f0c921;src_0c5b459f3713;src_120b85d303a3;src_12ac25a9c7d0;src_133fdd89d752;src_1495fd782897;src_1736c0a3ec30;src_1bfba426e3b5;src_1f601191f854;src_20272ab6e36a;src_2030b845ba85;src_2309bfc3c6e7;src_266b4a8f2871;src_2801af45cdb9;src_311cc910ec9c;src_35dc9a227b9d;src_37bb36627b0a;src_38b76ad6d621;src_39888cae09c0;src_3bb556ce074c;src_4335e7ba518b;src_455287f24eaa;src_46ea18ccd982;src_479d2731f25a;src_4974f6228fc1;src_4bb84f052046;src_5382eb64bc78;src_55b5558dc332;src_5dc6eea1d153;src_6e4e2af83481;src_70c832462968;src_76d67f0ab033;src_8146ea358c72;src_8636358d19c6;src_901fd94d7cbe;src_93a7d93d653b;src_958e85443ca9;src_98e80603d674;src_a5055e4ad044;src_a52f8efce7e9;src_a80bc86a4c74;src_abdb8cb63de8;src_adaecf4c039d;src_ceafeec6e80b;src_d5ecb237c645;src_d70d4ac7f1d1;src_d9d6678516c9;src_da251a703348;src_ddb68c27212e;src_e64c5f847c93;src_f170e550391c;src_f772fe35a149,cpc-rendered,CC BY-NC-SA 4.0;MIT;derived audio; source MIDI terms apply; SoundFont MIT;mixed
exp_e4f5132bda76,Frédéric Chopin,Romantic,wrk_9fb2db5f520d,wrk_9fb2db5f520d,rec_a0f67311e5a2,sources/asap-dataset/Chopin/Barcarolle/midi_score.mid,,data/downloads/maestro-v2.0.0/2017/MIDI-Unprocessed_049_PIANO049_MID--AUDIO-split_07-06-17_Piano-e_2-06_wav--5.wav,sources/asap-dataset/Chopin/Barcarolle/midi_score.mid,data/canonical/alignment_events.csv,,1,116,mid,cpc_canonical_beat,licensed_for_research,complete_movement,,true,true,ready,cmp_ccd7dd49c8be,Barcarolle,scv_6c00bca6f68d,prf_fe2b2574c15a,aln_ce8b86d86608,source_recording,beat,source_provided_beat_annotations,source_exact,1.00,src_00bc0a983c65;src_02079f7f9b3a;src_0279d316bf30;src_0ceb0ce7deaa;src_1281873d0da6;src_12ee54737b0f;src_15a9eb410287;src_16cd034abf72;src_1823b51fb262;src_18a077e871d3;src_191a918788c6;src_1b52bf991ea0;src_1b6dcf8ab6e0;src_1d3d4dd44df7;src_1e3c622f99f4;src_1ecb8c13e5f6;src_2318c3b53dbe;src_2375b4e35968;src_24fa2cc99e18;src_26239b38b946;src_2659e8dd41af;src_284f89854fdc;src_29f2a3fd9bc5;src_2bdcc1f1f832;src_2ed7914b23cf;src_3058d009838f;src_32876c5f8b40;src_33707ae06e71;src_38c26682fe2c;src_3c36d0f18899;src_3cc364ea974b;src_3fd043377d5c;src_44738b05b6f7;src_47446933f4ce;src_4a9170a08027;src_4d95da17eca7;src_4eebdf97fddc;src_4f4e586ece4b;src_5a355f3215bc;src_5fb30624b8b8;src_659de6a045a9;src_66f0da1f2040;src_698d389cb1c0;src_6a41cb54ea8d;src_6c7c5e97b89a;src_6dd3efb6d20f;src_6de70e5bf1cc;src_6f364965f12f;src_704ab8321aa6;src_7110bd677d95;src_71a82d6c811b;src_748d4a8352fe;src_78ed826800ac;src_79ec5ff025b9;src_7b62c2d64ff7;src_7dcfa728cd20;src_7ff36cba597e;src_8335dd2a476d;src_835c2ccb3507;src_849d0ad7bf15;src_89eb0aba2317;src_8a678ebc3c21;src_8b13e3f1cb46;src_929037aa79e9;src_955f303b0ff2;src_99971f7fad8d;src_a48a9ca27951;src_a5fb46090c7b;src_a646de7398bb;src_a7126db912c6;src_a792af9cdc3a;src_a7b68c3f0e74;src_a911cb23bfed;src_a913066f4fd8;src_aa36d5f9755c;src_afc1cd16db52;src_b07f5a48fb7a;src_b4f16cc75913;src_b79832df97e8;src_b93a662ebee2;src_bbb8f5eaed7e;src_bcf17d76a1c9;src_bf42604fd477;src_c062cd8a5ad1;src_c1793ed938e8;src_c230eb157033;src_c40fe159303d;src_c45d7273d93d;src_c4ba7df2a67b;src_c4e308ba49c2;src_ccee3dfb49c9;src_cf467a55e1cc;src_d2c188c1c8b4;src_d66ea7efb5f2;src_d8eb640201a5;src_ddb3e6401b55;src_e7103b03c624;src_e7ebae0e4c43;src_efb5f2e82137;src_f23ed59af74d;src_f4a6711293fa;src_f56d8da9a4a1;src_f5cf50a7a1e3;src_f7e9d1379794;src_fa596b01b9ba;src_faf17f5b627f;src_fde4094398d6,asap,CC BY-NC-SA 4.0;mixed
exp_e61995f19033,Wolfgang Amadeus Mozart,Classical,wrk_cf678ce9514a,wrk_cf678ce9514a,rec_4a1e3d1a2030,"data/downloads/pianocore/1.0/refined/Mozart,_Wolfgang_Amadeus/Piano_Sonata_No.16_in_C_major,_K.545_""Sonata_facile""/1._Allegro/score_ATEPP_mini_refined.mid",,data/derived/rendered_audio/pianocore-1.0-a-star-mozart-fluidsynth-2.5.6-v1/rec_4a1e3d1a2030.wav,"data/downloads/pianocore/1.0/refined/Mozart,_Wolfgang_Amadeus/Piano_Sonata_No.16_in_C_major,_K.545_""Sonata_facile""/1._Allegro/score_ATEPP_mini_refined.mid",data/canonical/alignment_notes.csv,,1,73,mid,cpc_canonical_note,licensed_for_research,complete_movement,,true,true,ready,cmp_73762bb69b7b,"Piano Sonata No. 16 in C Major, K. 545 ""Sonata facile"": 1. Allegro",scv_6eee34e8c7ae,prf_8b2e8ae0ee8b,aln_01bf68ced801,synthetic_rendering,note,pianocore_rascop_refined,pianocore_a_star,0.9671,src_0014d18d5827;src_0022a105df63;src_00c8bddce80e;src_00f0f931f0fa;src_010cb8412442;src_011ddb569289;src_0120aac3cf10;src_0121f35be743;src_01276429bf05;src_017be0a88173;src_0228233e6e46;src_023ff63fbb73;src_025828425c0e;src_029158ccd892;src_02dd02edf8f6;src_02f6c1d93cf5;src_037d196b130b;src_03982ba5df03;src_03a4d2db87dc;src_03a99b5adfcc;src_03f85280a7ff;src_040d80870232;src_0410825fa7d9;src_04202ed82640;src_0430ae0ca311;src_04713dfa33c4;src_04bc23801383;src_04c20a89076c;src_04e4b70f849c;src_05243e272d59;src_0555bcac6771;src_0578e5d0fcc8;src_05b2843a8da9;src_05b6c9828e35;src_061755fbd654;src_063ce3e03c9a;src_0675d7d6c504;src_067d594b9e52;src_069ff0ef5463;src_06a17a90365d;src_06d22004755b;src_06d861175a9a;src_06eb3494f33e;src_06fc285eb4a7;src_0709ac30b51d;src_070f72d8960b;src_07437f7e47b6;src_0757f6be1a78;src_0773189f115d;src_078ea0bcf7b5;src_07ae573345e3;src_07b301092b1e;src_07d6c5cd1835;src_0803131ff0fe;src_0827214710ef;src_08584ac43c79;src_0885b44ad382;src_08b8ceb6c5b0;src_08c6437bfcc9;src_09203d9da3a9;src_093344552154;src_093fce677f48;src_0989493f9085;src_09990b8aa8a3;src_09a367d06051;src_09ebefd2cb60;src_0a201f2d2f16;src_0a95c1869299;src_0aad98ccd3ab;src_0ab63d86b52c;src_0ac826b3fb26;src_0ae3b6edfbe4;src_0af161830329;src_0b382af2320b;src_0b7b07f5ce23;src_0b972bab007f;src_0bc939de545f;src_0bf1d69ae464;src_0c0d561c410b;src_0c343c6076f4;src_0c63e7886670;src_0c9ab0c172e5;src_0c9aed960449;src_0cf7a4d975f5;src_0d19af457b2c;src_0d1f42ab306f;src_0d7f4f3dd8bb;src_0d8523878016;src_0d85ec6cc002;src_0d87f5500577;src_0d8915580521;src_0da04f2ebf3b;src_0daba4714e93;src_0dd850ac6468;src_0de328ed693c;src_0e7add930f29;src_0eaee53c9239;src_0ebed335959c;src_0ed151924323;src_0f3c95c32db1;src_0f64bb60cd4b;src_0faa68425f0e;src_0fcd424e21d5;src_0fea38aeba53;src_1007f8be9da3;src_1050a7f46daa;src_10593990fa63;src_10672f0b051f;src_107a9c9dafec;src_107b34df3596;src_10a5b69928d9;src_10f3365ac21c;src_110ccb82304b;src_1111419b25a0;src_111b6f20b83b;src_115a2b6e7f98;src_1160f47fd00c;src_1166154f1b47;src_11739ba99fbe;src_123a5bb968cc;src_1248043e6de5;src_1250aa79953a;src_12f5e5875345;src_12f8376ebdba;src_12f8d361be5b;src_131f6e594c11;src_1365af8c4ed9;src_136d25fcfc62;src_139df9228699;src_13b04621aede;src_13e9f980ced4;src_13f76a69fae0;src_1403543f6002;src_140589404d39;src_1407fd4678f0;src_1434f6616b0a;src_144da8ecd909;src_1469c0eee7bd;src_148d5c7fbf89;src_14a3af7436fb;src_14ba3ec06e74;src_14eecea5fc63;src_15097aad2f01;src_15135e566398;src_1517870f15e3;src_1520b4dd940c;src_1531bd74dbd4;src_155db7edfe84;src_156417d24468;src_157f7300466c;src_15a5bbfcbcbb;src_15ac4c6c3c70;src_15fd126d3f3c;src_1604ee58e7f8;src_1606a4202e90;src_162ca87fe058;src_166213e03f7f;src_1675a9c1f6b7;src_16815983c050;src_1689852c046e;src_168b18189943;src_1732f883edbe;src_173ba064890e;src_17633eab4f09;src_17828630769e;src_17a1812799b2;src_1850e88c2afe;src_185d7d0b2b8a;src_18cb4073e57e;src_18cf25bf3a57;src_18fb5853f7f4;src_1904b67f99ec;src_1936ffc9640d;src_197067d4b5ec;src_19b895acd0bc;src_19c61c95da53;src_19c9830777a9;src_19d26005c784;src_19db9dd15149;src_1a075abb8b46;src_1a0827974971;src_1a1958827cd1;src_1a3f9135be3b;src_1a6a3d225faa;src_1a836ca554d1;src_1a87a4d999a4;src_1a954f28f544;src_1aa6b1446afc;src_1afbcebbbba9;src_1b0847b30404;src_1b28cb654582;src_1b5c7591851b;src_1b5fe6da536d;src_1ba5aff8afd7;src_1bb178aa533f;src_1be77641d647;src_1bf08474a2fb;src_1c4b0380a356;src_1c88505cf4a0;src_1c9793b2fc16;src_1c9effed52ff;src_1cf79a870c11;src_1d147ede77e4;src_1d241439ca9a;src_1d2a40c620f8;src_1d5154982319;src_1d5cc698df4d;src_1d790509c5f2;src_1d8d53df566b;src_1e140fb3a8fa;src_1e2ecce59c32;src_1e3300f0d90a;src_1e8450c311b6;src_1e913faf729b;src_1ea1667300e1;src_1eab7c8d3c6e;src_1eb489a7a464;src_1eb5185b840a;src_1f0edfd8ef35;src_1f3743a921f3;src_1f3d2a9da235;src_1f764bf9d796;src_1fa1d165467a;src_1fb88d157437;src_20212ef73b7e;src_2025c636ea73;src_20535e0cd8de;src_205f62a01c6d;src_206801ca620e;src_208637d4f9de;src_208c2fbaf88d;src_209e6d4c5070;src_20e94b3774f1;src_20eba12c654b;src_211882354f14;src_21241629b3aa;src_21288290e25c;src_2180f403b533;src_2189809ae472;src_21cda57955e3;src_2222dc7c0b11;src_223580f491d6;src_22514f933f93;src_2252d433408d;src_22c004ad8ce6;src_22fd820dc1bf;src_23269a1e33cf;src_2329246037c0;src_233b244b8f44;src_23551c2fdf52;src_235f12d15289;src_23946933dcca;src_23e5acfed917;src_2426947eafcf;src_243dde757210;src_245ec6591262;src_2461df13d40c;src_2464bc8ce28f;src_24ccddff96cd;src_2543d29b3d45;src_255be73646e7;src_256193d910d9;src_25664bfdf57c;src_25681b751b3c;src_25826c67de98;src_25919359f564;src_25972786f322;src_25b895ec5972;src_25c5f39f8a6c;src_25ff33507751;src_26837bac79ba;src_2728cdcc5a6c;src_272a65260028;src_2737e1e1f2ee;src_274c287285df;src_27a2347fa1fe;src_27b2714bdc24;src_27b396657075;src_27badd5355ba;src_27cc11658f8f;src_27e1f259f23d;src_27e9eefa4d54;src_28410f27ad9a;src_285addb491d1;src_28b22fbde4c8;src_28b8496c8ef5;src_28bf276ee202;src_28cd4519388f;src_28de57b01170;src_28f5607ad09e;src_290c20675c25;src_2923b18b7dc7;src_29778ef49500;src_299fe1161d86;src_29a7648a87b9;src_29ac446ef97c;src_29b836b2081d;src_29dc36e986a9;src_29facfa78a07;src_2a05e2766249;src_2a3222812a44;src_2a4703bd716c;src_2a475a6268ec;src_2a6e9d1f2782;src_2a95de134c3c;src_2a96b13a6a48;src_2aa57f4f7faa;src_2aadad45193c;src_2ab11566ca39;src_2ab2126d86c1;src_2abd2d7de75e;src_2add7ecb1894;src_2ae4fe6857b8;src_2b03b55a5b56;src_2b064c552f2a;src_2b0ca0785020;src_2b2ad56cf66d;src_2b6b1e456315;src_2b9f86da88ac;src_2bc47e39fc8f;src_2bcd62117d05;src_2bf36c8e1fee;src_2c1879a507a4;src_2c1cb1dc5c77;src_2c20032bdb3e;src_2c52b25ac652;src_2c7a2c3b18fa;src_2c7d1331e305;src_2c7ddaa9305c;src_2c8197d1cc51;src_2ca8acf0499f;src_2cf693818b3d;src_2d0de72ed703;src_2d1f432a1134;src_2d3bb7595d6f;src_2d63b4f44f51;src_2d6737f5d7be;src_2d6c3e8325ba;src_2d8d44124925;src_2db8feac7244;src_2db8ffa8571a;src_2dfdbf510b32;src_2e00e8e0b858;src_2e3671f1edc6;src_2e568bebd205;src_2e5c3865a540;src_2e72c9e3ddbd;src_2ec1ea576fa9;src_2efce74eb785;src_2f21ee8a2174;src_2f508a9681da;src_2f54d79786eb;src_2f7ac405ab9b;src_2f9b060a72cc;src_2fbc34e0513e;src_2fd2ff8663d4;src_2ff0312c6103;src_2ff938ae6ad4;src_2ff9520271ac;src_3008d579a23a;src_3012d2db5884;src_30915f9802c6;src_30af0004493f;src_30c0b145a943;src_30d73332259c;src_30ff68a866f8;src_311c4c5aec57;src_313cbf8de600;src_3144eef703eb;src_3160522c5a8f;src_3194ece66b38;src_31a5fe48e463;src_32000cb01942;src_325c3faaaaf1;src_327f83a26be4;src_32e09613a024;src_32f9dc54f3a9;src_33187f350246;src_3322d6a4ed11;src_33844189c5ff;src_344d00f3061b;src_345a1ddd84a3;src_34ccec8d42fb;src_34f36a5fb45c;src_353e8d664e86;src_354453b13ed0;src_356aa01703e0;src_358443f4bf6b;src_35a661391497;src_35b80165cf0f;src_35c8e9c129d5;src_35deaafd70f4;src_35e1ad21d438;src_35e4dda4c4f3;src_35f1415a266d;src_365eac912339;src_3675bc4e1a34;src_367dbd556bfb;src_368ba9f5fea2;src_36a6d08facb9;src_36b4ce7eb757;src_372463434416;src_375a0e31423c;src_375e81a9a60c;src_37a966af58e6;src_37c648abe9bf;src_37f51fd1eda9;src_37fc418dec25;src_3814ab20b262;src_383e8df02e8d;src_3846558461a3;src_3857bb90b916;src_388cc99763ea;src_38954669fbc4;src_3897e4419420;src_389d9549064c;src_38accdc825d2;src_38d0f700ff05;src_391ef3bdcddc;src_3920e2e3c8f9;src_393b496c0459;src_395c93499ae9;src_397834c89f9f;src_39d4ba616bfd;src_3a0b19fcbdc1;src_3a1f09c9a4a7;src_3a325ff92def;src_3a516678fcd9;src_3a6c4517785d;src_3a827337cea7;src_3ab8b4a77313;src_3ac82df6084e;src_3ad99f06db6e;src_3b041b7e23ce;src_3b1a62c0e30c;src_3b370d89859c;src_3b8b73b4ef32;src_3b8cf3ffde60;src_3ba097f9c927;src_3c91522f6877;src_3ca89796022f;src_3cf4ab33a2af;src_3cfc70d92d5b;src_3d390bfe55db;src_3d8345561553;src_3d9b67760878;src_3dbbd67272aa;src_3dbd4630cd1d;src_3e24df041d22;src_3e3313645e46;src_3e3374659d1e;src_3e6f613b6fd6;src_3e77acb94537;src_3eb58a97253c;src_3ebef81115c1;src_3eca6e3ea12f;src_3fa1e2f54754;src_3fe81fc65a90;src_3fead334c16d;src_401aadbaa57e;src_407cefe2700e;src_40cfe0810302;src_40fbd16371b1;src_410ddffc64f2;src_4122b08735b7;src_413d986b2654;src_41a142e2f081;src_41f1b1dca241;src_41f417e1a028;src_4201c4b59808;src_423ad68beb44;src_4242acc0382b;src_4246dde3891a;src_425ec0fa60ae;src_426d3d90c987;src_426f098c2bbf;src_42ace20a7b62;src_42f23a7919eb;src_436ed1bca961;src_437fd86480d7;src_4399e267ebee;src_43a97070ec3c;src_43eece0e5643;src_43febdec5e33;src_4401a88644cf;src_4425696bd87a;src_446a208899c8;src_4484a7948632;src_44898d6f1bb1;src_44da2758fd52;src_45231c0e7f57;src_45396d6fd3a7;src_453a177e4a13;src_453c508b63b0;src_455b7af0a736;src_456c2a06860f;src_4589c4f92010;src_458a850f42af;src_45af2dd2ec7e;src_45e449a7e904;src_45ef563f2c88;src_461ff27f4330;src_46598f28b91a;src_46648e03a8b0;src_46660919114c;src_468321d7fe6a;src_4686a168be77;src_46a29508423d;src_46d1160ec873;src_46d5e6cfcc00;src_47578d213498;src_477d1b5f31f7;src_479afc6b9dea;src_47a022974233;src_47a1d9b3a95d;src_47d13dd8d91a;src_47e74ff8abb4;src_48728dda5db1;src_48be5b13e942;src_48d3498e5d76;src_48decb8c8b14;src_48ee8a796d63;src_48faa0ed5e09;src_493a480c7857;src_493a4baf9daa;src_4986b4332e78;src_49985df94e6f;src_49f007b5d4cf;src_4a00e5de2862;src_4a097a43b9e0;src_4a2daa4c1b30;src_4a4e4cc28149;src_4a6609768a02;src_4a98ea8af4d7;src_4aa582313e56;src_4aaa28f96230;src_4ad609081aec;src_4adf4411f87b;src_4b02652901f3;src_4b05068f60a5;src_4b0f26cd7a43;src_4b61c3e1751b;src_4b64dbc84e67;src_4b9d5f819dcd;src_4baa31e2b474;src_4bd8ae625e32;src_4bdd524d9aab;src_4beb9e58ef02;src_4c1b908ff2a4;src_4c2a1603ccf7;src_4c59d7f06a27;src_4c7f050db8f9;src_4cabae639aa3;src_4cc220ece979;src_4d0bbe2686e3;src_4d26df96165e;src_4d2c22485f9a;src_4dc85c1f29b7;src_4dea8ade6a12;src_4e42cf9739dd;src_4e586380eacb;src_4e5c265631fc;src_4e68244b2287;src_4e752d5cb30b;src_4e9fe4d30b5e;src_4eab6619efc1;src_4eaf8a52e3c2;src_4ecd3c72e674;src_4ecf7864288b;src_4ef4a4dca991;src_4f25ef5245e0;src_4f5c4e00472a;src_4f6c84b8437d;src_4fd46f2bf54d;src_4fe4600527d2;src_4fe6c5880a6c;src_505c2c7492c1;src_508f9fed5375;src_50a7bac59462;src_50f2d789ae9c;src_514187a07a1a;src_51450b903f8a;src_515722f38fcf;src_516560002f51;src_517aac45a886;src_519d9a754226;src_51b7d80bee80;src_52454fca6167;src_52590d151b4a;src_52a553e11795;src_52d206cfe056;src_52de2c5434d8;src_52f524c4bfb8;src_52facc7b72fc;src_5328b779ef6f;src_534c02315640;src_53891e155011;src_53b75ebe897a;src_53d6fa2307b3;src_53e191ca9bc2;src_53f0733bd7ce;src_54245f28d544;src_543cd04ce034;src_547d3ec5a741;src_548be84c5351;src_549cd0f88715;src_54c0f5bc8f4a;src_54cbfe8b7d05;src_5515b501a6bd;src_5560fe016a65;src_5563234797a1;src_557dd20d9d18;src_55be35eeb9f8;src_55c3584b3c87;src_55ca4b3a1bd5;src_55e337024264;src_55e62c979f5e;src_55e9ae9efba2;src_5609d17946af;src_561690069598;src_5637590057fe;src_566057fad98a;src_567a24f28b40;src_5698afdf3f25;src_56cba7e3a50d;src_5719e50d5093;src_5780bfd8bb3f;src_578939ade764;src_57c22ae6d026;src_57d204aa9065;src_57dfd7f77e3b;src_5832118f704e;src_5846e7c9272f;src_585d90417b7a;src_5872a9d445fb;src_587932f59b34;src_5894a5495fe2;src_58f93f4dfc96;src_590078440cf4;src_590ac60030ce;src_5922d97bae5c;src_5943cb81f53c;src_5950560536b6;src_59e77f5a40d3;src_59e7dca67980;src_59ec55218a88;src_5a43ae671d95;src_5a487ca89f26;src_5a7307867949;src_5a94ae54592e;src_5a9c2ef9cc68;src_5ab04fa82a37;src_5b0c35e42d95;src_5b116bc54d90;src_5b1aa97c45e7;src_5b6995003731;src_5b7b644b3657;src_5bb2e246a3c7;src_5bf2190a7fd3;src_5c14339de30a;src_5c20e2fe77de;src_5c7b79cd5750;src_5c892eee71d1;src_5cf123a6f4c0;src_5d000ba7876e;src_5d207f9b596f;src_5d5057dbdb05;src_5d5b56ec1d16;src_5d74cf790118;src_5db99662dca6;src_5de1ca34841d;src_5df9e4c72d2a;src_5e1a2e6bf6dc;src_5e4867c290f5;src_5e921d33d58d;src_5e9a175ac9b1;src_5ed5b19a15ae;src_5efc6e9b0258;src_5f1462fb40f0;src_5f17d1267dca;src_5f39df15b51c;src_5f5bb6380354;src_5f5e7701b639;src_5f6e23044a5d;src_5f97afa65f9e;src_5fd1008c635b;src_5fe152ddb0be;src_601717e120b8;src_6029b8391119;src_602a843c6de7;src_604271f5af79;src_607f90188b1e;src_608369873493;src_6083d38c2883;src_60b4af3d3cde;src_60c613b07aa8;src_6114ab7f96e1;src_61472777667d;src_61aaae16636a;src_61dd4755677f;src_62495c9191f0;src_626f914b03e0;src_6273ef6cf300;src_6280ad64924c;src_628ddef670ce;src_628f93b92878;src_6293e470c658;src_62a0f3befdd0;src_62d3f4b551d8;src_62deea867da5;src_62e2d059d561;src_631dbff21f40;src_632141e1e599;src_635aa6098009;src_63846e0fcfd6;src_640eb7714db0;src_64214b87e650;src_6435fb8a2f01;src_6454e740dfc8;src_64bee023a060;src_64d4e051ac8a;src_64dc44639700;src_64e6b98adc8a;src_659021e18d38;src_65a65c332dd8;src_65bb0642f029;src_65dadc7b6d53;src_662fd7a2ca4d;src_668ff5cd301f;src_66be8fb1de0a;src_6701f29695f5;src_670a26a8c314;src_670a3783de8c;src_67885461cfb6;src_67b47b435ca2;src_67cee3a5c63e;src_684ca568737f;src_68848801f253;src_68951c749566;src_68a3cf4b95d8;src_68a62cb0092e;src_68a920a448b6;src_68cf5332a045;src_692a51ba8735;src_6931b6dd93b7;src_6946f172ccd4;src_699785cfa130;src_69995be4c919;src_69a220d30e3c;src_69c214e528a3;src_69dcb12c6100;src_6a225f28b95d;src_6a4fddf659c0;src_6ad05faf421c;src_6ae09d1f0011;src_6ae82e7c49f2;src_6aecc6d1f166;src_6af11ac70797;src_6b7cdc38b526;src_6ba1482a10a4;src_6bcb988369e3;src_6c0930dc4fad;src_6c2320c235f1;src_6c35d2c29548;src_6c4c4f816a97;src_6c673dc2b02d;src_6c732d426a3b;src_6c8d7093883a;src_6cbbcbab89a8;src_6ccde9de9170;src_6cd640400cd3;src_6cde3d5e44dd;src_6ce15e3fecb8;src_6d065b54ae40;src_6d5ffc07ca93;src_6d7d3cabdea2;src_6d928ce12700;src_6dbf4037435d;src_6ddc724a4f51;src_6de00973455e;src_6e0a216875e1;src_6e115ca7dcc2;src_6e6290f2dcaf;src_6e71019e4c6a;src_6ea1e621b1bb;src_6ec067138b10;src_6f29cb6e9d8c;src_6f34bc110a48;src_6f5050fb8ebf;src_6f53c90d8339;src_6f8cb6b42b3b;src_6f9d56f473d4;src_6fac7865cc82;src_6fb2c3ac57ec;src_6fca012b0e3d;src_700c559671aa;src_7021d2be73bb;src_7067dbb2ffee;src_7074d7c98eb0;src_7077c513ca7b;src_70d4fbc696e1;src_70e97ee32868;src_7101ff837662;src_7114176e88a1;src_71183cb7995e;src_71a7e053122b;src_71af5f47fddb;src_721dcbc9bd1b;src_721e4d7e323b;src_7246ffc0e8d0;src_7247c67aa433;src_7264c7b4bf5e;src_726c21805f9a;src_726e0769e301;src_72824a161d6f;src_7298ac21d6ff;src_72c41aedb08c;src_72c615939131;src_72f007a95ae9;src_7303b75df422;src_731623ba0df8;src_73b7c57bb261;src_73b9cd949269;src_7414d07f72db;src_742586a3f092;src_7426ccfbbda3;src_745379a50c49;src_749588acc6ef;src_7499c473afab;src_74a0863d13a7;src_74cb8dca8c47;src_7562bc0dc1d4;src_758340319438;src_75868db8be7d;src_759108e3d0ec;src_75ad68135776;src_75cfe499f4a1;src_75d8761c3303;src_760504785cbe;src_76203d111196;src_762f25bf67fc;src_763666d8ba27;src_765415f4225a;src_76a22bf4beac;src_76c6adaf111f;src_7747e21862c6;src_775a88b1c3ee;src_77798e9277b8;src_77bc8c788509;src_77d182cc1bf8;src_77dd86a5df9d;src_78026c05b524;src_7807e5db0292;src_781a42d6757f;src_78521784c8eb;src_786b4502a2ba;src_78a69c27b47f;src_78bd4734cea7;src_78bed764f41b;src_78c99e2d53ae;src_78de3355062f;src_78fd3cf8fdc2;src_798e8fb2b837;src_79a33e06e3c8;src_7a3154d9d4c7;src_7a3b469c7d9e;src_7a5c3a732453;src_7a8d74dfb4eb;src_7a99db027864;src_7add1c85a0d4;src_7af9cda194f2;src_7b02488e137b;src_7b0858e28909;src_7b76ebe2007a;src_7be668d2bee6;src_7c23081079de;src_7c2df04e625f;src_7c32f007a55c;src_7c4d30989aa9;src_7c6296e23e5c;src_7c9766179f13;src_7c9bb1656a62;src_7ca0aaa96e66;src_7ca51b430d64;src_7caf7b1accaa;src_7cd2b3cbce99;src_7cdf009c4b37;src_7cf3815f75f9;src_7d11a164e2e5;src_7d3b13cb5f78;src_7d4357e616ce;src_7d47e96697d3;src_7d575781edbd;src_7dee69d4cc34;src_7e0a556a058c;src_7e21bbe38948;src_7e502aaa9dca;src_7e86d9a0cfe2;src_7eb59465883f;src_7eec6578ffad;src_7ef59f15a019;src_7efa5448104a;src_7f3c63413e3b;src_7fa50fba4a66;src_7fa555990b1f;src_7fb96cd4c6ac;src_7fdf05e8876b;src_800712fa4235;src_8008f8c667d8;src_804033bf4ee7;src_80dacefe5ae0;src_80e7b418fd65;src_81088d37c5e4;src_81266904a337;src_813991b35957;src_81693253d741;src_81a62a60eea8;src_81ce9ad6b0c1;src_81e393790b70;src_8208c5db2d54;src_82767ab3bd87;src_82bb63a9f487;src_82c8f3333552;src_82d01e50965a;src_82df2b156ff4;src_82fd9baedb42;src_831fe497df82;src_839b6b8ca1cf;src_83c5c929077d;src_83d89710f598;src_845e007fe1a4;src_8491a228e3bc;src_8493d03000a0;src_84a073755e06;src_84ace785efe2;src_84c41253a5fb;src_84d3da6ef53a;src_84f2c6a35240;src_8500b0d46721;src_850be3bcef76;src_852abe77431a;src_852b2db571a3;src_8566432e17ec;src_85720f6b9e51;src_85a10a954f00;src_85a98842ae4c;src_85be523968d0;src_85da09a59971;src_85fdfa245beb;src_8625d6d5c4e9;src_865c9fe8528d;src_865e0e91ae6c;src_867a5deba42c;src_869dd9485f6d;src_86a29a074a78;src_86dd40c6de2b;src_86ec506f07cd;src_8706c3837638;src_87a87c10bdc1;src_87b033f92f0c;src_87e8a7966dbf;src_880114018b4e;src_880e2d2d6545;src_882e3c76b12f;src_882f06b2d3d3;src_883d95198d30;src_885758e667ea;src_88794f30127f;src_888feac3e6bd;src_88b3769f0195;src_88ba9202bc13;src_88f4551d3610;src_89216e964218;src_8924ec0450dc;src_89603383a7a2;src_898aaa57e830;src_89e48c2e9fc6;src_89fe52732aa3;src_8a2e9d60560f;src_8aa1d53b6625;src_8ad8623bba7f;src_8b2bada909d4;src_8b4fe3ba41d4;src_8b9cc7a66a44;src_8bcc07bfedb2;src_8bda39b5bba4;src_8bef7e22abb7;src_8c18e9fc8bcc;src_8c1e1d582b51;src_8c3e8e96e108;src_8c5f2aaaaf46;src_8c7e4319b28f;src_8cc72ed82379;src_8d7a7774f274;src_8d7ae0109c2a;src_8da81b7fd6fb;src_8dcb9343f7c5;src_8dd1a04bec0f;src_8e1edbab7222;src_8e6ba7314091;src_8ecc4724edf9;src_8ecfceac0516;src_8edbda27ae82;src_8ee11d38b27f;src_8ef2fceb01e2;src_8ef70a726348;src_8f28b43af0e5;src_8f3a1ebb4954;src_8f3bc41fff4a;src_8f3e1aecfa55;src_8f426c2ad05a;src_8f47111a64ea;src_8f6c2e190aed;src_8f766addc64c;src_8fb1e82ec1d4;src_8fbc77095c79;src_8fe5a90272d5;src_901b738f0522;src_903018b3334f;src_9030af4dc584;src_903d467fdec2;src_904d4db3c6d1;src_90515f7e8b06;src_905aca26033b;src_907ea20aeaf2;src_9099bdb8295e;src_90ab05253662;src_90aea78852a0;src_91031cf63e92;src_910c0dae3609;src_914b5d4ca733;src_9169ca889d66;src_918a064ff6fe;src_91a72fc63989;src_91c8d1433016;src_91d972208820;src_91fd1c324319;src_920973c7400a;src_9227a35357ba;src_924b3ae1bd25;src_925e08568786;src_925ff30e1e68;src_9268688a5020;src_927b49593cf8;src_9287bc2b80e3;src_929cc2ff8132;src_92b2768411d8;src_92d21d29029e;src_92eb6e3cf56f;src_930171c702d8;src_93331045f987;src_93a43dd46886;src_93aa29b397f3;src_9422a4436604;src_942a9006654a;src_9479f1101986;src_948107962da7;src_94847c812b48;src_9489d519adfc;src_94e5e7223365;src_9519602d39bb;src_9533284b5018;src_957b96adf2b4;src_959a4c5d418d;src_95a107c6d37a;src_95a8614cb8f7;src_95db93272cac;src_95e776a58f56;src_96209e4798f3;src_962d5a308ec1;src_96362edf1eb7;src_9636c70b0043;src_967c3e131188;src_96d030153460;src_96fc1680bf29;src_972352481fc2;src_97523af28b27;src_976d05fc9d2e;src_977279960c5f;src_97bb1c4e59d8;src_97f32ba042a8;src_981b49d2c723;src_9852a1403cef;src_98590e4058b5;src_9893c05dd23e;src_989f6d6ec279;src_98a978417aec;src_98bf22c4ea51;src_98f05e66f2de;src_98f7925454c5;src_98fdd582749c;src_991c7d183204;src_99568d753754;src_99b3764d532f;src_9a0785ac95c4;src_9a0e316a1934;src_9a86c54aa0ec;src_9aaaed024046;src_9aed9229b903;src_9b055a250ed9;src_9b064addd761;src_9b1723678e12;src_9b191121e473;src_9b3668b5022f;src_9b61bf9c2f60;src_9b72170e75d5;src_9b73b993ddca;src_9b8db8a7421d;src_9c272f4e969a;src_9c4c9254e229;src_9c62a44f7966;src_9c6bdc0a7429;src_9c7009826579;src_9c80ef0dca79;src_9cc47c56af9f;src_9d4ef7a07352;src_9d938d7399a5;src_9da46880c58b;src_9dc61d39c1cd;src_9dd65dc17708;src_9e34ab370a88;src_9e391dc31ff8;src_9e5b5a840bc8;src_9ea29194e995;src_9ef2f6705218;src_9f0b0001c1a7;src_9f3c20ffc7f8;src_9f41ecf3df01;src_9f6a126d671a;src_9f7201b4af38;src_9f9d52363f18;src_9fbf2445629e;src_9fe44c01141e;src_a0005f539f2f;src_a02cd871b20c;src_a038f09e2536;src_a03911499f47;src_a0521c49fc1b;src_a0866db1a7f8;src_a0af6e4ce358;src_a0dc0f048d96;src_a0f1a7bb5802;src_a11d3a584294;src_a120ec42ff37;src_a14cbdacf468;src_a161f676a521;src_a17487106cc9;src_a1a25922dfe3;src_a1ab3db8f04e;src_a1ab6e95580f;src_a1abd60d23e6;src_a23daa480924;src_a26b31a9743c;src_a2724776b960;src_a27b9cda8114;src_a291466c9456;src_a2a6c052f972;src_a2c0bbec0959;src_a2ce98284375;src_a2d646107dcc;src_a32df1bd65d4;src_a34377618bb9;src_a38008cbffd0;src_a3c602cca8d3;src_a3daae152e1c;src_a3fbda4d5c4c;src_a406c8203996;src_a445fc59a542;src_a45cbd0dfc6d;src_a4610060c0aa;src_a46e424a55a5;src_a494177a98ce;src_a4990a39c7fc;src_a4ac0b883d11;src_a4adb730c126;src_a4cc2e256399;src_a4f073c1b940;src_a53a3429a210;src_a544df271930;src_a566df398e25;src_a57172dde3ad;src_a58bc63f2c9c;src_a5f8045ca7b9;src_a60a8657ef36;src_a6116f9444d3;src_a629135e01f0;src_a62af24a3040;src_a63d06e21c31;src_a6672fba15d9;src_a66ad69f41d6;src_a6800a877325;src_a69426be4c34;src_a6a929003b81;src_a6d2e3af1087;src_a738c2d241c9;src_a7a9c231fcac;src_a7dadbdb9477;src_a7eff1fd1fb0;src_a80bc86a4c74;src_a83eafe7e878;src_a8514b2b5f3f;src_a852eb4d04ff;src_a86686a0616e;src_a86df08818d9;src_a8ba2480da44;src_a8f1b373d49a;src_a9496bc2e977;src_a95791ee5002;src_a9d55cea0d2b;src_a9ead9a94796;src_aa34956c98ac;src_aab5947fbcd1;src_aad50cea873e;src_ab128776a20f;src_ab2aaff4f662;src_ab316a7d1f8d;src_ab5d88d473ae;src_ab8b44b0127f;src_ab95ee13d040;src_ab9d9cb960d4;src_abe3c40cf306;src_ac0bb6a5d7da;src_ac63cb2a7405;src_acbc7f41c926;src_acdc6ba8a1ba;src_ad0f93be7e3d;src_ad1702e4b245;src_ad2e26f9a3b8;src_ad483fabf2c4;src_ad4ebeac0298;src_aded8ee92373;src_adee244bd71d;src_ae492c7b8893;src_ae56352d48ac;src_ae69751074ed;src_aeb0ddaf29c6;src_aeece7dc1d8d;src_aef948521f6a;src_af68897887e1;src_af7781b7760c;src_afa488b93e6f;src_afdcde3c440c;src_b08eed16b6bd;src_b0cb6370f695;src_b1131adcf9af;src_b11b2cfe9668;src_b12de216006e;src_b18ec79602a3;src_b1a135e7c3f1;src_b1e1f2348de7;src_b1ed9f9912f3;src_b227be56ddbc;src_b22e5f146ad1;src_b23afc314d57;src_b2479f9abd7b;src_b24cdb8b648f;src_b257cea3244b;src_b290b66b5029;src_b2b0ebc071cc;src_b2c810bd57fe;src_b2ef4190464f;src_b31fa301a02b;src_b349627e1c32;src_b357056b20b1;src_b36c5f4cc2c4;src_b3752cc7628f;src_b37fcc738214;src_b39b502d2c91;src_b3a69fb65851;src_b3d9cc0baaa0;src_b40223e4022b;src_b42b5454c2e3;src_b45dbfd86c43;src_b45ea5c486df;src_b496891a5c60;src_b4ffae277f68;src_b4fffd999404;src_b531f7073b4c;src_b56db1393483;src_b5710efa51b6;src_b584fe387651;src_b5a66374f6b1;src_b60384b4550b;src_b64e5cd13e68;src_b659218469a6;src_b6648b877191;src_b6704d801f3a;src_b683a10dc881;src_b6860f1a874a;src_b688c4f43b8a;src_b69104016123;src_b6acc3d42759;src_b6c34d648c83;src_b71c2a3594f4;src_b72d5dcb3e4a;src_b7478316d60c;src_b751451e7d60;src_b75908c4d763;src_b77c06b2246a;src_b79771a06925;src_b7a54edd4886;src_b7a9e1b4eeb3;src_b7e2e465403e;src_b7faaaf8406a;src_b7fbc65f186b;src_b7fdf6fa5a37;src_b8082b0f4494;src_b822bc510f7e;src_b825803420d2;src_b87b556b55b8;src_b8cf8b705591;src_b900cf19782d;src_b96581e5cee2;src_b97459372e6b;src_b9870c79a20e;src_b9a27cfcbbff;src_b9a9ae15f9d3;src_b9ccac9a44e0;src_b9d6dc0d4512;src_b9e2cb1c1dd6;src_b9f3e1f7ca31;src_ba28ec362a7a;src_ba2fe651fa87;src_ba3645e0b991;src_ba6d5118d6c7;src_babe766a5e1d;src_bac0ac85cd1c;src_bae55b804df0;src_baed77565e43;src_bb0707a7f59d;src_bb333b49a659;src_bbf8c27b9647;src_bc20ac7b4cc7;src_bc85a11a3a7d;src_bc85bfb8c70b;src_bca1a0a48086;src_bcb0a288ecdb;src_bcc7860115e2;src_bcd097e697d8;src_bd4ab5dc632e;src_bd512e2f559c;src_bd709cc976b3;src_bdb9c4e85e0a;src_bdfb224754b5;src_be07466dffdc;src_be5ce38d7251;src_be754b9311bd;src_bebaa62f2209;src_bee9af2d9246;src_bf42a96efa71;src_bfa79151840e;src_bfe6c00c2a10;src_bfef1c4c0b6d;src_bfff918861f2;src_c04c81af1615;src_c06d174939ff;src_c0a1515a6d3d;src_c0b36bc0b649;src_c124fffe9f5e;src_c1712ce61b19;src_c1784d139851;src_c18df3f523f1;src_c19e094044f1;src_c1be0c4b33e4;src_c1db0f034205;src_c1ec987f39c4;src_c1f02a18d303;src_c1fa623fca01;src_c209aec15065;src_c21174a98c9c;src_c22812e3f947;src_c22f2bdcad83;src_c25822573e9c;src_c265139c8edc;src_c294964aa8f8;src_c2c2daa989c5;src_c2f21f9d01f5;src_c2f8b7a81596;src_c2fec2a0f6e1;src_c307d07a443a;src_c3263c5877ce;src_c32f2cbe7590;src_c38a5393cc98;src_c3ccb90ebf9a;src_c4178d4a45fd;src_c41e807debc7;src_c45be4862e77;src_c4789d8f9b31;src_c48e6c896f22;src_c4c98a638991;src_c4eae14cd87e;src_c4eff3fe1434;src_c5386943a768;src_c53d1b57cf22;src_c553c54c6fd5;src_c583189a7ca7;src_c5a6748d3273;src_c5c1323f17ec;src_c621300fd9c0;src_c654465aa4ec;src_c65c102c4943;src_c67244d12218;src_c677ab2a9601;src_c69f40d68bba;src_c6d29fbdb5d8;src_c7090d514d9b;src_c71dd961b876;src_c71fcfb82b54;src_c73bf93db5df;src_c73cc09a6016;src_c74755f122d2;src_c768e605d66d;src_c7ae396cb5b3;src_c7c3ade939a8;src_c7d83055535b;src_c7e12892e678;src_c7e5b03f7f20;src_c7ebeaf21632;src_c7ecf7381eae;src_c7f1baff28d2;src_c7f3bda43094;src_c82490f602e6;src_c83b059c3507;src_c83cc9ee9788;src_c84bb22214cf;src_c8c41ffb3538;src_c8fcb23b7a55;src_c90c497a5cb1;src_c92dbc0590cf;src_c93e0f255481;src_c96561b7f133;src_c9bb4c11a7d6;src_c9e1b019807e;src_c9ee79e09be3;src_c9f0f7b02347;src_ca3348af45f4;src_ca7f918fe90c;src_ca88045b6780;src_ca905831b214;src_ca9a37cdc97d;src_cabf5177182f;src_cacf9c1e708a;src_caf1b93da0ac;src_caf76076fdf7;src_cb340f59a002;src_cb5c33d57886;src_cb709acc6f0c;src_cb9df040c197;src_cba4fe586bdf;src_cbaaa8b734de;src_cbb59e22ce60;src_cbe74fb5204c;src_cbfe9e3f8e06;src_cc049a9776b4;src_cc43465b7116;src_cc48489f98ef;src_cc540d5ea31c;src_cc62eba72cfd;src_cc7be2e1a327;src_ccb620f6b210;src_ccc23aad2602;src_cd706451d21a;src_cd76af0e7dfd;src_cdd4b18c9699;src_cde1ecb0343b;src_ce0b0ab812ef;src_ce1924a8fa16;src_ce50d8855690;src_ce54adba9c14;src_ce81f6f3abd6;src_ce8a60f481d5;src_ceb428986bac;src_cee5b71eeb39;src_cf210edf58cf;src_cf76088abd99;src_cf817e823a79;src_cf8645e416a1;src_cfa3e26e4012;src_cfd66d9aac73;src_d05d27b4dc6e;src_d0938975bdca;src_d097925cc3c1;src_d0b75cfb8868;src_d1144c1a789a;src_d124f8c44985;src_d1582612c39a;src_d15b5cbee329;src_d1640dcb6a45;src_d1ae1120fe35;src_d1da2c6e2835;src_d2029b5b2301;src_d22361844519;src_d2282f6d6746;src_d24c91950765;src_d29f1a2c3744;src_d2b3d18b8fa4;src_d2cbefbd43b7;src_d30890f8d313;src_d31feefe918a;src_d32bb9d2cbbe;src_d3fbc657fc2c;src_d40ac317fc9c;src_d44989465108;src_d453be42c52b;src_d462046fa7fa;src_d46a43002b60;src_d4a0ac3be8f8;src_d4a4da6b0177;src_d4ad3aeeb7b3;src_d4be38b2d1a4;src_d4c929937ad6;src_d4d1f1a0b155;src_d4e9d54f1984;src_d514f22105c6;src_d5170a5d4d1e;src_d53238432472;src_d554c25d766e;src_d596833a16a2;src_d5a1b0fee69a;src_d5c6b69144a5;src_d5deb2ab7b2b;src_d61336d141a2;src_d6199ad3583e;src_d63761f34a33;src_d6435d133eec;src_d68f4db67537;src_d6a2651bb4fd;src_d6c699891a08;src_d6d4b54426f8;src_d708c1aad359;src_d708cb089db0;src_d709b79bba32;src_d71bb5f43814;src_d7262b0d2c5d;src_d7420a9fa4f2;src_d750900bbbc4;src_d7591996cd03;src_d7738249becf;src_d7afc355797d;src_d7b4c32f64dd;src_d7b9509f7a0e;src_d7de213fb136;src_d836a5a6b703;src_d866f4f66439;src_d8993ea7e195;src_d8cc3e89f962;src_d8d156f99b7a;src_d8e36bc243ab;src_d8e6e2d32c7b;src_d94dcc6c90c8;src_d9ab4ffbc617;src_d9b1235a0b5d;src_d9fa504ab2f1;src_da0e4d625ba0;src_da130a238920;src_da415aa65c4d;src_da59354c8b61;src_dacabc5ae8a2;src_dae392356569;src_daf66dea1238;src_db183513ca58;src_db1959664cfb;src_db20d7872cc8;src_db5f06977b05;src_db647a8d7b9b;src_dba63b166b44;src_dbdd09df3a11;src_dc0286208d62;src_dc05f7dcf7ac;src_dc300eae25e2;src_dc40e6d7c79f;src_dc5bbeec66c9;src_dc9976f956c6;src_dc9a47f13323;src_dccfe57753ce;src_dce844b2b08d;src_dd02c1dd7c9c;src_dd1c8665ffbb;src_dd38db73d1d9;src_dd3fb03dc4c4;src_dd47307ff611;src_ddbba3525704;src_ddc752c4a52e;src_de321ccc7ed7;src_de613319b848;src_de88fae92f74;src_de8957f34fd5;src_de8e058a9252;src_dea4403235c6;src_dec0daa9512f;src_ded86e76e344;src_ded8e66083b6;src_dedaef26f7c4;src_df068c8bbbe9;src_df4efd74f79f;src_dfb1ef4d2292;src_dfcb3ff574c2;src_dfde7dc292b5;src_dffec4f2015c;src_e00b3dfc9390;src_e046a10a0f72;src_e0606d3ceaf4;src_e07dd6939371;src_e0b6ea3bc465;src_e0b97c747088;src_e0e08f5b26a3;src_e10025c860b9;src_e17528beb934;src_e185a77b68b3;src_e191d3862923;src_e1b00b1f7df6;src_e1c83033d67b;src_e1ce3451b1f9;src_e1dad0539626;src_e1e5b7b09edb;src_e20c04e0dd50;src_e225466b956b;src_e23468a620cf;src_e270bde2dbba;src_e279f5888d34;src_e29fcc03073d;src_e2b6b285f618;src_e2e341b7e052;src_e2ea6a5745c0;src_e2fc36dc6fd8;src_e310339e4cee;src_e347847d399c;src_e3480c46e2f9;src_e373cf1cc1ef;src_e394c4d4e58c;src_e39e2ddf59cc;src_e3b4056ec8fe;src_e3b62f3687f7;src_e3b7acd46988;src_e4043eb5a67b;src_e429cfbfd043;src_e465bd015570;src_e47c7e59738c;src_e4dd0ead157f;src_e508d230f992;src_e50eb31aa93d;src_e55464095da6;src_e55b103de9a6;src_e55d89d51933;src_e5613230de9d;src_e57beec8c7c3;src_e60b30d8830b;src_e61a625f4093;src_e6428da8d8de;src_e64a386f7fc5;src_e68b078a9019;src_e6d6333ee43d;src_e6d667934570;src_e6fcffc500aa;src_e7086801da64;src_e712c06e5f56;src_e7b0872c5255;src_e7bdec9d90bc;src_e836132cec12;src_e83ca478fdf0;src_e8a802f25213;src_e8adca79cd4d;src_e9032e7e68db;src_e91247a50c0d;src_e9837ab6ad80;src_e998a6f89522;src_e99b5288f7ec;src_e9c4a85837ee;src_e9c500189359;src_ea1e049860e1;src_ea7723699608;src_eaca4681237e;src_eae8357996ae;src_eb33e3a05bf6;src_eb3702c008dd;src_eb4e1471269b;src_eb7e4c74473e;src_ebeeeef9772f;src_ec28e178b177;src_ec49990698ca;src_ed3c6b74f374;src_ed5a054f181a;src_ed634fe968d7;src_ed657698ae4f;src_ed709bc64f46;src_ed751fd0c5de;src_ed9356c87199;src_edaf35b61282;src_edc3ef422656;src_edcdcc9c78f7;src_edf42f5aafe4;src_edfffee308f1;src_ee0edf5662a3;src_ee389af11d12;src_ee560b877a18;src_ee8282a35765;src_eedade208d33;src_ef27ea182764;src_ef40f470002e;src_ef8ee964cafd;src_efb75cb7df40;src_efbd2aaebcba;src_efc1b9eeb4c2;src_f0245e1001f8;src_f04203ba5dc7;src_f0435b4c1644;src_f08c397489e7;src_f0c1a3f8f4c5;src_f0edda335d85;src_f0ee18bbf3ed;src_f1412782661a;src_f16e8a4bcbf4;src_f1984a58d31a;src_f1c1006632e4;src_f1ec34b125ac;src_f217400591fd;src_f21f5dc93f1a;src_f2bd92984cc1;src_f2e085db3459;src_f2f6bbc0a0f7;src_f2ff0aef6558;src_f30d40798ee9;src_f327513b7840;src_f3960f73d2e6;src_f39693767af7;src_f3d1cc35ad83;src_f3e93e3531f6;src_f3f28b0ce18f;src_f4225f799e2f;src_f42f9af6f763;src_f4315a5bc440;src_f439d1e9f5d4;src_f48af92b56aa;src_f4afc22f5869;src_f4b03b88256e;src_f4c73c0b93d1;src_f4d67c26e4e8;src_f4e78873cc89;src_f4f532459a10;src_f526d6984b4d;src_f57910c75b64;src_f57d4c74ed26;src_f59ea215b832;src_f5c90e4a1221;src_f5caf8b0673d;src_f667820e5511;src_f69211bd56b2;src_f6abe3e1f253;src_f6def98c1c24;src_f6ec0d1d89b5;src_f70963e301f4;src_f71588fefd03;src_f750126a8031;src_f76162159cb7;src_f771adf9170e;src_f7c800f0ca56;src_f8a9f0a77c4b;src_f8d4e5bad9c3;src_f9237679b8e1;src_f9f2afe8e5c9;src_fa0146447b48;src_fa09ff614261;src_fa75b472e55b;src_fa79a789d58a;src_fa8643c9f2cf;src_fa90356409e1;src_faf355c33fb1;src_fb0091f3a038;src_fb07013a2f12;src_fb335660402b;src_fb39b0fe3b65;src_fb3fbecb7409;src_fb687973b270;src_fba708501130;src_fbb7bad4368b;src_fc200b543a38;src_fc40f6b8c61c;src_fc7629a24ba9;src_fca279c3c00c;src_fcc21ccf2295;src_fced176611fd;src_fcf53748047d;src_fd389f12f861;src_fd837a8d4bec;src_fd8c34e0a4ec;src_fdae760f41a3;src_fdedbd022269;src_fdef10a8a811;src_fdf00a0aaa1b;src_fe0d095b4257;src_fe4241957d77;src_fe42edc89bf5;src_fe583df5a815;src_ff0b82599e63;src_ff133f09799b;src_ff3025cf341b;src_ff3dd40708a3;src_ff7ffe9a300f;src_ff922d56c33f;src_ffa766213e64;src_ffd28c701fc4,Aria-MIDI,CC BY 4.0;CC BY-NC-SA 4.0; non-commercial research and education;MIT;derived audio; source MIDI terms apply; SoundFont MIT;external recording; rights not granted by ATEPP metadata license
exp_e6fe8854b6f4,Frédéric Chopin,Romantic,wrk_c75095618219,wrk_c75095618219,rec_312eeb41f474,sources/asap-dataset/Chopin/Ballades/1/midi_score.mid,,data/downloads/maestro-v2.0.0/2011/MIDI-Unprocessed_17_R1_2011_MID--AUDIO_R1-D7_05_Track05_wav.wav,sources/asap-dataset/Chopin/Ballades/1/midi_score.mid,data/canonical/alignment_events.csv,,1,264,mid,cpc_canonical_beat,licensed_for_research,complete_movement,,true,true,ready,cmp_1cb3d72ba143,Ballades 1,scv_59b6f3605ed2,prf_ef1b291148a3,aln_a3ddff5bec65,source_recording,beat,source_provided_beat_annotations,source_exact,1.00,src_009b10f4f596;src_025991459456;src_05103d14abdc;src_0537b489083e;src_0543b0a7170d;src_0562ff5c5942;src_07ca589fb032;src_0899f3238bb5;src_09162744e255;src_0c02bba966a8;src_0d24cec54883;src_0db7b3124811;src_0e0af0bf184d;src_0e78d9da8c2b;src_118e6a773bae;src_168b4d75315e;src_16a155eaaaea;src_16e7444e4b6d;src_186a1d293b71;src_18b56ee1d27b;src_19da3ee76006;src_1af871e60756;src_1c529d6d6933;src_1d8e086581cb;src_1e74f087d54c;src_1e8341c7cfba;src_205e4a5d014d;src_20f529f8c338;src_227253a3e9e3;src_232354cc6f64;src_2556c91e67bb;src_26df00d01433;src_278111129341;src_2856952fafae;src_285bcb9fc89c;src_2932604d20af;src_2c5eb7f512b1;src_2c619f16abbd;src_2d6a741f6477;src_2e30a7f88ce3;src_2fdb9ea6290f;src_3013241dd9ab;src_31102c63604d;src_32fab4fdab3d;src_3555be65c0c8;src_35f7e4cc286d;src_3637acc220a8;src_3887eb116906;src_391fa557268a;src_3935eb6b5e85;src_394e6c46ed33;src_3a706206642a;src_3d5fe4b447a6;src_3e2b019eaae7;src_3f05ef317091;src_400400ef93b2;src_409725e2885a;src_42c63833086f;src_44091181db60;src_450ac44a1afb;src_4625c2abe13e;src_466a3b9009d4;src_4a6cf1ef5775;src_4c964809a4cb;src_4fc8888dcabe;src_5381ae42774a;src_567c4f4d2f5f;src_5718fe509e3a;src_5775ac0deecb;src_5bca46f475f0;src_5cea08b1dc47;src_5d29af041b88;src_5d2cea2421fa;src_5e478dfb9bee;src_5f20b3796ca5;src_5f4fbde05558;src_6130370e4067;src_66211965846c;src_67e8ff96c842;src_68ad5c7ba690;src_6b6b5b1294f3;src_6beb77c14d93;src_6cc0ec48f7d9;src_72823405bc7c;src_72ff9b8c52f9;src_73db15e2333b;src_761c11a5cc26;src_77cfdc3dbadd;src_78ac78965e75;src_78d1104d8494;src_7b0b94ab2c82;src_7ce54bea1fe3;src_7eef51ec8789;src_7fa60a7cae54;src_811a68571301;src_81b21be2fb27;src_83da6a346aa5;src_85f712b805f1;src_8610d4de1caf;src_88a95b186042;src_895524a2c8ef;src_8a9dbde686aa;src_8c2f645399c3;src_8c400de06eec;src_8dcad0534646;src_8e58892a03f4;src_900072a16c0b;src_92ff6bec8701;src_93679dd5fbe4;src_93a5c187e704;src_93b8640c1d91;src_96f45b86cf01;src_9802a5ced74b;src_98bb7a204dda;src_9b8b647390e9;src_9cf6edfaffec;src_9e7230249b16;src_a00f3bd77638;src_a15f1743ddf6;src_a187242d3308;src_a22b47aea52d;src_a41975d22736;src_a575bdbd879d;src_a5977da214ca;src_a5a3fa7b163f;src_a5b5c46e8b10;src_a6bf2b6f0896;src_a8a472ed12f1;src_a9112c31f7c1;src_ac213eb5c4f6;src_ad12faf3ca99;src_ad1b5050d62f;src_aec3e3168276;src_af0becf41bb2;src_af9572bacc7a;src_afdbff0c7d10;src_b29e8cbde524;src_b440088a9d1a;src_b47f5d9aa0fa;src_b4df0b99b753;src_b5c862f30733;src_b6d6bbac6a5d;src_b7e825387ad1;src_b868ad6a7f56;src_bb5e3260cca7;src_c1541bdc410b;src_c1be2165efad;src_c2efb88085b2;src_c4599ac33e36;src_c5c87f6732ae;src_c797f95ffb13;src_c7c38fa1b3b5;src_c8332657f7ec;src_c8d3460d463e;src_c972e7f7e3b3;src_c97f3f0a8b7f;src_cc4f52829c03;src_cd061e352eff;src_cf722bb50cc1;src_d612a3fedb12;src_d80f2e35380c;src_db4d9db670a1;src_db9d4e860748;src_dbc6f5b5db4b;src_dbdff94727a5;src_dbe936e212df;src_dcc985e5315e;src_e0603351c6ab;src_e1142ef6c426;src_e44686bac85c;src_e52e9e9102e9;src_e68eb8c3743b;src_e6eb7df6b513;src_e70179ca2d41;src_e735d1e325cc;src_ea6de5969434;src_ea733840b86c;src_ed8742cba477;src_effa7253ff9c;src_f3a950fc8de8;src_f400741011c6;src_f5119b4108c8;src_f76a93df4c0c;src_f8cc65b8c40e;src_f96d868cb16e;src_f99b8c58bacd;src_fa28683b9736;src_fb8242c01209;src_fdce6fa4ee7c;src_fe1268e0a59c;src_ff0978c3468a,asap,CC BY-NC-SA 4.0;mixed
exp_e7ddc6127c18,Wolfgang Amadeus Mozart,Classical,wrk_57b95df3e8e3,wrk_57b95df3e8e3,rec_ae056999d834,sources/ACPAS-dataset/subset_S/Mozart/365_CPM_Sonata_No.8_D_major_KV_311_1/S_140_A_MAPS_mz_311_1_StbgTGd2.mid,,data/derived/rendered_audio/fluidsynth-2.5.6-musescore-general-0.2-v1/rec_ae056999d834.wav,sources/ACPAS-dataset/subset_S/Mozart/365_CPM_Sonata_No.8_D_major_KV_311_1/S_140_A_MAPS_mz_311_1_StbgTGd2.mid,data/canonical/alignment_events.csv,,1,152,mid,cpc_canonical_beat,licensed_for_research,complete_movement,,true,true,ready,cmp_b8edb65ab828,Sonata No.8 D major KV 311 1,scv_7b90e90f2ab4,prf_5b8a09fd07b5,aln_a07489e8a6b2,synthetic_rendering,beat,source_provided_beat_annotations,source_exact,1.00,src_101a4578ef5b;src_3df6fc0a96af;src_44d1cef07805;src_53736a701265;src_694c7d9d11d8;src_6c7edd68c85a;src_7b89f58d60b1;src_8fae8aa6ae1f;src_98e80603d674;src_9c2037d613a1;src_9cd385c42b12;src_a80bc86a4c74;src_c468e8c1dfe4;src_c87542b84d05;src_d5e4a061a1a0;src_ddaafc69925d;src_df354eb212df;src_edc76505f777;src_f5644eb58ac3,cpc-rendered,MIT;derived audio; source MIDI terms apply; SoundFont MIT;mixed
exp_e8abfe226505,Wolfgang Amadeus Mozart,Classical,wrk_83438d27b402,wrk_83438d27b402,rec_6da493b2d0a0,"data/downloads/pianocore/1.0/refined/Mozart,_Wolfgang_Amadeus/Piano_Sonata_No.18_in_D_major,_K.576/1._Allegro/score_ATEPP_mini_refined.mid",,data/derived/rendered_audio/pianocore-1.0-a-star-mozart-fluidsynth-2.5.6-v1/rec_6da493b2d0a0.wav,"data/downloads/pianocore/1.0/refined/Mozart,_Wolfgang_Amadeus/Piano_Sonata_No.18_in_D_major,_K.576/1._Allegro/score_ATEPP_mini_refined.mid",data/canonical/alignment_notes.csv,,1,161,mid,cpc_canonical_note,licensed_for_research,complete_movement,,true,true,ready,cmp_aedc2a9cef37,"Piano Sonata No. 18 in D Major, K. 576: 1. Allegro",scv_1ffcc668b0c3,prf_e6b18a1ea962,aln_47a966bf0d97,synthetic_rendering,note,pianocore_rascop_refined,pianocore_a_star,0.9894,src_001e8cd7a28a;src_005e3473a4cf;src_019e51db2354;src_01ee8680a3cf;src_01f3e327cca2;src_023b083dfdb4;src_0289ce120487;src_0387ebd5aee7;src_04f3633fdcf5;src_0541cad5a39f;src_057f2707242d;src_05872c8c3287;src_06384f635398;src_06ad6e92d41e;src_072bb2074235;src_07b75476d331;src_083df8454f49;src_090b3f738580;src_092cbf25dbad;src_098568af1fc5;src_0a1226b8698c;src_0a4c23bd1abf;src_0a4e3ffe908f;src_0a620d8cf4bb;src_0aa8017784b9;src_0b346c3cac05;src_0b939fdf0faa;src_0bbf65c7ecd5;src_0c2e6c511857;src_0c4bc9daeef6;src_0cc0383b5c12;src_0eea1de66c1a;src_0f01f9d5bb98;src_0f4ed9e0fd8a;src_100ed44a24f3;src_104af0042f97;src_104e174908e8;src_1054cf2be3fa;src_10646c3a2edb;src_107918651e76;src_10a52dfebb51;src_121fe041260d;src_1315c776406d;src_1327b026c4ef;src_13b9ab80e97d;src_141236e20e1c;src_1415731964a0;src_142967395ddf;src_143a57fe9070;src_14def3a4668c;src_15912ef10ba2;src_15f327abe06b;src_161f4c9b972e;src_1694e14abd27;src_16cd1d938b60;src_1717dfd632e4;src_174e68f79af5;src_1776e2b7edc3;src_177b85fb5329;src_179fee0ca9fd;src_17dcd87f34cc;src_1804042d8887;src_18a041e22046;src_18f1c83868a5;src_19183da25da1;src_1a15cb0c13d0;src_1af0fcaa4e35;src_1b8ef0125703;src_1c1398cdb0c5;src_1cd49052b3de;src_1d3ea906342f;src_1d87695f67bb;src_1e206c1ff824;src_1e2ecce59c32;src_1eb3f7914f25;src_1eb7239a67d7;src_203409dab74f;src_215ebba3711b;src_21d82f644aa6;src_21f529d6eb2a;src_227879cc5b3e;src_22b17fb1211e;src_236750e7983b;src_239e644fdf0a;src_23ffd0cfd3cd;src_2418b4b43099;src_245f4a922aa8;src_2505d08ab7d0;src_256c6aa273d9;src_25d9e7ce0260;src_26017ec7bd45;src_263fdae846c7;src_269482b0d475;src_26c4556f9a00;src_2745446685bb;src_2782af83bf16;src_278901b56c99;src_27b525a347ab;src_280ff0e4cc62;src_281b021151ef;src_291c872cfa03;src_292c236a5ed7;src_295d0ac5ea7e;src_2963a7011939;src_29b85197d5bd;src_29e37914ac43;src_2a4502c3e3d6;src_2addf89f4178;src_2ae0de083929;src_2ceb3ba6b307;src_2d0fa1172878;src_2e658e7a4cec;src_2ecbdefb1f20;src_3086a1ceb71b;src_321da0ffcd12;src_3266763fef5e;src_32ce7f17d6fb;src_32dec08cc630;src_343520e21a22;src_34407da3dab5;src_346ce353ec80;src_34e7285daa83;src_3593ee929776;src_3697693d02e6;src_36b7af35e4f5;src_36c1d25c9a14;src_36cbd63b6d82;src_380d0a8c4332;src_38317bb1061d;src_39284c460d46;src_3a406c146ed2;src_3b31a9abfaac;src_3b43cf0c1540;src_3b47a2a6400a;src_3c6663d8ebaf;src_3c6aa4b36251;src_3c7d65334506;src_3d4701a48467;src_3dd34e2e1e45;src_3dea789dea31;src_3e7efac333f0;src_3fe6c08fbf90;src_411f00792a04;src_41b989b36002;src_4261f589b519;src_433d56e3d730;src_447d341564f8;src_457376642b69;src_45e5d3f9f8fa;src_4671e326e56f;src_4721badc3bf3;src_47a3da565c48;src_4884bbe21d4b;src_49184e1aa3bd;src_4aa7a84aae30;src_4af9f5cda3df;src_4b50e36977be;src_4b5e35a1a7b2;src_4b6c18b481cb;src_4de8ff5f127f;src_4e67c8d0e087;src_4e6c786b3a41;src_4e72877b7e51;src_4ea28cee6ca6;src_4f14ffa9068f;src_4f4e3ad13cd3;src_50416978a287;src_511f40a3a775;src_51a1cb0ceb6b;src_51dd7d0b38fb;src_5413c3430087;src_550e733ad61a;src_551529918e3a;src_563a6c6dbeed;src_56558038fc9c;src_56eb89fe508e;src_57037902d1fa;src_57a4cdf0e813;src_586cb40ad578;src_586f3a824b89;src_58ced66eed8b;src_58e18bf231d8;src_591f7a5b6e2b;src_594b459edfa2;src_59639b23e89a;src_598e11c767ce;src_5a180226e890;src_5a25aac9aa29;src_5aedc1c87107;src_5b384e49e3c3;src_5bda74842be5;src_5c5684c7e473;src_5c70d9629606;src_5d13447b17f4;src_5d28010aed0f;src_5dc86d22a924;src_5df53aa59f2a;src_5eabc2cebc6a;src_60746663432e;src_60df01f94726;src_60e5903eb9e7;src_61f476d89fa6;src_6204f324d490;src_624528f3081d;src_6263157da895;src_62adb93733ed;src_6314102e7c90;src_63e6e2831543;src_65085d23331a;src_6541fd8e846a;src_655d0ea2f4e8;src_656d2c426c59;src_65ea6d287ec0;src_663f43a2d826;src_669e4a016331;src_66c1ca3d559f;src_6705c87e4bb5;src_67addc81a952;src_67d9a5c03e9c;src_67f0a104595d;src_67fa5b1c99af;src_6826062e3d5e;src_68644f356dd2;src_68a5ce5b09c3;src_68b0a5f0efd6;src_68c5cd9cb32e;src_690bf5391a75;src_6934c88a7ba6;src_69c238229432;src_6b2e06502e18;src_6b8650c65876;src_6b8697b8690b;src_6ba266768e0c;src_6c2c7bd118da;src_6c5e00513580;src_6ceee5bf471a;src_6e8d5ea81f9b;src_6ecc78613ae8;src_71b981cbace6;src_72614e1fdc0f;src_7294f806cb4d;src_72aba5234729;src_72b87302e952;src_739a89ca7226;src_74127902278d;src_74a6a635ea11;src_74e03e99c896;src_756017897205;src_75ca42789148;src_75df2bcb921a;src_7603bc4b2e17;src_77b673f035b2;src_783781b0fb4b;src_78758a091b06;src_78eb6d31e195;src_790092c9340c;src_79321ea6c86d;src_79830d2781db;src_7a1496d15308;src_7a26af20ac24;src_7ac7f34af4c7;src_7b1562d30624;src_7c8389bf96f0;src_7cc6d13122dc;src_7cea91d10a37;src_7cef7f0a6cb5;src_7d20a6eae3e2;src_7d6ddeee12f1;src_7e23b5ee7a85;src_7e9b2fee77d9;src_7e9fa6799753;src_7eb5df6b32cb;src_7fa67c2e5f75;src_7fbf1fd26884;src_80c7bdc6b784;src_80eba0a4d1aa;src_81757f8accc7;src_8216e30318fe;src_82211876630a;src_82bbfa9711b7;src_83479c9eb292;src_836a512204d8;src_83941a10bc03;src_83de14c8f76a;src_83f24d3ce70a;src_843c4c18b0d0;src_844ac2288888;src_8568e4547742;src_86566681e553;src_8730d973a8ad;src_8752197dca83;src_8784c58f2cfb;src_87919d63e8a4;src_883dc87f94eb;src_88bca39a71b8;src_88cb050e7774;src_8a7cf0de06a4;src_8b23aa5c78a0;src_8c7c4afd456c;src_8c7f99d23377;src_8c81166dcc18;src_8d1aeb61a9de;src_8d52fc49da4d;src_8dc1c6c93ed0;src_8e317348661f;src_8e50f3b4327e;src_8f60a03e89de;src_8f6cc55fefa6;src_900270be94a8;src_9053a7c83958;src_9086d68b45f8;src_90bd52e046ab;src_90d14fb5855d;src_90eaec1d5f38;src_910d30840137;src_9169ceca558c;src_91af519bd1de;src_9205a0e92ab5;src_9230297f5486;src_928127c199d1;src_936cb708063e;src_93a6779c4741;src_93a879732497;src_93c2a983d9a9;src_9402d8a2ffb5;src_942f5c7d39ab;src_95f320530c40;src_96012ccd5ba3;src_964da430dd93;src_9719d5eb0754;src_973c4d724597;src_9844454b433c;src_98600545aa49;src_987740532216;src_98a81e960883;src_99296bd126fa;src_99777bea9bdc;src_997b8fb6ed13;src_99bfdc81b76b;src_9a4bb1605837;src_9a828f101fd5;src_9b0846e3f839;src_9b9dad229d02;src_9c20b237e964;src_9d5aadcb57d2;src_9df6ad735a06;src_9e228a4735f9;src_9eadf4e7cdfe;src_9efcedf814b9;src_9f363314b65a;src_9f3ea63fd325;src_9f41fdce055b;src_9f7980e6751a;src_9f7f41eda1f5;src_9f8590dbfcf3;src_9fe07d811349;src_a0aee5d27601;src_a0f0bdbd007f;src_a116775fa875;src_a125b742db70;src_a188bb504cd0;src_a2a88d525097;src_a2c2c7a242a9;src_a2f897a4da40;src_a35f2e53193a;src_a36a5ef66fea;src_a3e304cceb4b;src_a43790ce1b52;src_a43cf377b12e;src_a444fcc94a50;src_a4d663f4c2b0;src_a508213831ed;src_a5110ee24caa;src_a55336faa094;src_a61b3d897d22;src_a6438175c99a;src_a6b22cd0b777;src_a769a85a8d9e;src_a7c23555106e;src_a7ede0ddbb36;src_a80bc86a4c74;src_a81d16ca1b47;src_a81dc7c8f903;src_a832df52fe01;src_a871103ff084;src_a9e3be55e63f;src_aa1a9ac22f58;src_aa1f0f0620ed;src_ab4eb4b86151;src_abec0b29291d;src_ac89390031fd;src_acae2ef44ff7;src_ad0f059ba247;src_ad4bdbc3341a;src_ae1a024a1ae8;src_aea8984d58d0;src_aef30567faa4;src_afc86f2d91c0;src_b03cf7e94110;src_b06b543c289d;src_b12decbcd937;src_b224192e2315;src_b29acc962c2e;src_b3f961bf18f3;src_b49fd95b4eaf;src_b4da1a942d68;src_b4e221b69f3d;src_b526435178ff;src_b548f2f1b85c;src_b54a9b230e61;src_b55b95a6b3fd;src_b70c417ae5cb;src_b76049817f43;src_b77a26e8c31a;src_b803b4ff6c3c;src_b95508f4e396;src_b99f5dd248ae;src_b9f605972741;src_ba6e668cd715;src_ba98dcf59c39;src_bb8d2f44c9b6;src_bbb535e776dc;src_bc1043346734;src_bcbcc49e79a3;src_bd432e5636e5;src_bdf2ea293fcd;src_be57e59cf58a;src_bf83575f379e;src_bff1b92f3710;src_c004585b0264;src_c088f74be7d2;src_c0d97bc91814;src_c210bdcd64bb;src_c23a2b6834f5;src_c24da1d3973e;src_c31cb9a51340;src_c399fd9a1f6f;src_c4956e382f2b;src_c575ec8dabc9;src_c58169c8c357;src_c60251200340;src_c60dacc02983;src_c64354a9d0eb;src_c6460ed0e9ee;src_c662660925f2;src_c7d56625689a;src_c815c20002b1;src_c96657e2e2ce;src_c9a77603eff1;src_ca9bb0e1fcd3;src_cbd3d9b6cf8e;src_cc105af5ccf7;src_cc75c94640b8;src_cca0e883b788;src_cd11f15da347;src_cda6b7035838;src_cdf88c69b35b;src_ce995d55ccb4;src_cedf5ac728d3;src_cf80a1c72234;src_d175592c97de;src_d18629bc313d;src_d19b003d7e00;src_d2cf1464dcec;src_d2f392df7de3;src_d316d828f1cf;src_d49f775d822d;src_d54254832f4e;src_d596a5c654c0;src_d5cf4de07c5f;src_d66932169ee0;src_d67fd01378bf;src_d7db8d198302;src_d86ce73c8e50;src_d90fce18dc41;src_d9498325ab87;src_d9965bc71b49;src_d9bbe3eb8dc8;src_d9f94f3b757a;src_da491a56532f;src_db70d88a6018;src_db975faa1357;src_dbb48eb853a6;src_dbe5cc0126a2;src_dc30d4ac10e3;src_dc5e414c5c36;src_dd690dd6229c;src_dd7ce701f58c;src_dd9fb68cb698;src_ddcee69628be;src_dec7eace6d14;src_dfa57d681736;src_dfcc57b820f7;src_dffa8978f322;src_e012a9d53e52;src_e0bf3049d164;src_e1038b0c8843;src_e123a6943476;src_e1d571d3881e;src_e2652d2932f9;src_e265347079e7;src_e27a2d9b4737;src_e2a8c611c056;src_e2eca24f48f0;src_e3f17786c880;src_e407ba2c374f;src_e4bfd2de5c07;src_e55426eb871a;src_e586a5a81fba;src_e5b576ef1b98;src_e5db0303177a;src_e5f02d6bbb54;src_e62526b09ecd;src_e651a7463fee;src_e6918db8bb42;src_e6ed3f2babe0;src_e891d38e8000;src_e90f4308369c;src_e9e28922330d;src_ea76b7d21617;src_ea7da82b184c;src_eaf179914f7e;src_eb5e031761e8;src_ec050c372fa0;src_ecabf64126a6;src_ecae244b563b;src_eccddef98073;src_ecd25d7447ce;src_ece9b513259a;src_edcdb378e9d1;src_eef1df63b42a;src_f0336ed95134;src_f046c8755168;src_f06d81039801;src_f06d8f369d95;src_f081d4564db9;src_f0ca18e8cbb2;src_f1303b3e7a25;src_f1335e8b694f;src_f167090f5e85;src_f227d15d09e9;src_f2f7cbc72029;src_f314a583af65;src_f36a6c3247ed;src_f418fad15b64;src_f48df0068e3d;src_f4d684e8906f;src_f5ced6058170;src_f5fef20b5666;src_f6352a451be8;src_f7aad58a5e52;src_f7ba26e34267;src_f8434bff99b5;src_f85efd272240;src_f86cf00325eb;src_f8ab82fdbaf4;src_f9816ca8bdb3;src_fa0d20a895f6;src_fa441c9b1d05;src_fa849eb6af06;src_faa8caba864a;src_fb47e6db8aaf;src_fcda71c7bbb1;src_fcedc5ba2ef0;src_fd1b1ad71ac8;src_fed9a3bc40e5;src_ff0a68a7e49a;src_ff81c126a9ce,Aria-MIDI,CC BY 4.0;CC BY-NC-SA 4.0; non-commercial research and education;MIT;derived audio; source MIDI terms apply; SoundFont MIT;external recording; rights not granted by ATEPP metadata license
exp_eab5ad711e74,Frédéric Chopin,Romantic,wrk_c75095618219,wrk_c75095618219,rec_2f88da9ac9db,sources/asap-dataset/Chopin/Ballades/1/midi_score.mid,,data/downloads/maestro-v2.0.0/2013/ORIG-MIDI_01_7_10_13_Group_MID--AUDIO_08_R3_2013_wav--3.wav,sources/asap-dataset/Chopin/Ballades/1/midi_score.mid,data/canonical/alignment_events.csv,,1,264,mid,cpc_canonical_beat,licensed_for_research,complete_movement,,true,true,ready,cmp_1cb3d72ba143,Ballades 1,scv_59b6f3605ed2,prf_4e8d99362129,aln_ea8fbf4f51a2,source_recording,beat,source_provided_beat_annotations,source_exact,1.00,src_009b10f4f596;src_025991459456;src_05103d14abdc;src_0537b489083e;src_0543b0a7170d;src_0562ff5c5942;src_07ca589fb032;src_0899f3238bb5;src_09162744e255;src_0c02bba966a8;src_0d24cec54883;src_0db7b3124811;src_0e0af0bf184d;src_0e78d9da8c2b;src_118e6a773bae;src_168b4d75315e;src_16a155eaaaea;src_16e7444e4b6d;src_186a1d293b71;src_18b56ee1d27b;src_19da3ee76006;src_1af871e60756;src_1c529d6d6933;src_1d8e086581cb;src_1e74f087d54c;src_1e8341c7cfba;src_205e4a5d014d;src_20f529f8c338;src_227253a3e9e3;src_232354cc6f64;src_2556c91e67bb;src_26df00d01433;src_278111129341;src_2856952fafae;src_285bcb9fc89c;src_2932604d20af;src_2c5eb7f512b1;src_2c619f16abbd;src_2d6a741f6477;src_2e30a7f88ce3;src_2fdb9ea6290f;src_3013241dd9ab;src_31102c63604d;src_32fab4fdab3d;src_3555be65c0c8;src_35f7e4cc286d;src_3637acc220a8;src_3887eb116906;src_391fa557268a;src_3935eb6b5e85;src_394e6c46ed33;src_3a706206642a;src_3d5fe4b447a6;src_3e2b019eaae7;src_3f05ef317091;src_400400ef93b2;src_409725e2885a;src_42c63833086f;src_44091181db60;src_450ac44a1afb;src_4625c2abe13e;src_466a3b9009d4;src_4a6cf1ef5775;src_4c964809a4cb;src_4fc8888dcabe;src_5381ae42774a;src_567c4f4d2f5f;src_5718fe509e3a;src_5775ac0deecb;src_5bca46f475f0;src_5cea08b1dc47;src_5d29af041b88;src_5d2cea2421fa;src_5e478dfb9bee;src_5f20b3796ca5;src_5f4fbde05558;src_6130370e4067;src_66211965846c;src_67e8ff96c842;src_68ad5c7ba690;src_6b6b5b1294f3;src_6beb77c14d93;src_6cc0ec48f7d9;src_72823405bc7c;src_72ff9b8c52f9;src_73db15e2333b;src_761c11a5cc26;src_77cfdc3dbadd;src_78ac78965e75;src_78d1104d8494;src_7b0b94ab2c82;src_7ce54bea1fe3;src_7eef51ec8789;src_7fa60a7cae54;src_811a68571301;src_81b21be2fb27;src_83da6a346aa5;src_85f712b805f1;src_8610d4de1caf;src_88a95b186042;src_895524a2c8ef;src_8a9dbde686aa;src_8c2f645399c3;src_8c400de06eec;src_8dcad0534646;src_8e58892a03f4;src_900072a16c0b;src_92ff6bec8701;src_93679dd5fbe4;src_93a5c187e704;src_93b8640c1d91;src_96f45b86cf01;src_9802a5ced74b;src_98bb7a204dda;src_9b8b647390e9;src_9cf6edfaffec;src_9e7230249b16;src_a00f3bd77638;src_a15f1743ddf6;src_a187242d3308;src_a22b47aea52d;src_a41975d22736;src_a575bdbd879d;src_a5977da214ca;src_a5a3fa7b163f;src_a5b5c46e8b10;src_a6bf2b6f0896;src_a8a472ed12f1;src_a9112c31f7c1;src_ac213eb5c4f6;src_ad12faf3ca99;src_ad1b5050d62f;src_aec3e3168276;src_af0becf41bb2;src_af9572bacc7a;src_afdbff0c7d10;src_b29e8cbde524;src_b440088a9d1a;src_b47f5d9aa0fa;src_b4df0b99b753;src_b5c862f30733;src_b6d6bbac6a5d;src_b7e825387ad1;src_b868ad6a7f56;src_bb5e3260cca7;src_c1541bdc410b;src_c1be2165efad;src_c2efb88085b2;src_c4599ac33e36;src_c5c87f6732ae;src_c797f95ffb13;src_c7c38fa1b3b5;src_c8332657f7ec;src_c8d3460d463e;src_c972e7f7e3b3;src_c97f3f0a8b7f;src_cc4f52829c03;src_cd061e352eff;src_cf722bb50cc1;src_d612a3fedb12;src_d80f2e35380c;src_db4d9db670a1;src_db9d4e860748;src_dbc6f5b5db4b;src_dbdff94727a5;src_dbe936e212df;src_dcc985e5315e;src_e0603351c6ab;src_e1142ef6c426;src_e44686bac85c;src_e52e9e9102e9;src_e68eb8c3743b;src_e6eb7df6b513;src_e70179ca2d41;src_e735d1e325cc;src_ea6de5969434;src_ea733840b86c;src_ed8742cba477;src_effa7253ff9c;src_f3a950fc8de8;src_f400741011c6;src_f5119b4108c8;src_f76a93df4c0c;src_f8cc65b8c40e;src_f96d868cb16e;src_f99b8c58bacd;src_fa28683b9736;src_fb8242c01209;src_fdce6fa4ee7c;src_fe1268e0a59c;src_ff0978c3468a,asap,CC BY-NC-SA 4.0;mixed
exp_ec25c9c1e4b9,Wolfgang Amadeus Mozart,Classical,wrk_57b95df3e8e3,wrk_57b95df3e8e3,rec_7f50fd73cec4,sources/ACPAS-dataset/subset_S/Mozart/365_CPM_Sonata_No.8_D_major_KV_311_1/S_1497_CPM.mid,,data/derived/rendered_audio/fluidsynth-2.5.6-musescore-general-0.2-v1/rec_7f50fd73cec4.wav,sources/ACPAS-dataset/subset_S/Mozart/365_CPM_Sonata_No.8_D_major_KV_311_1/S_1497_CPM.mid,data/canonical/alignment_events.csv,,1,344,mid,cpc_canonical_beat,licensed_for_research,complete_movement,,true,true,ready,cmp_b8edb65ab828,Sonata No.8 D major KV 311 1,scv_7431271ca21d,prf_f75d4ceef9ee,aln_5e685d405837,synthetic_rendering,beat,source_provided_beat_annotations,source_exact,1.00,src_101a4578ef5b;src_3df6fc0a96af;src_44d1cef07805;src_53736a701265;src_694c7d9d11d8;src_6c7edd68c85a;src_7b89f58d60b1;src_8fae8aa6ae1f;src_98e80603d674;src_9c2037d613a1;src_9cd385c42b12;src_a80bc86a4c74;src_c468e8c1dfe4;src_c87542b84d05;src_d5e4a061a1a0;src_ddaafc69925d;src_df354eb212df;src_edc76505f777;src_f5644eb58ac3,cpc-rendered,MIT;derived audio; source MIDI terms apply; SoundFont MIT;mixed
exp_ec57dd76ace0,Frédéric Chopin,Romantic,wrk_3136cdcc08a9,wrk_3136cdcc08a9,rec_9de1f934b5b0,sources/asap-dataset/Chopin/Etudes_op_25/11/xml_score.musicxml,sources/asap-dataset/Chopin/Etudes_op_25/11/xml_score.musicxml,data/downloads/maestro-v2.0.0/2017/MIDI-Unprocessed_051_PIANO051_MID--AUDIO-split_07-06-17_Piano-e_3-02_wav--3.wav,,data/canonical/alignment_events.csv,,1,96,musicxml,cpc_canonical_beat,licensed_for_research,complete_movement,,true,true,ready,cmp_3b04980a56a1,Etudes op 25 11,scv_4dd8e1445616,prf_88e5ae4ba81f,aln_550f70844a08,source_recording,beat,source_provided_beat_annotations,source_exact,1.00,src_0117edcf7362;src_0136c1fc476c;src_0174bdd637ea;src_01d2d376024e;src_03e7e4ecb0a7;src_04587b1998e4;src_04fb79339c33;src_057a426dd4d4;src_07be52ffdcfe;src_0803943b3b3b;src_0806767f52f2;src_0920d4fe4470;src_094c75666776;src_0a3bff604a5c;src_0b36fdbcc466;src_0be8ca736ecc;src_0c80474f6340;src_0c8bdd2124d1;src_0dcabd241fca;src_106e21fd811d;src_11ebd0112548;src_126f62246251;src_13b1bed47ec4;src_14ff767619ee;src_1525bcffcd41;src_1582f4b14a05;src_16db32b54405;src_1769febb050f;src_19ab7c6167c3;src_19b5ba739939;src_21954ebae089;src_2458321ebec6;src_24a6d0cd8aed;src_26499ebc67b4;src_274681bb9c12;src_27b2379f852c;src_2935bc5fb364;src_2b0e1ee99aa4;src_2beaa5f535ca;src_2cce741d8671;src_2cd602fc6748;src_2d164cbff494;src_2d945b98ca49;src_2da9197279ac;src_2e15a7b09fb5;src_2f49e2f4136a;src_2f4b60611760;src_2f8a3df83c1f;src_318802864317;src_31dcbefce4fb;src_321e2860ab50;src_3220a158300d;src_353c77180563;src_373d3b650494;src_375f3da80810;src_39c2f1d7bf3b;src_39ed922358d7;src_3a952b5a238d;src_3abd858d0d68;src_3cfc6471112e;src_3d46483ea6df;src_3dd5ccfd9477;src_3e6092e00d33;src_3f5f3a2d592c;src_40f5621ce26d;src_41c7ac49f630;src_423d0b4cfdbe;src_43b47854ee7c;src_4436c2b4dac5;src_45260e1c135d;src_45afb7ca80d0;src_463c0ff905d7;src_46b6d5de73f6;src_4850ae7c56de;src_4c30dfe39ad3;src_4cecad55461a;src_5086b93d5214;src_50afc7cda832;src_52bb46d08183;src_52ef63b9f1bb;src_533ad3127f7c;src_53a195ef4046;src_56d132ce58d3;src_58254be8e5ae;src_595958dec0e1;src_5a20b4a7b97f;src_5a5702c9e89d;src_5e01c8363288;src_60aa47ce634c;src_621b71d1fd9d;src_63f6a761aad0;src_652c6aa81ed7;src_65b701a2cae8;src_673a6413ec36;src_6744f16a71ed;src_683fccb28962;src_692498282257;src_6aedd6f10cfc;src_6b45797cc007;src_6c7bc24b7702;src_6cb427b03049;src_6d29d4ad90de;src_6dea3bee3223;src_6e36c276a1b7;src_6e7cee7ae3a0;src_6f65f55badf9;src_71770e5a1aae;src_7455ea41c307;src_74f011ea90bf;src_766469d13bfd;src_77ca3bc933c6;src_782d6abfc8c8;src_7951c5a7eb1a;src_7a1dadc74566;src_7a30f9480c15;src_7af50434b314;src_7da6dc447b36;src_82d013d5e6ec;src_8353646bf2a0;src_8485cdaa07aa;src_84ed6e943737;src_85efd12f584c;src_875e275b64da;src_87ab6908249a;src_8ad4dae4a85b;src_8af2330e4111;src_8bc8f1717924;src_8c2d548e15b3;src_8cdcb23a73e1;src_8fef7a0f0b46;src_918d7b94cee1;src_9b8d2aa77504;src_9bd9da517a15;src_9cb1f820601b;src_9cccac6223d3;src_9e5a0d66da54;src_9ef884b5d84d;src_9f5106d47a7e;src_9f803c1811af;src_a0824343c997;src_a09f90c3ef3a;src_a12c5bff9890;src_a19ff25bcb0c;src_a1f9e19bca1c;src_a2083e2c81d4;src_a35e5fb86f1e;src_a38ad2e4e126;src_a3e61eb1108e;src_a545fd5303a5;src_a696301d41f5;src_a7518195a372;src_a80bf1641e8b;src_aae18ddc3729;src_ab3ed3c687bd;src_acb38f564446;src_aced10221359;src_adc51af75412;src_add87d9a2093;src_aecd63d457de;src_b04772495b8a;src_b26feb86f3a9;src_b29a08f7e9af;src_b311e511d237;src_b472bc184e4f;src_b53d903b786b;src_b5d02c45165f;src_b7410ef3d87e;src_b747105d40c2;src_b8718bc55aa0;src_bb34ad7a2868;src_bb560c20753a;src_bc2998f8de8b;src_bcc77f065070;src_bd405180a519;src_bd97cb08b13c;src_be01bd3d8765;src_be0624a95038;src_be5c11b1c40b;src_be5c638c15cd;src_bef9e8f0edf1;src_bfe97ad735e9;src_c0e9ae117fee;src_c18ec6c7ba45;src_c1e6dd0fd3e3;src_c2a907e62f16;src_c5610e545c12;src_c6a7fac7ae82;src_c7a07f605567;src_c8bb23f005a7;src_c8bee3c9e499;src_caa9d9f3f28b;src_cb2868f3eb9f;src_cb328b9c03cb;src_cc7ccfc61bd9;src_ccc65133d3a1;src_ccdb8dde4556;src_cdd8d55aac66;src_cf23b584aadb;src_d245f909d51a;src_d2ae65f95227;src_d2d14e3e8b2c;src_d4bd5ca72db7;src_d51fa4269685;src_d665b6bc0e51;src_d73ef2187834;src_d85b4be52384;src_d889f4e579a7;src_d8988b1b4eef;src_da9552686d99;src_dbcc49d93dcc;src_dc522d37b09c;src_dd32d0cba4a5;src_de7068cb0ee7;src_dfe4b4121a7d;src_e0084c9b5616;src_e107fc10a5c1;src_e13033d1616d;src_e182a5717a16;src_e21350a1bfef;src_e2f2fd4e551e;src_e3f780124e0f;src_e552a31bedb4;src_e56b1d8491e1;src_e5ae8e3dbb79;src_e83c5dcab9cf;src_e88822e93183;src_e8e5d8c1dd73;src_ea6e7f7b27ec;src_ed35153a90bf;src_ed9260d6d4bf;src_ee8affbbc3f8;src_f09c30169433;src_f1609effc52b;src_f1eccc9dd6e5;src_f34315aa2f0b;src_f3cffe1d2613;src_f52197d4928b;src_f5cba0cbd728;src_f5e5a32fd4cb;src_f67cc92b46e1;src_f6b41a721145;src_f7ac0eea2804;src_f82c40750f49;src_fa7f479ff016;src_faaff46a7c07;src_ff463af8b69b;src_ff49a8cff247,asap,CC BY-NC-SA 4.0;mixed
exp_ef601774e74f,Wolfgang Amadeus Mozart,Classical,wrk_2fa6d226fadc,wrk_2fa6d226fadc,rec_0e6b35824f89,sources/ACPAS-dataset/subset_S/Mozart/374_ASAP_Piano_Sonatas_12-1/ASAP_12-1.mid,,data/derived/rendered_audio/fluidsynth-2.5.6-musescore-general-0.2-v1/rec_0e6b35824f89.wav,sources/ACPAS-dataset/subset_S/Mozart/374_ASAP_Piano_Sonatas_12-1/ASAP_12-1.mid,data/canonical/alignment_events.csv,,1,229,mid,cpc_canonical_beat,licensed_for_research,complete_movement,,true,true,ready,cmp_adac7544dea5,Piano Sonatas 12-1,scv_7366396ee839,prf_3b93968ebfc9,aln_9ad25f58046c,synthetic_rendering,beat,source_provided_beat_annotations,source_exact,1.00,src_07c22c5396d6;src_0afebc7f4cff;src_0c94bc9a0e09;src_0d15c86aa340;src_0d5603dbe5e3;src_0fd8d55cd61b;src_15c2c8e7aaaf;src_1abf3c8199ca;src_24f037f265a0;src_2feafe77fb45;src_3161b43d12a2;src_398046b41b1f;src_39bc93a264a3;src_3ef7724dcb93;src_42c5a7472dd4;src_449c619e7b06;src_44c9e83e2d34;src_46036bca0454;src_460e23dafbfc;src_47e3eb9be6ce;src_4d473ef2028b;src_504f51622168;src_5455dc5e0fa6;src_5966c9239ca1;src_59cf516a57bf;src_6517247c666e;src_6795939e6905;src_681be5f7819e;src_6b06642a3a16;src_6d2472e2eb85;src_6d5c740f350c;src_772c8d92b1ac;src_7ad99a4a6282;src_8267604413ee;src_829ca567d246;src_8389b18fede1;src_8afeb6414517;src_8ca285a77009;src_8e75c9965045;src_91f15e348e6d;src_969c75c98765;src_98e80603d674;src_9d2daae1dc76;src_9d66394bc6b2;src_a0235c846619;src_a0ec28194667;src_a18c5fba0ec8;src_a5f6b1f808ce;src_a80bc86a4c74;src_abc1e0a78631;src_ad95a65e4d1d;src_b1d09323c87c;src_b215e701b9ef;src_b8961303feef;src_b9a375b16e03;src_be798d1d6a18;src_c049239c45e6;src_cab548b856fb;src_ce5143c5b12f;src_d17a07d367c8;src_d2adad0aa7f7;src_d44fe079d778;src_d8111c00e6a7;src_e005ca1d8e02;src_e1aeb70d3627;src_e3a1a16defb3;src_e625d38f1681;src_ea16300f0a82;src_ec60949d9db9;src_ecc096c385aa;src_f1007a97618e;src_f2ded2ea8b0d;src_f30c0b1b8b1c;src_f36c44d72230;src_f551b24ef60f;src_f665ed0359ed;src_f9e88dfd3a1f;src_fc48810e4a22;src_fcec570aa9d5;src_ffaea669dcba,cpc-rendered,CC BY-NC-SA 4.0;CC BY-NC-SA 4.0; non-commercial research and education;MIT;derived audio; source MIDI terms apply; SoundFont MIT;mixed
exp_f144c9e07dbf,Wolfgang Amadeus Mozart,Classical,wrk_6ce03f05af78,wrk_6ce03f05af78,rec_2227bc843d1e,sources/ACPAS-dataset/subset_S/Mozart/379_CPM_Sonata_No.13_Bb_major_KV_333_3/S_1511_CPM.mid,,data/derived/rendered_audio/fluidsynth-2.5.6-musescore-general-0.2-v1/rec_2227bc843d1e.wav,sources/ACPAS-dataset/subset_S/Mozart/379_CPM_Sonata_No.13_Bb_major_KV_333_3/S_1511_CPM.mid,data/canonical/alignment_events.csv,,1,225,mid,cpc_canonical_beat,licensed_for_research,complete_movement,,true,true,ready,cmp_597e34f68688,Sonata No.13 Bb major KV 333 3,scv_dbad97890e36,prf_e8f3554c8c63,aln_a783eb375c56,synthetic_rendering,beat,source_provided_beat_annotations,source_exact,1.00,src_0640c63aba27;src_0950ca8b92b8;src_0dcb28645532;src_0fd6b783c1b8;src_28096b2e13e3;src_2b0ec5457abc;src_31e6285994f4;src_46fbd15de8fa;src_7648271d60a6;src_7bea5aaf912b;src_8b75b4e68eeb;src_98e80603d674;src_a4fd97027fe1;src_a80bc86a4c74;src_bdc23eefd745;src_c8a16abdb42d;src_e42854aa5938;src_ee891eb762bb;src_f2b90cf613d2,cpc-rendered,MIT;derived audio; source MIDI terms apply; SoundFont MIT;mixed
exp_f1546c00f081,Frédéric Chopin,Romantic,wrk_699b3980c9b1,wrk_699b3980c9b1,rec_63af2f0eeac9,sources/asap-dataset/Chopin/Berceuse_op_57/midi_score.mid,,data/downloads/maestro-v2.0.0/2015/MIDI-Unprocessed_R1_D1-9-12_mid--AUDIO-from_mp3_09_R1_2015_wav--4.wav,sources/asap-dataset/Chopin/Berceuse_op_57/midi_score.mid,data/canonical/alignment_events.csv,,1,70,mid,cpc_canonical_beat,licensed_for_research,complete_movement,,true,true,ready,cmp_7a370787218a,Berceuse op 57,scv_2dbd94603060,prf_830adf2ba28b,aln_893ce42a31f7,source_recording,beat,source_provided_beat_annotations,source_exact,1.00,src_0632c1730e0b;src_140e36746038;src_14c3530a25c6;src_190cfaae0ce9;src_19c259048108;src_1be00e6be8bf;src_1c0f384058cc;src_20bd2af7f71b;src_2c8a6e541c40;src_2ddfd7491c0c;src_2f71a490b698;src_337de6def112;src_34e64e14d16d;src_36a344d0a9bd;src_3cf2118fddb0;src_430f175ceb13;src_4317b9265638;src_4a349cbdef0c;src_4dd1a3260b09;src_5aabaf49dd46;src_5bab14a26f2f;src_65b48a65a025;src_67939cbc28c5;src_67b48e2d98c2;src_6a227e726c9a;src_6b9139ddf508;src_6cf2ce5d76e3;src_6e1ff21831ed;src_7328474f62ed;src_73fcdbdc5deb;src_749c1c59f910;src_74a14c5ec00f;src_74ed67dc0456;src_76675efc4771;src_790d4d3d117d;src_7b318fb8e1e4;src_7b6c23e8a8bc;src_80c2f218c63e;src_81db91779a32;src_823a2e603a1b;src_849c35fe1190;src_86ee7435435d;src_89039232bcc4;src_8ab227ca3bb2;src_8d57759079bc;src_8dff5d796dcf;src_9d5a1eba6951;src_a2070fbe06b7;src_a9a1ed077b61;src_acae3be1fee9;src_ad6f4b5b4f18;src_b4e393e94ffb;src_b5b6bcf39d29;src_ba96bb0b90ff;src_bfb700e84c19;src_c9c76e3169fb;src_d6c8050e1fa5;src_d72202cb7a32;src_d9a36af48c5d;src_db46935788b3;src_dd0579bb408f;src_dd670a9c430e;src_de87f483b836;src_dea4b9362af5;src_dea6ba39600f;src_e4d93d192ea3;src_e5002a3a5e26;src_ea6c3e7142ef;src_ed266f67ef52;src_f043b45734a6;src_f1a9724318af;src_f4cc8925e433;src_f5b222ae4b62;src_f629182e8b52;src_f67cec306fa2;src_f93e2208bb6a;src_fac800026914;src_fc3984fde8b4;src_fe41893e710e,asap,CC BY-NC-SA 4.0;mixed
exp_f1bcb7e0717f,Frédéric Chopin,Romantic,wrk_699b3980c9b1,wrk_699b3980c9b1,rec_b3612b323bf1,sources/asap-dataset/Chopin/Berceuse_op_57/midi_score.mid,,data/downloads/maestro-v2.0.0/2014/MIDI-UNPROCESSED_04-05_R1_2014_MID--AUDIO_05_R1_2014_wav--4.wav,sources/asap-dataset/Chopin/Berceuse_op_57/midi_score.mid,data/canonical/alignment_events.csv,,1,70,mid,cpc_canonical_beat,licensed_for_research,complete_movement,,true,true,ready,cmp_7a370787218a,Berceuse op 57,scv_2dbd94603060,prf_8cfeeeac764f,aln_190e67b77c97,source_recording,beat,source_provided_beat_annotations,source_exact,1.00,src_0632c1730e0b;src_140e36746038;src_14c3530a25c6;src_190cfaae0ce9;src_19c259048108;src_1be00e6be8bf;src_1c0f384058cc;src_20bd2af7f71b;src_2c8a6e541c40;src_2ddfd7491c0c;src_2f71a490b698;src_337de6def112;src_34e64e14d16d;src_36a344d0a9bd;src_3cf2118fddb0;src_430f175ceb13;src_4317b9265638;src_4a349cbdef0c;src_4dd1a3260b09;src_5aabaf49dd46;src_5bab14a26f2f;src_65b48a65a025;src_67939cbc28c5;src_67b48e2d98c2;src_6a227e726c9a;src_6b9139ddf508;src_6cf2ce5d76e3;src_6e1ff21831ed;src_7328474f62ed;src_73fcdbdc5deb;src_749c1c59f910;src_74a14c5ec00f;src_74ed67dc0456;src_76675efc4771;src_790d4d3d117d;src_7b318fb8e1e4;src_7b6c23e8a8bc;src_80c2f218c63e;src_81db91779a32;src_823a2e603a1b;src_849c35fe1190;src_86ee7435435d;src_89039232bcc4;src_8ab227ca3bb2;src_8d57759079bc;src_8dff5d796dcf;src_9d5a1eba6951;src_a2070fbe06b7;src_a9a1ed077b61;src_acae3be1fee9;src_ad6f4b5b4f18;src_b4e393e94ffb;src_b5b6bcf39d29;src_ba96bb0b90ff;src_bfb700e84c19;src_c9c76e3169fb;src_d6c8050e1fa5;src_d72202cb7a32;src_d9a36af48c5d;src_db46935788b3;src_dd0579bb408f;src_dd670a9c430e;src_de87f483b836;src_dea4b9362af5;src_dea6ba39600f;src_e4d93d192ea3;src_e5002a3a5e26;src_ea6c3e7142ef;src_ed266f67ef52;src_f043b45734a6;src_f1a9724318af;src_f4cc8925e433;src_f5b222ae4b62;src_f629182e8b52;src_f67cec306fa2;src_f93e2208bb6a;src_fac800026914;src_fc3984fde8b4;src_fe41893e710e,asap,CC BY-NC-SA 4.0;mixed
exp_f52b924519ab,Frédéric Chopin,Romantic,wrk_4faa2851f613,wrk_4faa2851f613,rec_dfd1dd419679,sources/asap-dataset/Chopin/Ballades/4/xml_score.musicxml,sources/asap-dataset/Chopin/Ballades/4/xml_score.musicxml,data/downloads/maestro-v2.0.0/2008/MIDI-Unprocessed_08_R1_2008_01-05_ORIG_MID--AUDIO_08_R1_2008_wav--4.wav,,data/canonical/alignment_events.csv,,1,242,musicxml,cpc_canonical_beat,licensed_for_research,complete_movement,,true,true,ready,cmp_be7f3d842db9,Ballades 4,scv_162d1ed17f49,prf_4937c99c5198,aln_d02b7be15bd2,source_recording,beat,source_provided_beat_annotations,source_exact,1.00,src_01b7ac476801;src_02ececd48261;src_038c2da2258a;src_053301e489c0;src_065cda58f717;src_068a42e89287;src_07200cc6e7db;src_08842af11bfb;src_08c2749e629e;src_0a3133dac0e6;src_0a5404bef3b7;src_0a5514437953;src_0ab2ecf00c2f;src_0f5597844d86;src_11689eec5d78;src_13a18353f4ab;src_189b006ec2b2;src_18a3d0b9ff87;src_18b42396a506;src_1a81a1eaac82;src_1cdd15cb0dd4;src_1f326738e9f0;src_20cc7389f28b;src_2293383c64b6;src_243183cf4408;src_2733553a05ad;src_2778fd2dcd12;src_287957576ee1;src_288eac53b5ce;src_2db64cc5200f;src_2e4136aee754;src_30ff574b1a35;src_3148e77dba2b;src_31657423e2c4;src_339c6176be59;src_33a98b9a89f8;src_39003cae4bc9;src_40afba40c883;src_420f29aa4431;src_49bdf1ee03a1;src_4f2e85e6ff8f;src_4f3dfe97617a;src_5287502f0a37;src_56044f92e98a;src_5697656acf79;src_585256ac4876;src_58bd71642b29;src_59b48092e37d;src_59cfc84c1d9f;src_5c8b697d7688;src_5e967256cc12;src_6129fbd83338;src_6269151c1e26;src_68a0c13d8522;src_69158baae80d;src_6a7e8a69848d;src_6fe57703c3af;src_71afe0ad0150;src_72a4936d8278;src_73d245cb6478;src_7532762b055e;src_757947c99b18;src_76e44a20cd47;src_779e50654ba5;src_77e8504c409e;src_77ec91f91ebd;src_781131892823;src_78ec6189d1d7;src_78f83be1320b;src_795939d00945;src_7a8f318d0dcf;src_7ad8e0dbb46c;src_7b24a444b4fd;src_7b475c36d00c;src_7d6f1ee561d1;src_82887586661b;src_83406586ec0a;src_89718e79a0cc;src_8ac13e32c820;src_8c1219f84c22;src_8c9191241ea6;src_9079e8da200a;src_927033c31afb;src_94f89676bb18;src_9ec4071341be;src_9ef7c676d189;src_9fa845f6b6f1;src_a0280a852bea;src_a3af66dbe94e;src_a44f4e436e69;src_a499454a23a0;src_a4ec8d79a52c;src_a58de6d0ecac;src_a68c81e5221f;src_a8cc107e5fce;src_a941bb921cd6;src_aa36c62c39b3;src_ab4c34c8b3bd;src_ab99c922085a;src_abb1fd406c52;src_b03c8274c7a3;src_b21045e81502;src_b783f011e6d3;src_b81e36429cad;src_b95036c90e5a;src_ba1d81552555;src_bf7553b3d381;src_c279de5bb839;src_c39953258134;src_c4d3a75fbd7e;src_c759c6732900;src_c98f9e63cb41;src_cea13fb3c9be;src_cfc55f3437d0;src_cff6291485e5;src_d0eb3f153ce0;src_d7023bdbe790;src_d716e170a059;src_d835f18adae9;src_da888c0baa1b;src_db12fbfb86e1;src_dbf2650ef99a;src_de44898526fa;src_dfda685c9c84;src_e00520458d2c;src_e3b4ddb93488;src_e481789c72fc;src_e516cdac5e54;src_e8b8ac770fe0;src_e907edd6bdb9;src_e909a392e587;src_eefee922fe62;src_f0e2b2dd09a8;src_f143523fb87b;src_f5209c23c509;src_f86f383213bb;src_f8976b9db1c7;src_f9654f0d33e3;src_fd8df38f7ec7;src_fdaf92ef0bd4;src_fe4850c5efe5;src_fe7f3141f486,asap,CC BY-NC-SA 4.0;mixed
exp_f7ce4c60f992,Frédéric Chopin,Romantic,wrk_ef4076dd461d,wrk_ef4076dd461d,rec_c87a93e18fa2,sources/asap-dataset/Chopin/Polonaises/53/midi_score.mid,,data/downloads/maestro-v2.0.0/2013/ORIG-MIDI_03_7_8_13_Group__MID--AUDIO_19_R2_2013_wav--4.wav,sources/asap-dataset/Chopin/Polonaises/53/midi_score.mid,data/canonical/alignment_events.csv,,1,181,mid,cpc_canonical_beat,licensed_for_research,complete_movement,,true,true,ready,cmp_f3d2a1986786,Polonaises 53,scv_4ec7b1b4e164,prf_16b1ad583b10,aln_a1ba6e458eb2,source_recording,beat,source_provided_beat_annotations,source_exact,1.00,src_045cc2d312c8;src_15c459e71324;src_24a42b821541;src_2dba6b42631c;src_350863c24a99;src_43114462b711;src_515b573220af;src_5262a6429879;src_5b3a738ef40c;src_5d658937e9d1;src_5efdd69dc5d6;src_646fd86813e8;src_6a251873e383;src_701d62ac8c4b;src_786c72328779;src_94f8f7382a70;src_995328ffbdb9;src_a2045ba809dc;src_a4b9d8b3b669;src_a85e036c6c91;src_a9092e176c6d;src_ac66c523b5fa;src_b72f558fcf73;src_bad3d4754910;src_bc83819f11c9;src_c1e6181ae4e0;src_c822f5a37c1f;src_d0ad6ccfac57;src_d257cccda99e;src_d636f7e399bf;src_d897c7212d9f;src_dce6e273efa2;src_df173a411e7f;src_e27b642c3d44;src_e8d77b743269;src_f269d7e809e4;src_faed116fc7a1,asap,CC BY-NC-SA 4.0;mixed
exp_f8b27cf4ef3d,Wolfgang Amadeus Mozart,Classical,wrk_73de062f35d4,wrk_73de062f35d4,rec_eb9d9640ecf2,sources/ACPAS-dataset/subset_S/Mozart/378_CPM_Sonata_No.13_Bb_major_KV_333_2/S_1510_CPM.mid,,data/derived/rendered_audio/fluidsynth-2.5.6-musescore-general-0.2-v1/rec_eb9d9640ecf2.wav,sources/ACPAS-dataset/subset_S/Mozart/378_CPM_Sonata_No.13_Bb_major_KV_333_2/S_1510_CPM.mid,data/canonical/alignment_events.csv,,1,163,mid,cpc_canonical_beat,licensed_for_research,complete_movement,,true,true,ready,cmp_0054edb621f3,Sonata No.13 Bb major KV 333 2,scv_3140e62ba249,prf_1fe03aaf52b6,aln_2d5b5f0d0441,synthetic_rendering,beat,source_provided_beat_annotations,source_exact,1.00,src_09ddae2f4214;src_0dd84cbd9470;src_23293e7b2772;src_26569807521e;src_373f19153118;src_59a002431968;src_68ef5b1f10a1;src_7146a6dc3dc9;src_8f56db2f60be;src_96cc09019a17;src_97388f0a409c;src_97755e45af75;src_98e80603d674;src_9df9ce16b33a;src_a5fc5a02e081;src_a80bc86a4c74;src_b89eec102a12;src_b90d70844fe1;src_c946c8405561;src_cd938bbe80d0;src_d6c71f0b4dba;src_d89e69abbceb;src_e11796bfecb0;src_f611bc3f7b9b;src_fe2f891c9f6b,cpc-rendered,MIT;derived audio; source MIDI terms apply; SoundFont MIT;mixed
exp_f8bfbb829976,Frédéric Chopin,Romantic,wrk_7c8a93c28dae,wrk_7c8a93c28dae,rec_effd986df77a,sources/asap-dataset/Chopin/Etudes_op_25/1/midi_score.mid,,data/downloads/maestro-v2.0.0/2013/ORIG-MIDI_03_7_6_13_Group__MID--AUDIO_10_R1_2013_wav--3.wav,sources/asap-dataset/Chopin/Etudes_op_25/1/midi_score.mid,data/canonical/alignment_events.csv,,1,50,mid,cpc_canonical_beat,licensed_for_research,complete_movement,,true,true,ready,cmp_3f53c3033d5f,Etudes op 25 1,scv_ff0a756883d8,prf_a5d2a50afa9e,aln_0a8ef9e92f27,source_recording,beat,source_provided_beat_annotations,source_exact,1.00,src_01ab2e85c531;src_02a27c7ff5d2;src_032fa374450b;src_0b6e2d439038;src_13984b20e23d;src_18d34d662b7a;src_1c83d9a6283d;src_238a7a364c5d;src_2449850a42e2;src_2677433224fa;src_271146b06578;src_28a636084a91;src_295f19fcc0cf;src_330df61039a7;src_3625515aaf3d;src_39d9f5f50e36;src_3a41479b82e6;src_3bac7d344627;src_4acade54b2b7;src_551b1974fc0f;src_5c17c15807b6;src_5d4b590c676c;src_5df5d8cfd483;src_612b194cb569;src_615d9e38c060;src_621a5e054078;src_6382115f872f;src_6836d946fe6c;src_6fe535208bb6;src_7271f108ffa1;src_7abd567484de;src_7cb69c485bdf;src_7e6e8dd834bd;src_83d5b4ce162a;src_851a2d28527a;src_85c621e0af26;src_87ebe077b197;src_88958884d9c9;src_9690e78bdc93;src_a18666ee22e7;src_a36b4928c100;src_a413b8030a4c;src_a45d70bcf29d;src_a798addab407;src_a881a277d38a;src_a8c2aa6e4f3d;src_a9d4e2d75821;src_ae34dd79266e;src_b11aabab6ba2;src_b1362bf38e70;src_b14c47341c76;src_b2148d7f6578;src_c1945a029b74;src_c8542ee8d088;src_caf5862eb95a;src_cb9b4caf3861;src_d4ee33f8de60;src_d728f12a7a69;src_daa0451a9f4c;src_de37c540117c;src_dee1e05255af;src_e664ce643193;src_e7df770b11a0;src_ec583a29ed2c;src_f8134cdef3be;src_f8190f4832bb;src_f8dedaee5a76;src_fb4b53b85e9f;src_fc0fbb553a7c;src_fd9504e6233c;src_fd96085cb946;src_fe0c57127f38,asap,CC BY-NC-SA 4.0;mixed
exp_f9b3897edca5,Wolfgang Amadeus Mozart,Classical,wrk_16208b873f55,wrk_16208b873f55,rec_1be7357ac69a,sources/ACPAS-dataset/subset_S/Mozart/386_ASAP_Piano_Sonatas_8-1/ASAP_8-1.mid,,data/derived/rendered_audio/fluidsynth-2.5.6-musescore-general-0.2-v1/rec_1be7357ac69a.wav,sources/ACPAS-dataset/subset_S/Mozart/386_ASAP_Piano_Sonatas_8-1/ASAP_8-1.mid,data/canonical/alignment_events.csv,,1,133,mid,cpc_canonical_beat,licensed_for_research,complete_movement,,true,true,ready,cmp_fef1cb83d033,Piano Sonatas 8-1,scv_e800c11bc3c7,prf_b3bea2e5b6b1,aln_0bd63e370092,synthetic_rendering,beat,source_provided_beat_annotations,source_exact,1.00,src_00a034d80378;src_02351c287cce;src_0959f7f0c921;src_0c5b459f3713;src_120b85d303a3;src_12ac25a9c7d0;src_133fdd89d752;src_1495fd782897;src_1736c0a3ec30;src_1bfba426e3b5;src_1f601191f854;src_20272ab6e36a;src_2030b845ba85;src_2309bfc3c6e7;src_266b4a8f2871;src_2801af45cdb9;src_311cc910ec9c;src_35dc9a227b9d;src_37bb36627b0a;src_38b76ad6d621;src_39888cae09c0;src_3bb556ce074c;src_4335e7ba518b;src_455287f24eaa;src_46ea18ccd982;src_479d2731f25a;src_4974f6228fc1;src_4bb84f052046;src_5382eb64bc78;src_55b5558dc332;src_5dc6eea1d153;src_6e4e2af83481;src_70c832462968;src_76d67f0ab033;src_8146ea358c72;src_8636358d19c6;src_901fd94d7cbe;src_93a7d93d653b;src_958e85443ca9;src_98e80603d674;src_a5055e4ad044;src_a52f8efce7e9;src_a80bc86a4c74;src_abdb8cb63de8;src_adaecf4c039d;src_ceafeec6e80b;src_d5ecb237c645;src_d70d4ac7f1d1;src_d9d6678516c9;src_da251a703348;src_ddb68c27212e;src_e64c5f847c93;src_f170e550391c;src_f772fe35a149,cpc-rendered,CC BY-NC-SA 4.0;MIT;derived audio; source MIDI terms apply; SoundFont MIT;mixed
exp_f9e00bf4b045,Frédéric Chopin,Romantic,wrk_2ea4ae59ea14,wrk_2ea4ae59ea14,rec_41c93e82eddd,sources/asap-dataset/Chopin/Etudes_op_10/4/xml_score.musicxml,sources/asap-dataset/Chopin/Etudes_op_10/4/xml_score.musicxml,data/downloads/maestro-v2.0.0/2011/MIDI-Unprocessed_18_R1_2011_MID--AUDIO_R1-D7_09_Track09_wav.wav,,data/canonical/alignment_events.csv,,1,83,musicxml,cpc_canonical_beat,licensed_for_research,complete_movement,,true,true,ready,cmp_3840f26af604,Etudes op 10 4,scv_828c93ba4c1e,prf_062a109c4ef2,aln_b63b5cae275a,source_recording,beat,source_provided_beat_annotations,source_exact,1.00,src_00435d154e8e;src_00493e711d06;src_02d5f448e252;src_06661b8a0af2;src_074098c68b87;src_08d3d01fb869;src_0bb476b5b453;src_0bee72ecedb1;src_0e8411e873d7;src_0f6994d36e3c;src_133c0b50fe48;src_142e62f5af0e;src_1568a1206855;src_175bf20b0beb;src_18fcd5845910;src_1a8e7c4c3ae7;src_1ab40fcf30b2;src_1b1c0b6fb982;src_1b81d7198d7c;src_1e61197f7f3b;src_1e92e6c4aa44;src_1fb68ddeb4e7;src_22abd18cd1e7;src_23fbf1d7152c;src_24accc41700e;src_25be3551181a;src_25f3f1cfdfe6;src_260ff8936ac1;src_27091cb2b7c1;src_2a9c97c6263e;src_2ac16978e6f1;src_2bf3b5d35c6a;src_2e04a5aaf970;src_2eb90af37b6d;src_2f568fc374a7;src_301883723571;src_315b19b0a72c;src_319948a6ee86;src_31fc3ead56c3;src_3203be84752d;src_363b658499bb;src_36434f9715d0;src_39c8ed66d683;src_3ac1fa0c9463;src_3e0134e92264;src_3ee5897a59f8;src_40ecf364b7dd;src_43b0fb9c4a91;src_43bc146ebb76;src_45622a59eed8;src_46af1c2989f5;src_48b69c87e5f6;src_49c19bd547fd;src_4b12f6fb0dfb;src_4b17aa1b6659;src_4d23ffbe64d3;src_4dd63d710066;src_4f01e6ad10b1;src_50c9596611aa;src_517e5cd89b51;src_52dde52a34ed;src_53746fe22635;src_5433fff9f958;src_546bc53839d0;src_546fb58f0e79;src_54958adef32c;src_56ebe5323c91;src_574a22f2a78e;src_584252941fc5;src_599738ef8f07;src_59d344ed4a31;src_5a0df20488a4;src_5ab73682c4c1;src_5c52a40481f6;src_5c5ca63bac97;src_5ffd3d804cdc;src_614231554a72;src_62bd7a5da2a0;src_64deedb2002e;src_66b5ae995323;src_66dd8490f08f;src_68a5d4edcf17;src_68cc0e1f735e;src_712f757a8898;src_71516b3eb864;src_71a33f189040;src_722a5a46897b;src_72740c399dac;src_7296f0509261;src_72df3fcf6a78;src_73e6ef81c38d;src_7517776f1a48;src_76817c986ecf;src_77b937613ab9;src_79208e685b4e;src_79a659586b70;src_7a8ff5d1ee58;src_7ba6c5115038;src_7d797ed95ab0;src_7f0479e52676;src_7f84f882bab0;src_80bc2719d6f2;src_818313d9c6ef;src_819e473011cb;src_8436ecdf80bb;src_84cede3136f0;src_85561b46e4ac;src_88a78fba425c;src_88f456185e42;src_88fb456b207b;src_890db1098a74;src_8932adaef3db;src_8accf80be009;src_8beae127cb2e;src_8c69cedc9552;src_8d1421f7c6d5;src_8e0f31f5c660;src_8e68636225be;src_90b77a2440b9;src_91510879e4f3;src_93c7e1341dd0;src_93d7378bf0b8;src_943bf152a149;src_94aa636b5b62;src_96267656faf4;src_96567c396e1d;src_966dc4721014;src_9670cb76f632;src_967c0d91894f;src_983daf52931d;src_9be8a2c5c60f;src_9cb41b6fc217;src_9da8a8ae9ef1;src_9ec72286206e;src_9f1cf138ee42;src_a04ebe63c80b;src_a41b4d5ead6f;src_a514af7d8a2a;src_a65dc5011930;src_a7665abb2178;src_a7e0cd1ec2d6;src_a831131fa8bd;src_a96d16500d3a;src_aa09b1ed01f3;src_aa7124c0fbf6;src_aac33758e112;src_ac75d76cf9b7;src_ac9571007754;src_ae0809a8c3c8;src_af2e4edae436;src_af5b9ef2e611;src_b0ff2ce14afe;src_b2f1ee6182b7;src_b440731d0e5c;src_b444849616c4;src_b45722bf9d36;src_b59cf9da73a2;src_b71321f5af8c;src_b7c4c58b5eda;src_b8b17b66730d;src_b8d4799103b0;src_bc0024852ba7;src_bdd09519724a;src_be5eeb31d7ee;src_be789afd4ed9;src_bee0aea3f3ac;src_bf72b993ddb8;src_c0eadba0e5dc;src_c167a56c87fe;src_c19195c14130;src_c1eddaecccf6;src_c27b43bfc925;src_c2d0a26e50b7;src_c32991d3213b;src_c523603361fd;src_c9d66e884e9f;src_cb8b1b94e443;src_cc97c188fdf8;src_ccead01ae2c8;src_ce9f765d92fe;src_cfdd3b4360f0;src_d08790730873;src_d120954538f3;src_d241690bee53;src_d394125bf16d;src_d50de97ae7a2;src_d70d1a85c779;src_d8defb8b6812;src_dae18a78f4a1;src_dc35f738ea75;src_dc4be58cf824;src_de496ed6d4d3;src_deedd6b985e0;src_e0f596b7bc08;src_e11723d1127f;src_e1276e6d1733;src_e159e5d150a4;src_e3022ae1a44d;src_e39ba0db8f7b;src_e3bf1b01f721;src_e44308f8330d;src_e53d853a3cab;src_e5bcc2023b0d;src_e7f423e3cd53;src_e82bf45d3171;src_ea08f8a7b770;src_ea31f1942ff1;src_eac2e58d066d;src_ec84238ee412;src_ec9d66968101;src_ee5176015da6;src_ef521e81b719;src_f58748654ad8;src_f59850e84dd5;src_f60ba7fcde2b;src_f6b3d1da4934;src_f71cf5923d91;src_f8549196f39c;src_f9b1fac75d23;src_fa64efb924ef;src_fc1e8cf023fa;src_fc226cb27a46;src_fca5df633f7d;src_fd24d379b6d4;src_fe4bb24e7485;src_ff07dae714ff,asap,CC BY-NC-SA 4.0;mixed
exp_fab2c48c5678,Frédéric Chopin,Romantic,wrk_2dba713813f1,wrk_2dba713813f1,rec_0a91b8b803e7,sources/asap-dataset/Chopin/Scherzos/31/midi_score.mid,,data/downloads/maestro-v2.0.0/2008/MIDI-Unprocessed_10_R1_2008_01-04_ORIG_MID--AUDIO_10_R1_2008_wav--3.wav,sources/asap-dataset/Chopin/Scherzos/31/midi_score.mid,data/canonical/alignment_events.csv,,1,780,mid,cpc_canonical_beat,licensed_for_research,complete_movement,,true,true,ready,cmp_4fade9260416,Scherzos 31,scv_e60623ce59c0,prf_a4a59346e45b,aln_7c37852b6e95,source_recording,beat,source_provided_beat_annotations,source_exact,1.00,src_006c839a80ea;src_03ec7fb9092f;src_08134f626795;src_08e670c23d34;src_0b72c15addfc;src_0bc1fe84af4a;src_0dd11732e425;src_0de8ac2c8599;src_0e645eceece1;src_10216435519e;src_12ab227cb34c;src_138362adddcc;src_14c2683c4513;src_14d189b77f6d;src_154ebb60d6f5;src_1790fe670e03;src_1a9b66ff8c11;src_1b9267d8f580;src_1df244266d31;src_2045dfef6313;src_2155a88bcac7;src_22f872c756fb;src_24b52b2550ed;src_257509ed30ce;src_2697395bb90b;src_2941af989b7a;src_2a41a71b037b;src_2bfe1367fa4c;src_2c721d5823c0;src_2e4cea999436;src_2f2baef5f837;src_306784351627;src_3720177a070c;src_381c1815b9fd;src_38cf01742654;src_3977569a818b;src_3aa959d83570;src_3c623434f0cb;src_3e2b714e90e2;src_3fed61a3c179;src_42fff87e78ee;src_432ba7627149;src_45d579dddcc7;src_4867c43d87ac;src_4894f57f1e0d;src_48af8ece423c;src_4b09869d8f59;src_4d2af982e022;src_4e226bb1d5e0;src_4ece58d294e6;src_4f57168c8a61;src_50610cfb75e2;src_526fb353580e;src_533c262d36d8;src_534397905719;src_5432f36db989;src_54c8541a49b9;src_564dbf2b0b7b;src_58166fd764cc;src_5895a19e2275;src_5af8a4700c33;src_5b87e9a003f5;src_5ba9446f5ade;src_60a6cd80c5de;src_60fcad5eaf59;src_64810fc38756;src_64f52ae94b8e;src_6516c808d60b;src_692f3b741b24;src_6b6a3431c666;src_6b8ed8c853cc;src_6beaa5b745af;src_6e37149a3e76;src_71461211c7d2;src_722d73269a95;src_729431c61f4b;src_72e63fbbb92b;src_7300493c7fd1;src_7304bb751c4c;src_74c11e6f192d;src_7987bf888a1e;src_7ba2aefcdb1f;src_7e8c5df43048;src_7ff138bcccab;src_814bbb422235;src_867532b5b031;src_87ec9ed6d64f;src_88f7d0aec04e;src_89aa3aea0d3e;src_8c66bdabd602;src_8d7ad4dab8a3;src_8f44534f098d;src_8f60608fccdc;src_91ced24f2e96;src_926302821870;src_936f10781a02;src_96a7deb336de;src_97cce262d259;src_98f719dced96;src_9a7257ae1b31;src_9adb5f5e3832;src_9dd276267da2;src_a2c9d3bac2b4;src_a399d487b701;src_a3ccc4e39419;src_a46c4fea6fdb;src_a48c2c298d22;src_a66a981e9a0d;src_ac126b2eb8ff;src_ac764ad03507;src_af3d62b60ee6;src_b1ca61d09313;src_b2eb510e1015;src_b30f3a46d9de;src_b5193a49f80f;src_b5fa21a0069d;src_b6d96a177074;src_b717036bdff2;src_b737eeddc19b;src_ba1fbeaec487;src_bc52bc0d513d;src_c1b1c5d55de7;src_c1d294de8f4b;src_c57bfd32e89a;src_c5e7f534504f;src_c64723536af8;src_c6c9fe8d00ca;src_c72bffb14df2;src_c79b85f3a1bb;src_c90c9a180971;src_cca667697101;src_cd9d1d4dc41b;src_ce53fcca9859;src_ce65f42219d6;src_ce7979f711b0;src_ce81b5d116da;src_cf55a418092c;src_d16ae8fe4a03;src_d4031242fadc;src_d6bfd3c9e23e;src_d75bc1c20019;src_d87ad2691f42;src_d9e86a5dd044;src_dabc69505eb5;src_dc3a8d8f3f0a;src_dfe223d7f6af;src_e1ab36671867;src_e275c071d331;src_e77359a112b4;src_e818678be8c0;src_ea723e07821a;src_f1096d55bc87;src_f1f6ba1d1f97;src_f3a4a4ad2b15;src_f4fa56d49a32;src_f5e5dc0427d6;src_f668cdd75351;src_f80172d9a37f;src_f844561cb65f;src_f97f6ebc8fa0;src_fc4fe9e1037e;src_fe8cb323dd18;src_fe97db8a4888,asap,CC BY-NC-SA 4.0;mixed
exp_fcb815dd7e02,Frédéric Chopin,Romantic,wrk_606fee96925f,wrk_606fee96925f,rec_4f60458167e8,sources/asap-dataset/Chopin/Etudes_op_10/8/midi_score.mid,,data/downloads/maestro-v2.0.0/2014/MIDI-UNPROCESSED_16-18_R1_2014_MID--AUDIO_18_R1_2014_wav--3.wav,sources/asap-dataset/Chopin/Etudes_op_10/8/midi_score.mid,data/canonical/alignment_events.csv,,1,96,mid,cpc_canonical_beat,licensed_for_research,complete_movement,,true,true,ready,cmp_fe9c731c2d2e,Etudes op 10 8,scv_f0f703f3e9b9,prf_e44e82b6d5b5,aln_56e170137b25,source_recording,beat,source_provided_beat_annotations,source_exact,1.00,src_00fb2ab1f099;src_02b7ae40da98;src_038c4a50ebfa;src_05d94747641a;src_072ef64e1663;src_085e3744b85d;src_089f94e75645;src_090082af5269;src_099dda31de0a;src_0b46c4fdda35;src_0bb7a0d0ce99;src_0bda4d1b489f;src_0c46d9e72591;src_0c8cdeb310b2;src_0df6a20b7416;src_0eef7d0d4c3e;src_0fe3629fa37b;src_10240904eb54;src_110ed238b9fe;src_11b576871983;src_1278647ae551;src_12d07b73b62f;src_138018434599;src_16cace67cbae;src_17f1725162ff;src_17f7fd7ad6a5;src_1828da8e6e09;src_182e3e29ca8e;src_183bbd01ff2c;src_1879919033b6;src_18d85268ba31;src_1be798941779;src_1c2e01c00e5e;src_1ce0325457b3;src_1d5967a7cc33;src_1f94413366e4;src_2049593e2719;src_216270244598;src_2197042a7721;src_235b3fc7f290;src_268d5b1f4c8c;src_28acd7791147;src_29812e6e0665;src_298c0dd9e190;src_2a3af8a60840;src_2ab70c5bc726;src_2c654890aa0c;src_2ccec1099c0a;src_2dcc0164e6c6;src_2ec1d1c52749;src_2fe77c3ee703;src_310c8946e093;src_3196bb3c22cd;src_31ceac59dd8a;src_31cecb90bb80;src_33a26205e123;src_3432824105f4;src_365516aad317;src_36dd5502594d;src_37ad9e2cc9fa;src_37b665b42cc3;src_37e312b46957;src_37ffc5e33f82;src_39265cdb4ffb;src_3aa9ca48d031;src_3ad21c47a6f5;src_3b5f415cc619;src_3d3ced5a9495;src_3f6c2f62d2da;src_441753383ab0;src_44ae43783277;src_44f53230b8df;src_44fbfe6b8a57;src_45f7160c4622;src_468e514fb98d;src_46f1aed7e95d;src_4a2a6e18ccd9;src_4b95644f95f3;src_4dba99b9caea;src_4e9f93e7d6b7;src_50b3f7848081;src_5144c02197a7;src_5169667dbe48;src_54da0eedec54;src_5540d8243860;src_5562a5b0d1af;src_58afec9d79f9;src_5ae1a930a2e3;src_5af9d3ded6a7;src_5bd2f6a05515;src_5bdfcbc128a2;src_5d3225323b5c;src_5d6ea3c0d41f;src_5fba218de0df;src_618f0b052897;src_618f5445c761;src_6474c1717933;src_66974f90b4cb;src_670e0fd3f309;src_67cab02b53b8;src_67f88a79e215;src_6b3da2e4154d;src_6c2e534d55a6;src_6c5eec5d077c;src_6df323b447d4;src_6f3ac011f3ba;src_708abc36ec1c;src_70946139805c;src_712e80a4912e;src_7226c7750c68;src_72475bd874f2;src_72668957b68c;src_75397e9b7c2d;src_758cf9b10aea;src_7645230df260;src_776fe98fd5c0;src_783f293d08ca;src_78e1b998f186;src_79dd36d9e241;src_7ace75a5b669;src_7c3e863462fd;src_7c6ed992a322;src_7d2902f1c449;src_7e67fd68c879;src_7e73baf5f983;src_7fca3cdcf74d;src_8161ddedf130;src_81896e947563;src_81eb9e0bcd25;src_821d22f222c6;src_82823d1aa8b3;src_8326f3673c5f;src_8603cd9e82a0;src_8631816ea650;src_8b8ba665556d;src_8c468ec2b465;src_8c58053492eb;src_8d63b87b11b4;src_8de8b1cac623;src_8f9f6c8e9578;src_914fc2161264;src_91af059a8182;src_924e77da85ce;src_925aadfa3878;src_92690bc54d1d;src_932eb5cee157;src_94153027dcfe;src_9751eefc3d18;src_97845f4c5e3a;src_983cfca2562c;src_99587d3d8423;src_99dd350b336f;src_9a94be92b38e;src_9adb3c6219a2;src_9b3dbbf781a3;src_9d6178dfbc9c;src_9f6fbb27a9b5;src_a1621a69a473;src_a27d1b64bd60;src_a584c6da4f16;src_a5bd7d7c4018;src_a5e1ad2eee2e;src_a7c819ad4c06;src_a800e70517cc;src_a835d5f69722;src_a98b9021d738;src_a9d1c560faf3;src_ac170020d68c;src_ac3ebc613a32;src_ae0c9a91cec6;src_aed303f82311;src_af5fe9a07505;src_b0a0a97d1d1a;src_b0b1d748bfd3;src_b1c8ce9ef83e;src_b2ac53a90fee;src_b33f556e5b8f;src_b35ed6446371;src_b3ca864103cf;src_b4e9ff3644d5;src_b5751dcf04ae;src_b603a774d99f;src_b6c3419e33df;src_b7ecd6999f12;src_b8c849717b40;src_b9f9d42e248f;src_ba2385ad8ae5;src_bf860b344422;src_c1915c1312bc;src_c1e2273a12b2;src_c1f0228fc509;src_c20416ad0e21;src_c243ae24d9e1;src_c27eebafcd6f;src_c37e4406d4c2;src_c46e81e83019;src_c5f9461232bc;src_c64eed48d007;src_c68548cacb36;src_c7dfdcd9c7a9;src_c84351594900;src_c8a00245560b;src_ca6c3fd7e6e9;src_cc1b212d6cfa;src_cd51bea977cc;src_cdfcc266d00b;src_ce38e8712eb4;src_cfcd724cf447;src_d105f75c9ad4;src_d1e165960c84;src_d7656efd4e64;src_d871d3889087;src_d959d1305423;src_d97d95a978d3;src_dc4defe14af3;src_dc7ddc962aaa;src_dd3688ce642d;src_dd6ec7547419;src_de537c075522;src_df808a66434f;src_dfb450f02894;src_e0449913f2be;src_e069271508b5;src_e12437d1d52a;src_e2f1be47d58f;src_e2f2981c9653;src_e388b2070915;src_e46b3344c145;src_e471e84ea415;src_e54f117eaca1;src_e5ed3f9a448a;src_e6021dfd43c3;src_ea710362b6a0;src_ec911df903b5;src_ece931201587;src_ed2fd6bdbf59;src_ef17f0b1d558;src_ef348b3b1e1b;src_ef3e3d245fdf;src_ef517a789d29;src_efc0b4491cb8;src_f06c135195de;src_f2fa37dc5ab6;src_f4192f8dba4b;src_f52cfd4d1398;src_f6a92ff2070a;src_f6cd7caffb33;src_f6f9a816a94b;src_face2fbc6a9e;src_fc40231c51e7;src_fcde41ded186;src_fd7695e78070;src_ff56764aedac;src_fff8413d4a07,asap,CC BY-NC-SA 4.0;mixed
exp_feee2c188a03,Frédéric Chopin,Romantic,wrk_9fb2db5f520d,wrk_9fb2db5f520d,rec_c0ed159b0416,sources/asap-dataset/Chopin/Barcarolle/midi_score.mid,,data/downloads/maestro-v2.0.0/2006/MIDI-Unprocessed_13_R1_2006_01-06_ORIG_MID--AUDIO_13_R1_2006_06_Track06_wav.wav,sources/asap-dataset/Chopin/Barcarolle/midi_score.mid,data/canonical/alignment_events.csv,,1,116,mid,cpc_canonical_beat,licensed_for_research,complete_movement,,true,true,ready,cmp_ccd7dd49c8be,Barcarolle,scv_6c00bca6f68d,prf_724361aea762,aln_231cea712530,source_recording,beat,source_provided_beat_annotations,source_exact,1.00,src_00bc0a983c65;src_02079f7f9b3a;src_0279d316bf30;src_0ceb0ce7deaa;src_1281873d0da6;src_12ee54737b0f;src_15a9eb410287;src_16cd034abf72;src_1823b51fb262;src_18a077e871d3;src_191a918788c6;src_1b52bf991ea0;src_1b6dcf8ab6e0;src_1d3d4dd44df7;src_1e3c622f99f4;src_1ecb8c13e5f6;src_2318c3b53dbe;src_2375b4e35968;src_24fa2cc99e18;src_26239b38b946;src_2659e8dd41af;src_284f89854fdc;src_29f2a3fd9bc5;src_2bdcc1f1f832;src_2ed7914b23cf;src_3058d009838f;src_32876c5f8b40;src_33707ae06e71;src_38c26682fe2c;src_3c36d0f18899;src_3cc364ea974b;src_3fd043377d5c;src_44738b05b6f7;src_47446933f4ce;src_4a9170a08027;src_4d95da17eca7;src_4eebdf97fddc;src_4f4e586ece4b;src_5a355f3215bc;src_5fb30624b8b8;src_659de6a045a9;src_66f0da1f2040;src_698d389cb1c0;src_6a41cb54ea8d;src_6c7c5e97b89a;src_6dd3efb6d20f;src_6de70e5bf1cc;src_6f364965f12f;src_704ab8321aa6;src_7110bd677d95;src_71a82d6c811b;src_748d4a8352fe;src_78ed826800ac;src_79ec5ff025b9;src_7b62c2d64ff7;src_7dcfa728cd20;src_7ff36cba597e;src_8335dd2a476d;src_835c2ccb3507;src_849d0ad7bf15;src_89eb0aba2317;src_8a678ebc3c21;src_8b13e3f1cb46;src_929037aa79e9;src_955f303b0ff2;src_99971f7fad8d;src_a48a9ca27951;src_a5fb46090c7b;src_a646de7398bb;src_a7126db912c6;src_a792af9cdc3a;src_a7b68c3f0e74;src_a911cb23bfed;src_a913066f4fd8;src_aa36d5f9755c;src_afc1cd16db52;src_b07f5a48fb7a;src_b4f16cc75913;src_b79832df97e8;src_b93a662ebee2;src_bbb8f5eaed7e;src_bcf17d76a1c9;src_bf42604fd477;src_c062cd8a5ad1;src_c1793ed938e8;src_c230eb157033;src_c40fe159303d;src_c45d7273d93d;src_c4ba7df2a67b;src_c4e308ba49c2;src_ccee3dfb49c9;src_cf467a55e1cc;src_d2c188c1c8b4;src_d66ea7efb5f2;src_d8eb640201a5;src_ddb3e6401b55;src_e7103b03c624;src_e7ebae0e4c43;src_efb5f2e82137;src_f23ed59af74d;src_f4a6711293fa;src_f56d8da9a4a1;src_f5cf50a7a1e3;src_f7e9d1379794;src_fa596b01b9ba;src_faf17f5b627f;src_fde4094398d6,asap,CC BY-NC-SA 4.0;mixed
exp_ff73d44804bc,Frédéric Chopin,Romantic,wrk_606fee96925f,wrk_606fee96925f,rec_0181d79fbd62,sources/asap-dataset/Chopin/Etudes_op_10/8/midi_score.mid,,data/downloads/maestro-v2.0.0/2015/MIDI-Unprocessed_R1_D1-9-12_mid--AUDIO-from_mp3_09_R1_2015_wav--3.wav,sources/asap-dataset/Chopin/Etudes_op_10/8/midi_score.mid,data/canonical/alignment_events.csv,,1,96,mid,cpc_canonical_beat,licensed_for_research,complete_movement,,true,true,ready,cmp_fe9c731c2d2e,Etudes op 10 8,scv_f0f703f3e9b9,prf_01fed4248096,aln_451c76b57e7b,source_recording,beat,source_provided_beat_annotations,source_exact,1.00,src_00fb2ab1f099;src_02b7ae40da98;src_038c4a50ebfa;src_05d94747641a;src_072ef64e1663;src_085e3744b85d;src_089f94e75645;src_090082af5269;src_099dda31de0a;src_0b46c4fdda35;src_0bb7a0d0ce99;src_0bda4d1b489f;src_0c46d9e72591;src_0c8cdeb310b2;src_0df6a20b7416;src_0eef7d0d4c3e;src_0fe3629fa37b;src_10240904eb54;src_110ed238b9fe;src_11b576871983;src_1278647ae551;src_12d07b73b62f;src_138018434599;src_16cace67cbae;src_17f1725162ff;src_17f7fd7ad6a5;src_1828da8e6e09;src_182e3e29ca8e;src_183bbd01ff2c;src_1879919033b6;src_18d85268ba31;src_1be798941779;src_1c2e01c00e5e;src_1ce0325457b3;src_1d5967a7cc33;src_1f94413366e4;src_2049593e2719;src_216270244598;src_2197042a7721;src_235b3fc7f290;src_268d5b1f4c8c;src_28acd7791147;src_29812e6e0665;src_298c0dd9e190;src_2a3af8a60840;src_2ab70c5bc726;src_2c654890aa0c;src_2ccec1099c0a;src_2dcc0164e6c6;src_2ec1d1c52749;src_2fe77c3ee703;src_310c8946e093;src_3196bb3c22cd;src_31ceac59dd8a;src_31cecb90bb80;src_33a26205e123;src_3432824105f4;src_365516aad317;src_36dd5502594d;src_37ad9e2cc9fa;src_37b665b42cc3;src_37e312b46957;src_37ffc5e33f82;src_39265cdb4ffb;src_3aa9ca48d031;src_3ad21c47a6f5;src_3b5f415cc619;src_3d3ced5a9495;src_3f6c2f62d2da;src_441753383ab0;src_44ae43783277;src_44f53230b8df;src_44fbfe6b8a57;src_45f7160c4622;src_468e514fb98d;src_46f1aed7e95d;src_4a2a6e18ccd9;src_4b95644f95f3;src_4dba99b9caea;src_4e9f93e7d6b7;src_50b3f7848081;src_5144c02197a7;src_5169667dbe48;src_54da0eedec54;src_5540d8243860;src_5562a5b0d1af;src_58afec9d79f9;src_5ae1a930a2e3;src_5af9d3ded6a7;src_5bd2f6a05515;src_5bdfcbc128a2;src_5d3225323b5c;src_5d6ea3c0d41f;src_5fba218de0df;src_618f0b052897;src_618f5445c761;src_6474c1717933;src_66974f90b4cb;src_670e0fd3f309;src_67cab02b53b8;src_67f88a79e215;src_6b3da2e4154d;src_6c2e534d55a6;src_6c5eec5d077c;src_6df323b447d4;src_6f3ac011f3ba;src_708abc36ec1c;src_70946139805c;src_712e80a4912e;src_7226c7750c68;src_72475bd874f2;src_72668957b68c;src_75397e9b7c2d;src_758cf9b10aea;src_7645230df260;src_776fe98fd5c0;src_783f293d08ca;src_78e1b998f186;src_79dd36d9e241;src_7ace75a5b669;src_7c3e863462fd;src_7c6ed992a322;src_7d2902f1c449;src_7e67fd68c879;src_7e73baf5f983;src_7fca3cdcf74d;src_8161ddedf130;src_81896e947563;src_81eb9e0bcd25;src_821d22f222c6;src_82823d1aa8b3;src_8326f3673c5f;src_8603cd9e82a0;src_8631816ea650;src_8b8ba665556d;src_8c468ec2b465;src_8c58053492eb;src_8d63b87b11b4;src_8de8b1cac623;src_8f9f6c8e9578;src_914fc2161264;src_91af059a8182;src_924e77da85ce;src_925aadfa3878;src_92690bc54d1d;src_932eb5cee157;src_94153027dcfe;src_9751eefc3d18;src_97845f4c5e3a;src_983cfca2562c;src_99587d3d8423;src_99dd350b336f;src_9a94be92b38e;src_9adb3c6219a2;src_9b3dbbf781a3;src_9d6178dfbc9c;src_9f6fbb27a9b5;src_a1621a69a473;src_a27d1b64bd60;src_a584c6da4f16;src_a5bd7d7c4018;src_a5e1ad2eee2e;src_a7c819ad4c06;src_a800e70517cc;src_a835d5f69722;src_a98b9021d738;src_a9d1c560faf3;src_ac170020d68c;src_ac3ebc613a32;src_ae0c9a91cec6;src_aed303f82311;src_af5fe9a07505;src_b0a0a97d1d1a;src_b0b1d748bfd3;src_b1c8ce9ef83e;src_b2ac53a90fee;src_b33f556e5b8f;src_b35ed6446371;src_b3ca864103cf;src_b4e9ff3644d5;src_b5751dcf04ae;src_b603a774d99f;src_b6c3419e33df;src_b7ecd6999f12;src_b8c849717b40;src_b9f9d42e248f;src_ba2385ad8ae5;src_bf860b344422;src_c1915c1312bc;src_c1e2273a12b2;src_c1f0228fc509;src_c20416ad0e21;src_c243ae24d9e1;src_c27eebafcd6f;src_c37e4406d4c2;src_c46e81e83019;src_c5f9461232bc;src_c64eed48d007;src_c68548cacb36;src_c7dfdcd9c7a9;src_c84351594900;src_c8a00245560b;src_ca6c3fd7e6e9;src_cc1b212d6cfa;src_cd51bea977cc;src_cdfcc266d00b;src_ce38e8712eb4;src_cfcd724cf447;src_d105f75c9ad4;src_d1e165960c84;src_d7656efd4e64;src_d871d3889087;src_d959d1305423;src_d97d95a978d3;src_dc4defe14af3;src_dc7ddc962aaa;src_dd3688ce642d;src_dd6ec7547419;src_de537c075522;src_df808a66434f;src_dfb450f02894;src_e0449913f2be;src_e069271508b5;src_e12437d1d52a;src_e2f1be47d58f;src_e2f2981c9653;src_e388b2070915;src_e46b3344c145;src_e471e84ea415;src_e54f117eaca1;src_e5ed3f9a448a;src_e6021dfd43c3;src_ea710362b6a0;src_ec911df903b5;src_ece931201587;src_ed2fd6bdbf59;src_ef17f0b1d558;src_ef348b3b1e1b;src_ef3e3d245fdf;src_ef517a789d29;src_efc0b4491cb8;src_f06c135195de;src_f2fa37dc5ab6;src_f4192f8dba4b;src_f52cfd4d1398;src_f6a92ff2070a;src_f6cd7caffb33;src_f6f9a816a94b;src_face2fbc6a9e;src_fc40231c51e7;src_fcde41ded186;src_fd7695e78070;src_ff56764aedac;src_fff8413d4a07,asap,CC BY-NC-SA 4.0;mixed
